component_id,lot_id,component_type,parameter,unit,datasheet_min,datasheet_max,failure_mode,parameter_value_0h,parameter_value_24h,parameter_value_96h,parameter_value_168h,lot_median_0h,lot_median_24h,lot_median_96h,lot_median_168h,lot_mad_0h,lot_mad_24h,lot_mad_96h,lot_mad_168h,robust_z_0h,robust_z_24h,robust_z_96h,robust_z_168h,early_drift_24h,early_pct_drift_24h,early_slope_per_h,predicted_168h_linear,actual_168h,observed_drift_168h,observed_slope_per_h,learned_safety_slope_95p,slope_excess_vs_safety,early_robust_z_max,anomaly_label_early,anomaly_score,future_failure_label_168h,risk_level_168h,qa_recommendation,explanation,split,z_final,robust_z_final,iqr_flag_final,percentile_dev_final,iso_forest_score,population_anomaly_score,population_flag,temporal_anomaly_score,temporal_flag,slope,acceleration,n_abnormal_jumps,pct_change,abs_change,std_val,iso_forest_temporal_score,spec_violation,spec_proximity,specification_score,final_anomaly_score,risk_level,case_classification,datasheet_status,ai_status,ai_reasons
FPGA_0001,LOT_A01,FPGA,Leakage Current (µA),µA,0.0,50.0,accelerating_drift,10.417137,13.278739,25.804767,40.716318,10.404641,11.285488,14.54341,17.83988,0.2359620000000006,0.1667780000000007,0.1187509999999996,0.6050269999999998,0.0357194655513169,8.061191409043616,63.9630928216781,25.502904896375284,2.8616019999999995,27.47013886828981,0.1192334166666666,30.448351,40.716318,30.299181,0.1803522678571428,0.0541056717261904,0.1262465961309524,8.061191409043616,1,100.0,1,CRITICAL,QA REVIEW,Lot-level outlier; Abnormal early drift; Drift above learned safety slope,train,1.9929124992500264,25.502904896375284,1,1.0,0.0,0.7000000000000001,1,0.30146736589165724,1,0.18175159722222223,0.0878714583333334,0,290.8590047342182,30.299181,11.976760737877154,0.0,0,0.62865272,0.62865272,0.526317490356663,WARNING,HIGH_RISK_COMPONENT,PASS,ANOMALOUS,Leakage Current (µA) is 25.5σ above/below the lot median (robust z-score) | Leakage Current (µA) changed 291% during burn-in (0h→168h) | Degradation rate is accelerating (late-stage slope differs from early-stage slope) | Measurement is approaching the datasheet limit
FPGA_0005,LOT_A01,FPGA,Leakage Current (µA),µA,0.0,50.0,healthy,10.071377,11.11871,14.61832,17.83988,10.404641,11.285488,14.54341,17.83988,0.2359620000000006,0.1667780000000007,0.1187509999999996,0.6050269999999998,-0.9526257976547378,-0.6744907594765952,0.4254793878989864,0.0,1.047333,10.399104313144072,0.043638875,17.402708,17.83988,7.768503000000001,0.0462410892857142,0.0541056717261904,-0.0078645824404761,0.9526257976547378,0,45.32,0,REVIEW,PASS,Abnormal early drift,train,-0.45906125752226573,0.0,0,0.19999999999999996,0.0,0.039999999999999994,0,0.23147560011455387,1,0.046564290277777774,0.001105013888888888,0,77.13446731266241,7.768503000000001,3.061056609589112,0.0,0,0.2864048,0.2864048,0.16587120004582157,NORMAL,DEGRADATION_RISK,PASS,NORMAL,Leakage Current (µA) changed 77% during burn-in (0h→168h) | Degradation rate is accelerating (late-stage slope differs from early-stage slope)
FPGA_0009,LOT_A01,FPGA,Leakage Current (µA),µA,0.0,50.0,healthy,9.49175,10.721567,14.424659,18.444907,10.404641,11.285488,14.54341,17.83988,0.2359620000000006,0.1667780000000007,0.1187509999999996,0.6050269999999998,-2.609473321591387,-2.2806335582318997,-0.6744907594765952,0.6744907594765952,1.2298170000000006,12.956693971080156,0.051242375,18.100469000000004,18.444907,8.953157000000001,0.0532926011904762,0.0541056717261904,-0.0008130705357142,2.609473321591387,0,63.27,0,HIGH,PASS,Abnormal early drift,train,-0.3942124237073742,0.6744907594765952,0,0.6000000000000001,0.0,0.1790179414542021,0,0.2832398692341918,1,0.05317486527777779,0.004594402777777756,0,94.32567229436091,8.953157000000001,3.4958039706552753,0.0,0,0.26220372000000003,0.26220372000000003,0.2373438682753576,NORMAL,DEGRADATION_RISK,PASS,NORMAL,Leakage Current (µA) changed 94% during burn-in (0h→168h) | Degradation rate is accelerating (late-stage slope differs from early-stage slope)
FPGA_0013,LOT_A01,FPGA,Leakage Current (µA),µA,0.0,50.0,healthy,10.640603,11.318488,13.693177,16.060996,10.404641,11.285488,14.54341,17.83988,0.2359620000000006,0.1667780000000007,0.1187509999999996,0.6050269999999998,0.6744907594765952,0.1334600190836152,-4.829216612088029,-1.9831194643888044,0.6778849999999998,6.370738575623955,0.0282452083333333,15.385798,16.060996,5.420392999999999,0.032264244047619,0.0541056717261904,-0.0218414276785714,0.6744907594765952,0,42.31,0,REVIEW,QA REVIEW,Abnormal early drift,train,-0.6497280424623917,-1.9831194643888044,1,0.6,0.0,0.44352295313402035,1,0.1532568460000181,1,0.03246996666666666,0.0046411666666666615,0,50.94065627671663,5.420392999999999,2.134471438768507,0.0,0,0.35756016,0.35756016,0.3102239516536154,WARNING,HIGH_RISK_COMPONENT,PASS,ANOMALOUS,Leakage Current (µA) changed 51% during burn-in (0h→168h) | Degradation rate is accelerating (late-stage slope differs from early-stage slope)
FPGA_0017,LOT_A01,FPGA,Leakage Current (µA),µA,0.0,50.0,healthy,10.404641,11.285488,14.54341,17.55206,10.404641,11.285488,14.54341,17.83988,0.2359620000000006,0.1667780000000007,0.1187509999999996,0.6050269999999998,0.0,0.0,0.0,-0.320864904198579,0.880847000000001,8.465904782298601,0.0367019583333333,16.570570000000007,17.55206,7.147419000000001,0.0425441607142857,0.0541056717261904,-0.0115615110119047,0.0,0,35.0,0,REVIEW,PASS,Abnormal early drift,train,-0.48991077555799317,-0.32086490419857905,0,0.19999999999999996,0.0,0.06807567911737566,0,0.20644323892401403,1,0.043009376388888895,0.0050848472222221955,0,68.69452775929513,7.147419000000001,2.82761885079676,0.0,0,0.2979176,0.2979176,0.16939108721655588,NORMAL,DEGRADATION_RISK,PASS,NORMAL,Leakage Current (µA) changed 69% during burn-in (0h→168h) | Degradation rate is accelerating (late-stage slope differs from early-stage slope)
FPGA_0024,LOT_B02,FPGA,Leakage Current (µA),µA,0.0,50.0,healthy,9.620889,10.60459,13.137644,15.753205,9.620889,10.60459,13.137644,15.753205,0.7745449999999998,1.045375,0.9856440000000006,1.25061,0.0,0.0,0.0,0.0,0.983701,10.224637245061242,0.0409875416666666,16.506796,15.753205,6.132315999999999,0.0365018809523809,0.0541056717261904,-0.0176037907738095,0.0,0,35.0,0,REVIEW,PASS,Abnormal early drift,train,0.12252793314907424,0.0,0,0.19999999999999996,0.0,0.039999999999999994,0,0.19161025314113497,1,0.03622030138888888,-0.004660305555555556,0,63.739598284524426,6.132315999999999,2.3809962626118293,0.0,0,0.3698718,0.3698718,0.166618461256454,NORMAL,DEGRADATION_RISK,PASS,NORMAL,Leakage Current (µA) changed 64% during burn-in (0h→168h) | Degradation rate is decelerating (late-stage slope differs from early-stage slope)
FPGA_0028,LOT_B02,FPGA,Leakage Current (µA),µA,0.0,50.0,healthy,10.731802,11.649965,14.123288,16.79616,9.620889,10.60459,13.137644,15.753205,0.7745449999999998,1.045375,0.9856440000000006,1.25061,0.9674073850872744,0.6744907594765952,0.6744907594765952,0.5624963098407282,0.9181629999999998,8.555534289581562,0.0382567916666666,17.158943,16.79616,6.064358,0.036097369047619,0.0541056717261904,-0.0180083026785714,0.9674073850872744,0,45.48,0,REVIEW,PASS,Abnormal early drift,train,0.6748912030102218,0.5624963098407282,0,0.6000000000000001,0.0,0.16921842711106375,0,0.16962107430598103,1,0.035850822222222224,-0.0011335694444444336,0,56.508291897297404,6.064358,2.356726184027153,0.0,0,0.32815359999999993,0.32815359999999993,0.20116652056681789,NORMAL,DEGRADATION_RISK,PASS,NORMAL,Leakage Current (µA) changed 57% during burn-in (0h→168h) | Degradation rate is decelerating (late-stage slope differs from early-stage slope)
FPGA_0032,LOT_B02,FPGA,Leakage Current (µA),µA,0.0,50.0,healthy,10.860407,11.963621,14.972326,18.016471,9.620889,10.60459,13.137644,15.753205,0.7745449999999998,1.045375,0.9856440000000006,1.25061,1.079399437353428,0.8768660541358236,1.255500013775804,1.2206459273774843,1.1032139999999997,10.158127591350851,0.0459672499999999,18.582905,18.016471,7.156063999999999,0.042595619047619,0.0541056717261904,-0.0115100526785714,1.079399437353428,0,46.69,0,REVIEW,PASS,Abnormal early drift,train,1.3211846425234561,1.2206459273774843,0,1.0,0.0,0.3068065186455299,0,0.19793852289060967,1,0.04240242638888888,-0.003687458333333331,0,65.89130591514663,7.156063999999999,2.787139311249563,0.0,0,0.27934116,0.27934116,0.25776624861445585,NORMAL,DEGRADATION_RISK,PASS,NORMAL,Leakage Current (µA) changed 66% during burn-in (0h→168h) | Degradation rate is decelerating (late-stage slope differs from early-stage slope)
FPGA_0036,LOT_B02,FPGA,Leakage Current (µA),µA,0.0,50.0,healthy,8.86166,9.415057,11.019819,12.540827,9.620889,10.60459,13.137644,15.753205,0.7745449999999998,1.045375,0.9856440000000006,1.25061,-0.6611532510398437,-0.7675035433145746,-1.4492589542355243,-1.7325299469426163,0.5533969999999986,6.244845773816627,0.0230582083333332,12.73543899999999,12.540827,3.679167,0.0218998035714285,0.0541056717261904,-0.0322058681547619,0.7675035433145746,0,43.31,0,REVIEW,PASS,Abnormal early drift,train,-1.5787915064336606,-1.7325299469426165,0,0.6,0.0,0.27159637035747897,0,0.12482198400941871,0,0.02190004583333334,-0.0019330972222221625,0,41.51780817589481,3.6791669999999996,1.4396035224235137,0.0,0,0.49836692000000005,0.49836692000000005,0.2582407257467591,NORMAL,NORMAL,PASS,NORMAL,No significant population or temporal deviation detected
FPGA_0040,LOT_B02,FPGA,Leakage Current (µA),µA,0.0,50.0,healthy,8.846344,9.576276,12.182286,14.502595,9.620889,10.60459,13.137644,15.753205,0.7745449999999998,1.045375,0.9856440000000006,1.25061,-0.6744907594765953,-0.6634827605791372,-0.6537656019739794,-0.6744907594765952,0.7299319999999998,8.251227851867391,0.0304138333333333,13.955868,14.502595,5.656250999999999,0.0336681607142857,0.0541056717261904,-0.0204375110119047,0.6744907594765953,0,42.31,0,REVIEW,PASS,Abnormal early drift,train,-0.5398122722490963,-0.6744907594765952,0,0.19999999999999996,0.0,0.09901794145420206,0,0.1919785944274471,1,0.034029280555555555,0.0018126805555555674,0,63.93885428827999,5.656250999999999,2.2374403063591854,0.0,0,0.41989620000000005,0.41989620000000005,0.2003778543526597,NORMAL,DEGRADATION_RISK,PASS,NORMAL,Leakage Current (µA) changed 64% during burn-in (0h→168h) | Degradation rate is accelerating (late-stage slope differs from early-stage slope)
FPGA_0043,LOT_C03,FPGA,Leakage Current (µA),µA,0.0,50.0,healthy,9.615765,10.488421,13.069131,15.610341,9.76158,10.680307,13.437858,15.962855,0.3136349999999996,0.1918860000000002,0.3398129999999995,0.6864559999999997,-0.3135838477627825,-0.6744907594765952,-0.7318818122600571,-0.3463695205317342,0.872656000000001,9.075263382580594,0.0363606666666667,15.724357000000008,15.610341,5.994576,0.035682,0.0541056717261904,-0.0184236717261904,0.6744907594765952,0,42.31,0,REVIEW,PASS,Abnormal early drift,train,-0.7892127117468976,-0.3463695205317342,0,0.19999999999999996,0.0,0.07030733304652673,0,0.18711430179933008,1,0.03567549722222223,-0.0010660833333333841,0,62.34112418512724,5.994576,2.34486251594134,0.0,0,0.37558636,0.37558636,0.17808592593834274,NORMAL,DEGRADATION_RISK,PASS,NORMAL,Leakage Current (µA) changed 62% during burn-in (0h→168h) | Degradation rate is decelerating (late-stage slope differs from early-stage slope)
FPGA_0047,LOT_C03,FPGA,Leakage Current (µA),µA,0.0,50.0,healthy,8.671506,10.163019,13.777671,17.785364,9.76158,10.680307,13.437858,15.962855,0.3136349999999996,0.1918860000000002,0.3398129999999995,0.6864559999999997,-2.344269103083809,-1.8182982395178853,0.6744907594765952,1.7907418386071825,1.4915129999999994,17.200161079286566,0.0621463749999999,19.112097,17.785364,9.113858,0.0542491547619047,0.0541056717261904,0.0001434830357142,2.344269103083809,0,60.4,0,HIGH,PASS,Abnormal early drift; Drift above learned safety slope,train,0.820911011842982,1.7907418386071823,0,0.6000000000000001,0.0,0.27668991087812844,0,0.30036809097521266,1,0.05358134861111111,-0.006483972222222176,0,105.10121309954694,9.113858,3.5230260008526053,0.0,0,0.28858543999999997,0.28858543999999997,0.2885402887413364,NORMAL,DEGRADATION_RISK,PASS,NORMAL,Leakage Current (µA) changed 105% during burn-in (0h→168h) | Degradation rate is decelerating (late-stage slope differs from early-stage slope)
FPGA_0051,LOT_C03,FPGA,Leakage Current (µA),µA,0.0,50.0,healthy,10.075215,11.413177,15.021492,18.747255,9.76158,10.680307,13.437858,15.962855,0.3136349999999996,0.1918860000000002,0.3398129999999995,0.6864559999999997,0.6744907594765952,2.5760818553600084,3.1433361860580966,2.735866640668349,1.3379619999999992,13.279736462199557,0.0557484166666666,19.440949,18.747255,8.672039999999999,0.0516192857142857,0.0541056717261904,-0.0024863860119047,2.5760818553600084,0,62.91,0,HIGH,QA REVIEW,Abnormal early drift,train,1.5329786629011952,2.735866640668349,0,1.0,0.0,0.4393883310584805,1,0.2584562090196162,1,0.051331268055555546,-0.004001708333333319,0,86.07300191608813,8.672039999999999,3.3740741639119594,0.0,0,0.25010980000000005,0.25010980000000005,0.32915977603123875,WARNING,HIGH_RISK_COMPONENT,PASS,ANOMALOUS,Leakage Current (µA) deviates 2.7σ from the lot median | Leakage Current (µA) changed 86% during burn-in (0h→168h) | Degradation rate is decelerating (late-stage slope differs from early-stage slope)
FPGA_0055,LOT_C03,FPGA,Leakage Current (µA),µA,0.0,50.0,healthy,9.76158,10.680307,13.437858,15.962855,9.76158,10.680307,13.437858,15.962855,0.3136349999999996,0.1918860000000002,0.3398129999999995,0.6864559999999997,0.0,0.0,0.0,0.0,0.9187270000000004,9.411662866052426,0.0382802916666666,16.192669000000002,15.962855,6.201274999999999,0.0369123511904761,0.0541056717261904,-0.0171933205357142,0.0,0,35.0,0,REVIEW,PASS,Abnormal early drift,train,-0.5282540210583111,0.0,0,0.19999999999999996,0.0,0.039999999999999994,0,0.19084606997254216,1,0.03700544999999998,-0.003210888888888923,0,63.527369544684355,6.201274999999999,2.4328468611812575,0.0,0,0.3614858000000001,0.3614858000000001,0.1646355879890169,NORMAL,DEGRADATION_RISK,PASS,NORMAL,Leakage Current (µA) changed 64% during burn-in (0h→168h) | Degradation rate is decelerating (late-stage slope differs from early-stage slope)
FPGA_0059,LOT_C03,FPGA,Leakage Current (µA),µA,0.0,50.0,healthy,10.207078,10.865767,13.117095,15.276399,9.76158,10.680307,13.437858,15.962855,0.3136349999999996,0.1918860000000002,0.3398129999999995,0.6864559999999997,0.9580699997299528,0.6519029853794887,-0.6366786423179546,-0.6744907594765952,0.6586890000000007,6.453257239731104,0.027445375,14.817901000000004,15.276399,5.069321,0.0301745297619047,0.0541056717261904,-0.0239311419642857,0.9580699997299528,0,45.38,0,REVIEW,PASS,Abnormal early drift,train,-1.0364229419389699,-0.6744907594765952,0,0.6,0.0,0.17901794145420208,0,0.14924921071733038,0,0.030374893055555564,0.0025449583333332845,0,49.66476204061535,5.069321,1.9966351649004852,0.0,0,0.38894404000000005,0.38894404000000005,0.209095668868613,NORMAL,NORMAL,PASS,NORMAL,No significant population or temporal deviation detected
FPGA_0062,LOT_D04,FPGA,Leakage Current (µA),µA,0.0,50.0,healthy,10.923944,11.75811,14.120501,16.482986,10.009678,11.857253,19.015894,26.120531,0.3398540000000007,0.4310919999999996,3.4865710000000014,5.425236999999999,1.814496721249796,-0.1551201074638081,-0.9470328705500062,-1.1981845302868546,0.8341659999999997,7.636124828175609,0.0347569166666666,16.763106,16.482986,5.559042,0.0330895357142857,0.0541056717261904,-0.0210161360119047,1.814496721249796,0,54.66,0,REVIEW,PASS,Abnormal early drift,train,-1.1516948257139594,-1.1981845302868546,0,0.19999999999999996,0.0,0.14484114640009976,0,0.1528450698197095,1,0.03300610138888889,-0.0019446249999999984,0,50.888598476887104,5.559042,2.169438829442003,0.0,0,0.34068056,0.34068056,0.1872105984879237,NORMAL,DEGRADATION_RISK,PASS,NORMAL,Leakage Current (µA) changed 51% during burn-in (0h→168h) | Degradation rate is decelerating (late-stage slope differs from early-stage slope)
FPGA_0066,LOT_D04,FPGA,Leakage Current (µA),µA,0.0,50.0,gradual_drift,9.475509,11.857253,19.015894,26.120531,10.009678,11.857253,19.015894,26.120531,0.3398540000000007,0.4310919999999996,3.4865710000000014,5.425236999999999,-1.0601377488534829,0.0,0.0,0.0,2.3817439999999994,25.135789539116043,0.0992393333333333,26.147716999999997,26.120531,16.645021999999997,0.0990775119047618,0.0541056717261904,0.0449718401785714,1.0601377488534829,1,46.48,1,CRITICAL,PASS,Abnormal early drift; Drift above learned safety slope,train,0.38251724937770376,0.0,0,0.19999999999999996,0.0,0.039999999999999994,0,0.30001731104886303,1,0.09910692361111109,-0.000563819444444405,0,175.66361870375508,16.645021999999997,6.513982628662068,0.0,0,0.044821240000000095,0.044821240000000095,0.1449711724195452,NORMAL,DEGRADATION_RISK,PASS,NORMAL,Leakage Current (µA) changed 176% during burn-in (0h→168h) | Degradation rate is decelerating (late-stage slope differs from early-stage slope)
FPGA_0070,LOT_D04,FPGA,Leakage Current (µA),µA,0.0,50.0,latent_defect,10.349532,12.288345,20.067101,28.278348,10.009678,11.857253,19.015894,26.120531,0.3398540000000007,0.4310919999999996,3.4865710000000014,5.425236999999999,0.6744907594765952,0.6744907594765952,0.2033600944300615,0.2682698704483342,1.938813,18.73333982638055,0.0807838749999999,23.921223,28.278348,17.928816,0.1067191428571428,0.0541056717261904,0.0526134711309523,0.6744907594765952,1,42.31,1,CRITICAL,PASS,Abnormal early drift; Drift above learned safety slope,train,0.7260226646300393,0.2682698704483342,0,0.6000000000000001,0.0,0.14347361366422925,0,0.30093886626500804,1,0.1077155652777778,0.033261222222222234,0,173.2331085115733,17.928816,7.0854005021908435,0.0,0,0.13113392000000013,0.13113392000000013,0.20399177597169496,NORMAL,DEGRADATION_RISK,PASS,NORMAL,Leakage Current (µA) changed 173% during burn-in (0h→168h) | Degradation rate is accelerating (late-stage slope differs from early-stage slope)
FPGA_0074,LOT_D04,FPGA,Leakage Current (µA),µA,0.0,50.0,healthy,9.777585,10.766046,13.457887,16.160623,10.009678,11.857253,19.015894,26.120531,0.3398540000000007,0.4310919999999996,3.4865710000000014,5.425236999999999,-0.4606230435398741,-1.7073131447027043,-1.0752181334056388,-1.2382622014922144,0.9884609999999991,10.109459544458057,0.0411858749999999,16.696811999999994,16.160623,6.383038000000001,0.0379942738095238,0.0541056717261904,-0.0161113979166666,1.7073131447027043,0,53.5,0,REVIEW,PASS,Abnormal early drift,train,-1.2030121692036937,-1.2382622014922144,0,0.6,0.0,0.22834794263056873,0,0.1961404956080966,1,0.03782712777777779,-0.0036478749999999394,0,65.28235755557226,6.383038000000001,2.4864269410777364,0.0,0,0.35357507999999993,0.35357507999999993,0.2405103912954661,NORMAL,DEGRADATION_RISK,PASS,NORMAL,Leakage Current (µA) changed 65% during burn-in (0h→168h) | Degradation rate is decelerating (late-stage slope differs from early-stage slope)
FPGA_0078,LOT_D04,FPGA,Leakage Current (µA),µA,0.0,50.0,gradual_drift,10.009678,13.094109,22.502465,31.545768,10.009678,11.857253,19.015894,26.120531,0.3398540000000007,0.4310919999999996,3.4865710000000014,5.425236999999999,0.0,1.9351969946164256,0.6744907594765952,0.6744907594765952,3.0844310000000004,30.814487738766427,0.1285179583333333,31.600695,31.545768,21.53609,0.1281910119047619,0.0541056717261904,0.0740853401785714,1.9351969946164256,1,55.96,1,CRITICAL,PASS,Abnormal early drift; Drift above learned safety slope,train,1.2461670809099112,0.6744907594765952,0,1.0,0.0,0.2590179414542021,0,0.3000690995597704,1,0.12842817361111108,-0.0029165277777778165,0,215.15267524090186,21.53609,8.441522469814227,0.0,0,0.26183071999999985,0.26183071999999985,0.27600096040558897,NORMAL,DEGRADATION_RISK,PASS,NORMAL,Leakage Current (µA) changed 215% during burn-in (0h→168h) | Degradation rate is decelerating (late-stage slope differs from early-stage slope)
FPGA_0081,LOT_E05,FPGA,Leakage Current (µA),µA,0.0,50.0,healthy,10.46375,10.714025,11.865496,13.082187,9.855918,10.753848,13.444302,16.384326,0.6078319999999984,0.1210880000000003,1.714556,2.855884999999997,0.6744907594765952,-0.2218241734493632,-0.6210879423047164,-0.7798851291306508,0.2502750000000002,2.39182893322184,0.010428125,12.215675,13.082187,2.618437,0.0155859345238095,0.0541056717261904,-0.0385197372023809,0.6744907594765952,0,24.05,0,NORMAL,PASS,Abnormal early drift,train,-1.1079605259971408,-0.7798851291306508,0,0.6,0.0,0.18823994879893194,0,0.07631622842945565,0,0.015798533333333337,0.0064703611111110865,0,25.02388722972166,2.618437,1.0397762817872171,0.0,0,0.47671252,0.47671252,0.20116497489135504,NORMAL,NORMAL,PASS,NORMAL,No significant population or temporal deviation detected
FPGA_0085,LOT_E05,FPGA,Leakage Current (µA),µA,0.0,50.0,healthy,10.467566,11.707623,15.523984,19.240211,9.855918,10.753848,13.444302,16.384326,0.6078319999999984,0.1210880000000003,1.714556,2.855884999999997,0.6787252465357876,5.312767773187997,0.8181280119458358,0.6744907594765952,1.2400570000000002,11.846660436628728,0.0516690416666666,19.147965,19.240211,8.772644999999999,0.0522181249999999,0.0541056717261904,-0.0018875467261904,5.312767773187997,1,92.55,0,CRITICAL,PASS,Lot-level outlier; Abnormal early drift,train,0.6195157386227453,0.6744907594765952,0,0.6000000000000001,0.0,0.1790179414542021,0,0.25142682172420205,1,0.05231511666666666,-5.477777777780635e-05,0,83.80787854597716,8.772644999999999,3.438561118273092,0.0,0,0.23039156000000005,0.23039156000000005,0.21825621727136169,NORMAL,DEGRADATION_RISK,PASS,NORMAL,Leakage Current (µA) changed 84% during burn-in (0h→168h) | Degradation rate is decelerating (late-stage slope differs from early-stage slope)
FPGA_0089,LOT_E05,FPGA,Leakage Current (µA),µA,0.0,50.0,healthy,9.855918,10.753848,13.444302,16.384326,9.855918,10.753848,13.444302,16.384326,0.6078319999999984,0.1210880000000003,1.714556,2.855884999999997,0.0,0.0,0.0,0.0,0.8979299999999988,9.110566869570128,0.0374137499999999,16.14142799999999,16.384326,6.528408000000001,0.0388595714285714,0.0541056717261904,-0.015246100297619,0.0,0,35.0,0,REVIEW,PASS,Abnormal early drift,train,-0.1816298158577112,0.0,0,0.19999999999999996,0.0,0.039999999999999994,0,0.1989837963149767,1,0.03875855,0.0034199166666667377,0,66.23845693521395,6.528408000000001,2.5481298949670426,0.0,0,0.3446269599999999,0.3446269599999999,0.16451891052599066,NORMAL,DEGRADATION_RISK,PASS,NORMAL,Leakage Current (µA) changed 66% during burn-in (0h→168h) | Degradation rate is accelerating (late-stage slope differs from early-stage slope)
FPGA_0093,LOT_E05,FPGA,Leakage Current (µA),µA,0.0,50.0,sudden_jump,9.725598,10.874936,18.62079,22.686427,9.855918,10.753848,13.444302,16.384326,0.6078319999999984,0.1210880000000003,1.714556,2.855884999999997,-0.144611727870515,0.6744907594765952,2.0363833683714505,1.488403381014366,1.1493380000000002,11.817658924417811,0.0478890833333333,17.770964,22.686427,12.960829,0.0771477916666666,0.0541056717261904,0.0230421199404761,0.6744907594765952,0,42.31,0,REVIEW,PASS,Abnormal early drift; Drift above learned safety slope,train,1.5862635692179632,1.488403381014366,0,1.0,0.0,0.330235295838757,0,0.3003184221073302,1,0.08116643333333333,0.008578097222222199,0,133.2651113072944,12.960828999999999,5.38787692979871,0.0,0,0.09254292000000008,0.09254292000000008,0.27073007117843484,NORMAL,DEGRADATION_RISK,PASS,NORMAL,Leakage Current (µA) changed 133% during burn-in (0h→168h) | Degradation rate is accelerating (late-stage slope differs from early-stage slope)
FPGA_0097,LOT_E05,FPGA,Leakage Current (µA),µA,0.0,50.0,healthy,8.81914,9.496032,11.729746,13.765805,9.855918,10.753848,13.444302,16.384326,0.6078319999999984,0.1210880000000003,1.714556,2.855884999999997,-1.1504777317229553,-7.006352975702059,-0.6744907594765952,-0.6184311406080484,0.6768919999999987,7.675260853099039,0.0282038333333332,13.557383999999992,13.765805,4.946664999999999,0.0294444345238095,0.0541056717261904,-0.0246612372023809,7.006352975702059,1,100.0,0,CRITICAL,PASS,Lot-level outlier; Abnormal early drift,train,-0.9161889659858581,-0.6184311406080484,0,0.19999999999999996,0.0,0.09411272480320423,0,0.16827799167490365,1,0.029643725,7.476388888894014e-05,0,56.09010629154315,4.946664999999999,1.9488022065799,0.0,0,0.4493678,0.4493678,0.19482984659124317,NORMAL,DEGRADATION_RISK,PASS,NORMAL,Leakage Current (µA) changed 56% during burn-in (0h→168h) | Degradation rate is accelerating (late-stage slope differs from early-stage slope)
FPGA_0104,LOT_F06,FPGA,Leakage Current (µA),µA,0.0,50.0,healthy,10.016182,10.717525,13.105295,15.417457,10.215667,10.987906,13.307329,15.706554,0.1264149999999997,0.2703810000000004,0.2020339999999993,0.2890969999999999,-1.0643577831284925,-0.6744907594765952,-0.6744907594765953,-0.6744907594765952,0.7013429999999996,7.002099203069588,0.0292226249999999,14.925582999999998,15.417457,5.401275,0.0321504464285714,0.0541056717261904,-0.021955225297619,1.0643577831284925,0,46.53,0,REVIEW,PASS,Abnormal early drift,train,0.22896953357267433,-0.6744907594765952,0,0.19999999999999996,0.0,0.09901794145420206,0,0.16204835346367405,1,0.03234934305555555,0.0028907361111111356,0,53.92548777568139,5.401275,2.126399131275262,0.0,0,0.38330171999999996,0.38330171999999996,0.18108686196715043,NORMAL,DEGRADATION_RISK,PASS,NORMAL,Leakage Current (µA) changed 54% during burn-in (0h→168h) | Degradation rate is accelerating (late-stage slope differs from early-stage slope)
FPGA_0108,LOT_F06,FPGA,Leakage Current (µA),µA,0.0,50.0,healthy,10.342082,11.08158,13.307329,15.753143,10.215667,10.987906,13.307329,15.706554,0.1264149999999997,0.2703810000000004,0.2020339999999993,0.2890969999999999,0.6744907594765952,0.2336785772787677,0.0,0.1086965620302337,0.7394980000000011,7.1503784247698015,0.0308124166666667,15.518568000000007,15.753143,5.411061,0.0322086964285714,0.0541056717261904,-0.021896975297619,0.6744907594765952,0,42.31,0,REVIEW,PASS,Abnormal early drift,train,0.3688541976772348,0.10869656203023378,0,0.6000000000000001,0.0,0.12951094917764547,0,0.1572613863971915,1,0.03212568749999999,0.003157222222222183,0,52.32080929159139,5.411061,2.1121463284609923,0.0,0,0.36987428,0.36987428,0.1886837902299348,NORMAL,DEGRADATION_RISK,PASS,NORMAL,Leakage Current (µA) changed 52% during burn-in (0h→168h) | Degradation rate is accelerating (late-stage slope differs from early-stage slope)
FPGA_0112,LOT_F06,FPGA,Leakage Current (µA),µA,0.0,50.0,healthy,8.436957,8.742936,9.469276,10.237023,10.215667,10.987906,13.307329,15.706554,0.1264149999999997,0.2703810000000004,0.2020339999999993,0.2890969999999999,-9.490356830982222,-5.600288187047795,-12.813344698820158,-12.76093531987804,0.3059790000000006,3.6266511729288258,0.012749125,10.578810000000004,10.237023,1.800066000000001,0.0107146785714285,0.0541056717261904,-0.0433909931547619,9.490356830982222,1,100.0,0,CRITICAL,QA REVIEW,Lot-level outlier; Abnormal early drift,train,-1.9297837954486339,-12.76093531987804,1,0.6,0.0,0.62,1,0.06460595234352366,0,0.010584201388888895,-0.002085972222222251,0,21.335488612778295,1.800066000000001,0.6959186592975507,0.0,0,0.59051908,0.59051908,0.3919461969374095,WARNING,LATENT_ANOMALY,PASS,ANOMALOUS,Leakage Current (µA) is 12.8σ above/below the lot median (robust z-score)
FPGA_0116,LOT_F06,FPGA,Leakage Current (µA),µA,0.0,50.0,healthy,10.215667,11.445475,14.256762,17.225778,10.215667,10.987906,13.307329,15.706554,0.1264149999999997,0.2703810000000004,0.2020339999999993,0.2890969999999999,0.0,1.141448779030129,3.1696832475828067,3.544493888124296,1.2298080000000002,12.038450352776772,0.051242,18.824323,17.225778,7.010110999999998,0.0417268511904761,0.0541056717261904,-0.0123788205357142,1.141448779030129,0,47.37,0,REVIEW,QA REVIEW,Abnormal early drift,train,0.9825201007045278,3.544493888124296,1,1.0,0.0,0.6601432152108759,1,0.20660318917132978,1,0.041141559722222214,-0.010005666666666704,0,68.62117764801846,7.010110999999998,2.7054900910537905,0.0,0,0.3109688800000001,0.3109688800000001,0.4088923377528823,WARNING,HIGH_RISK_COMPONENT,PASS,ANOMALOUS,Leakage Current (µA) deviates 3.5σ from the lot median | Leakage Current (µA) changed 69% during burn-in (0h→168h) | Degradation rate is decelerating (late-stage slope differs from early-stage slope)
FPGA_0120,LOT_F06,FPGA,Leakage Current (µA),µA,0.0,50.0,healthy,10.316045,10.987906,13.372961,15.706554,10.215667,10.987906,13.307329,15.706554,0.1264149999999997,0.2703810000000004,0.2020339999999993,0.2890969999999999,0.5355696195446938,0.0,0.2191125133688813,0.0,0.6718609999999998,6.51277694116301,0.0279942083333333,15.019072,15.706554,5.390509,0.032086363095238,0.0541056717261904,-0.0220193086309523,0.5355696195446938,0,40.8,0,REVIEW,PASS,Abnormal early drift,train,0.3494399634941969,0.0,0,0.19999999999999996,0.0,0.039999999999999994,0,0.15717660859417182,1,0.03232670833333333,0.00441680555555557,0,52.25363983968661,5.390509,2.1250515067880706,0.0,0,0.37173784,0.37173784,0.15321821143766873,NORMAL,DEGRADATION_RISK,PASS,NORMAL,Leakage Current (µA) changed 52% during burn-in (0h→168h) | Degradation rate is accelerating (late-stage slope differs from early-stage slope)
FPGA_0123,LOT_G07,FPGA,Leakage Current (µA),µA,0.0,50.0,healthy,10.809516,10.886385,12.25496,13.589171,10.649934,11.643199,15.66871,18.229086,0.431464,0.7568139999999985,2.8184250000000013,4.639914999999999,0.2494682856015663,-0.6744907594765952,-0.8169608310184681,-0.6744907594765952,0.0768690000000003,0.7111234212521661,0.003202875,11.347599000000002,13.589171,2.779655,0.0165455654761904,0.0541056717261904,-0.03756010625,0.6744907594765952,0,12.28,0,NORMAL,PASS,Within learned lot behavior,train,-1.126241140735802,-0.6744907594765952,0,0.6,0.0,0.17901794145420208,0,0.07983464545882683,0,0.017236563888888886,0.015327833333333317,0,25.71488862221028,2.779655,1.1396235070261143,0.0,0,0.45643316,0.45643316,0.19482766676521157,NORMAL,NORMAL,PASS,NORMAL,No significant population or temporal deviation detected
FPGA_0127,LOT_G07,FPGA,Leakage Current (µA),µA,0.0,50.0,gradual_drift,9.286994,11.643199,18.460586,25.339137,10.649934,11.643199,15.66871,18.229086,0.431464,0.7568139999999985,2.8184250000000013,4.639914999999999,-2.130630680012772,0.0,0.6681371913762036,1.0335671448522932,2.356204999999999,25.371018867892012,0.0981752083333333,25.780428999999994,25.339137,16.052143,0.0955484702380952,0.0541056717261904,0.0414427985119047,2.130630680012772,1,58.08,0,REVIEW,PASS,Abnormal early drift; Drift above learned safety slope,train,1.0384199062986499,1.0335671448522932,0,0.6000000000000001,0.0,0.2104371251745757,0,0.30008422074325425,1,0.09537465833333333,-0.002639777777777727,0,172.84541155082042,16.052143,6.268710663606154,0.0,0,0.013565480000000019,0.013565480000000019,0.20692163436713198,NORMAL,DEGRADATION_RISK,PASS,NORMAL,Leakage Current (µA) changed 173% during burn-in (0h→168h) | Degradation rate is decelerating (late-stage slope differs from early-stage slope)
FPGA_0131,LOT_G07,FPGA,Leakage Current (µA),µA,0.0,50.0,gradual_drift,10.21847,12.795716,19.867285,26.764586,10.649934,11.643199,15.66871,18.229086,0.431464,0.7568139999999985,2.8184250000000013,4.639914999999999,-0.6744907594765952,1.0271507485851077,1.0047810534143868,1.2407804620370162,2.5772460000000006,25.221447046377797,0.10738525,28.25919200000001,26.764586,16.546116,0.0984887857142857,0.0541056717261904,0.0443831139880952,1.0271507485851077,1,46.13,1,CRITICAL,PASS,Abnormal early drift; Drift above learned safety slope,train,1.3010261065918434,1.2407804620370162,0,1.0,0.0,0.3085682904282389,0,0.3003592034723822,1,0.09816498194444445,-0.011589402777777771,0,161.92361478773242,16.546116,6.452833490110464,0.0,0,0.07058344000000005,0.07058344000000005,0.25768768556024846,NORMAL,DEGRADATION_RISK,PASS,NORMAL,Leakage Current (µA) changed 162% during burn-in (0h→168h) | Degradation rate is decelerating (late-stage slope differs from early-stage slope)
FPGA_0135,LOT_G07,FPGA,Leakage Current (µA),µA,0.0,50.0,healthy,10.649934,11.147187,12.850285,14.590543,10.649934,11.643199,15.66871,18.229086,0.431464,0.7568139999999985,2.8184250000000013,4.639914999999999,0.0,-0.442057771908956,-0.6744907594765952,-0.5289242650906857,0.4972530000000006,4.6690711886101885,0.020718875,14.130705000000004,14.590543,3.940609,0.0234560059523809,0.0541056717261904,-0.0306496657738095,0.442057771908956,0,37.47,0,REVIEW,PASS,Abnormal early drift,train,-0.9417613761142718,-0.5289242650906857,0,0.19999999999999996,0.0,0.08628087319543498,0,0.11144931155356208,0,0.023567056944444442,0.0034513749999999857,0,37.00125277771675,3.9406090000000003,1.5492527555041453,0.0,0,0.41637828,0.41637828,0.16236772989959883,NORMAL,NORMAL,PASS,NORMAL,No significant population or temporal deviation detected
FPGA_0139,LOT_G07,FPGA,Leakage Current (µA),µA,0.0,50.0,lot_outlier,12.247399,13.063728,15.66871,18.229086,10.649934,11.643199,15.66871,18.229086,0.431464,0.7568139999999985,2.8184250000000013,4.639914999999999,2.497254420038008,1.266009460803487,0.0,0.0,0.8163289999999996,6.665325429505479,0.0340137083333333,17.961701999999995,18.229086,5.981686999999999,0.0356052797619047,0.0541056717261904,-0.0185003919642857,2.497254420038008,0,62.05,0,HIGH,PASS,Abnormal early drift,train,-0.2714434960404169,0.0,0,0.19999999999999996,0.0,0.039999999999999994,0,0.14665320794723477,0,0.03571583472222222,0.0015470694444444308,0,48.84046808632591,5.981686999999999,2.347534892056918,0.0,0,0.27083656,0.27083656,0.12882859517889392,NORMAL,NORMAL,PASS,NORMAL,No significant population or temporal deviation detected
FPGA_0142,LOT_H08,FPGA,Leakage Current (µA),µA,0.0,50.0,gradual_drift,10.542907,13.60734,22.459252,31.385653,9.632099,10.728248,15.145993,19.442677,0.3702380000000005,0.4940460000000009,1.5099719999999976,2.5025720000000007,1.6592882947113952,3.9306480564218433,3.2667662825264654,3.218859218696105,3.064433000000001,29.06630021492176,0.1276847083333333,31.993938000000007,31.385653,20.842746,0.1240639642857143,0.0541056717261904,0.0699582925595238,3.9306480564218433,1,77.58,1,CRITICAL,QA REVIEW,Lot-level outlier; Abnormal early drift; Drift above learned safety slope,train,1.852255267057141,3.218859218696105,1,1.0,0.0,0.6316501816359091,1,0.3000910892525833,1,0.12383119861111112,-0.003706916666666671,0,197.6944878675303,20.842746,8.139085800112719,0.0,0,0.2554261200000001,0.2554261200000001,0.42378173235539707,WARNING,HIGH_RISK_COMPONENT,PASS,ANOMALOUS,Leakage Current (µA) deviates 3.2σ from the lot median | Leakage Current (µA) changed 198% during burn-in (0h→168h) | Degradation rate is decelerating (late-stage slope differs from early-stage slope)
FPGA_0146,LOT_H08,FPGA,Leakage Current (µA),µA,0.0,50.0,healthy,9.308732,10.234202,12.077973,14.322549,9.632099,10.728248,15.145993,19.442677,0.3702380000000005,0.4940460000000009,1.5099719999999976,2.5025720000000007,-0.5891022893913337,-0.6744907594765952,-1.370456630910631,-1.379971894250147,0.9254700000000008,9.941955574615328,0.03856125,15.787022000000004,14.322549,5.013817000000001,0.0298441488095238,0.0541056717261904,-0.0242615229166666,0.6744907594765952,0,42.31,0,REVIEW,PASS,Abnormal early drift,train,-1.069825594075298,-1.379971894250147,0,0.6,0.0,0.24074754074688787,0,0.1623548414367417,1,0.029129956944444448,-0.007386583333333356,0,53.86143891563321,5.013817000000001,1.9172856050138962,0.0,0,0.42709803999999996,0.42709803999999996,0.24666056087345184,NORMAL,DEGRADATION_RISK,PASS,NORMAL,Leakage Current (µA) changed 54% during burn-in (0h→168h) | Degradation rate is decelerating (late-stage slope differs from early-stage slope)
FPGA_0150,LOT_H08,FPGA,Leakage Current (µA),µA,0.0,50.0,healthy,9.261861,10.728248,15.145993,19.442677,9.632099,10.728248,15.145993,19.442677,0.3702380000000005,0.4940460000000009,1.5099719999999976,2.5025720000000007,-0.6744907594765953,0.0,0.0,0.0,1.466387000000001,15.832530848821865,0.0610994583333333,19.526570000000007,19.442677,10.180816,0.0606000952380952,0.0541056717261904,0.0064944235119047,0.6744907594765953,0,42.31,0,REVIEW,PASS,Abnormal early drift; Drift above learned safety slope,train,-0.19299638203109376,0.0,0,0.19999999999999996,0.0,0.039999999999999994,0,0.3000713962047523,1,0.06065919722222222,-0.001423291666666722,0,109.92192605784086,10.180816,3.987022320369324,0.0,0,0.22229292,0.22229292,0.18048714248190093,NORMAL,DEGRADATION_RISK,PASS,NORMAL,Leakage Current (µA) changed 110% during burn-in (0h→168h) | Degradation rate is decelerating (late-stage slope differs from early-stage slope)
FPGA_0154,LOT_H08,FPGA,Leakage Current (µA),µA,0.0,50.0,healthy,10.957734,12.285206,16.655965,20.757285,9.632099,10.728248,15.145993,19.442677,0.3702380000000005,0.4940460000000009,1.5099719999999976,2.5025720000000007,2.415010231091231,2.125619444126982,0.6744907594765952,0.3543118632886516,1.3274720000000002,12.11447549283456,0.0553113333333333,20.250038000000004,20.757285,9.799551,0.0583306607142857,0.0541056717261904,0.0042249889880952,2.415010231091231,0,61.16,0,HIGH,PASS,Abnormal early drift; Drift above learned safety slope,train,0.03213211022281223,0.35431186328865166,0,0.6000000000000001,0.0,0.15100228803775703,0,0.2683769990679032,1,0.05866873749999999,0.0016514444444444484,0,89.43045158789215,9.799551,3.8565180279825277,0.0,0,0.1697086,0.1697086,0.2016934348422641,NORMAL,DEGRADATION_RISK,PASS,NORMAL,Leakage Current (µA) changed 89% during burn-in (0h→168h) | Degradation rate is accelerating (late-stage slope differs from early-stage slope)
FPGA_0158,LOT_H08,FPGA,Leakage Current (µA),µA,0.0,50.0,healthy,9.632099,10.652313,13.923441,16.940105,9.632099,10.728248,15.145993,19.442677,0.3702380000000005,0.4940460000000009,1.5099719999999976,2.5025720000000007,0.0,-0.103669406939548,-0.5461028595097339,-0.6744907594765952,1.0202139999999993,10.5918138922783,0.0425089166666666,16.773596999999995,16.940105,7.308005999999999,0.0435000357142857,0.0541056717261904,-0.0106056360119047,0.103669406939548,0,36.12,0,REVIEW,PASS,Abnormal early drift,train,-0.6215654011735623,-0.6744907594765952,0,0.19999999999999996,0.0,0.09901794145420206,0,0.22765662527160108,1,0.043726302777777774,-0.000610805555555545,0,75.87137549146867,7.308005999999999,2.874459435912907,0.0,0,0.3223958,0.3223958,0.19514898669032127,NORMAL,DEGRADATION_RISK,PASS,NORMAL,Leakage Current (µA) changed 76% during burn-in (0h→168h) | Degradation rate is decelerating (late-stage slope differs from early-stage slope)
FPGA_0161,LOT_I09,FPGA,Leakage Current (µA),µA,0.0,50.0,sudden_jump,9.751096,10.393348,16.088701,18.416697,9.751096,10.923572,17.388778,24.572242,0.1754949999999997,0.5302240000000005,2.0261200000000024,6.155545,0.0,-0.6744907594765952,-0.4327926890352255,-0.6744907594765952,0.6422519999999992,6.586459614385902,0.0267604999999999,14.246859999999996,18.416697,8.665600999999999,0.0515809583333333,0.0541056717261904,-0.0025247133928571,0.6744907594765952,0,42.31,0,REVIEW,PASS,Abnormal early drift,validation,-0.7477189056481856,-0.6744907594765952,0,0.19999999999999996,0.0,0.09901794145420206,0,0.2669059252489345,1,0.055160423611111106,0.0055727777777777945,0,88.86796930314293,8.665600999999999,3.6903684250792965,0.0,0,0.26333212000000006,0.26333212000000006,0.19903597068125464,NORMAL,DEGRADATION_RISK,PASS,NORMAL,Leakage Current (µA) changed 89% during burn-in (0h→168h) | Degradation rate is accelerating (late-stage slope differs from early-stage slope)
FPGA_0165,LOT_I09,FPGA,Leakage Current (µA),µA,0.0,50.0,accelerating_drift,10.185902,12.265277,21.597729,33.79544,9.751096,10.923572,17.388778,24.572242,0.1754949999999997,0.5302240000000005,2.0261200000000024,6.155545,1.6711167222141994,1.7067647342322183,1.4011502559521516,1.0106273000722137,2.079374999999999,20.414245100728422,0.0866406249999999,24.74152699999999,33.79544,23.609538,0.1405329642857143,0.0541056717261904,0.0864272925595238,1.7067647342322183,1,53.49,1,CRITICAL,QA REVIEW,Abnormal early drift; Drift above learned safety slope,validation,1.5271212926304196,1.0106273000722137,0,1.0,0.0,0.2884298887563187,0,0.3017752069956631,1,0.14123781805555558,0.0827720277777778,0,231.78642402018005,23.609538,9.325337169575935,0.0,0,0.35181759999999995,0.35181759999999995,0.30644555830079273,WARNING,DEGRADATION_RISK,PASS,ANOMALOUS,Leakage Current (µA) changed 232% during burn-in (0h→168h) | Degradation rate is accelerating (late-stage slope differs from early-stage slope)
FPGA_0169,LOT_I09,FPGA,Leakage Current (µA),µA,0.0,50.0,gradual_drift,9.734707,12.293927,19.414898,26.405498,9.751096,10.923572,17.388778,24.572242,0.1754949999999997,0.5302240000000005,2.0261200000000024,6.155545,-0.062988854708465,1.7432100106795407,0.6744907594765952,0.2008781077475717,2.55922,26.28964590305594,0.1066341666666666,27.649247,26.405498,16.670791,0.0992308988095238,0.0541056717261904,0.0451252270833333,1.7432100106795407,1,53.88,1,CRITICAL,PASS,Abnormal early drift; Drift above learned safety slope,validation,0.43399312704839604,0.20087810774757175,0,0.6000000000000001,0.0,0.13757683442791255,0,0.30029342352016136,1,0.09895127083333335,-0.009542499999999982,0,171.25108131143548,16.670791,6.504249235122395,0.0,0,0.05621991999999998,0.05621991999999998,0.18639208717922956,NORMAL,DEGRADATION_RISK,PASS,NORMAL,Leakage Current (µA) changed 171% during burn-in (0h→168h) | Degradation rate is decelerating (late-stage slope differs from early-stage slope)
FPGA_0173,LOT_I09,FPGA,Leakage Current (µA),µA,0.0,50.0,healthy,10.304031,10.740982,12.576282,14.16786,9.751096,10.923572,17.388778,24.572242,0.1754949999999997,0.5302240000000005,2.0261200000000024,6.155545,2.1251291950835727,-0.2322702627056319,-1.602069019612891,-1.1400549451047173,0.4369510000000005,4.240583127127631,0.0182062916666666,13.362688000000004,14.16786,3.863828999999999,0.0229989821428571,0.0541056717261904,-0.0311066895833333,2.1251291950835727,0,52.71,0,REVIEW,PASS,Abnormal early drift,validation,-1.3762114426216867,-1.1400549451047173,0,0.6,0.0,0.21975480769666275,0,0.11300115717302624,0,0.02340786805555555,0.003898958333333289,0,37.498227635378804,3.863828999999999,1.5396461600724,0.0,0,0.43328560000000005,0.43328560000000005,0.21975950594787563,NORMAL,NORMAL,PASS,NORMAL,No significant population or temporal deviation detected
FPGA_0177,LOT_I09,FPGA,Leakage Current (µA),µA,0.0,50.0,latent_defect,9.575601,10.923572,17.388778,24.572242,9.751096,10.923572,17.388778,24.572242,0.1754949999999997,0.5302240000000005,2.0261200000000024,6.155545,-0.6744907594765952,0.0,0.0,0.0,1.3479709999999994,14.077142520871528,0.0561654583333333,19.011398,24.572242,14.996641,0.0892657202380952,0.0541056717261904,0.0351600485119047,0.6744907594765952,1,42.31,0,REVIEW,PASS,Abnormal early drift; Drift above learned safety slope,validation,0.16281592859105476,0.0,0,0.19999999999999996,0.0,0.039999999999999994,0,0.30146440583676803,1,0.09042194305555554,0.04360487500000004,0,156.61305227734528,14.996640999999999,5.955298262701053,0.0,0,0.017110320000000012,0.017110320000000012,0.1400078263347072,NORMAL,DEGRADATION_RISK,PASS,NORMAL,Leakage Current (µA) changed 157% during burn-in (0h→168h) | Degradation rate is accelerating (late-stage slope differs from early-stage slope)
FPGA_0184,LOT_J10,FPGA,Leakage Current (µA),µA,0.0,50.0,healthy,8.611946,9.224359,11.059099,13.09457,9.932008,10.704569,13.389481,16.086077,0.1067750000000007,0.4897800000000014,1.3216509999999992,2.146535,-8.338746157210839,-2.038441682152901,-1.1892860710207065,-0.9400004325154498,0.6124130000000001,7.111203437643479,0.0255172083333333,12.898837,13.09457,4.482624,0.0266822857142857,0.0541056717261904,-0.0274233860119047,8.338746157210839,1,100.0,0,CRITICAL,PASS,Lot-level outlier; Abnormal early drift,validation,-1.2999968040579306,-0.9400004325154498,0,0.6,0.0,0.20225003784510187,0,0.1564685252842426,1,0.026601143055555557,0.002753222222222209,0,52.051232090865405,4.4826239999999995,1.749026008549401,0.0,0,0.4762172,0.4762172,0.2387308652517378,NORMAL,DEGRADATION_RISK,PASS,NORMAL,Leakage Current (µA) changed 52% during burn-in (0h→168h) | Degradation rate is accelerating (late-stage slope differs from early-stage slope)
FPGA_0188,LOT_J10,FPGA,Leakage Current (µA),µA,0.0,50.0,healthy,10.038783,10.704569,12.433052,13.939542,9.932008,10.704569,13.389481,16.086077,0.1067750000000007,0.4897800000000014,1.3216509999999992,2.146535,0.6744907594765952,0.0,-0.4881035330775226,-0.6744907594765952,0.6657859999999989,6.632138576956977,0.0277410833333332,14.699284999999993,13.939542,3.900758999999999,0.0232188035714285,0.0541056717261904,-0.0308868681547619,0.6744907594765952,0,42.31,0,REVIEW,PASS,Abnormal early drift,validation,-0.921018703555351,-0.6744907594765952,0,0.19999999999999996,0.0,0.09901794145420206,0,0.11746594274401148,0,0.02314685138888889,-0.006817611111111073,0,38.85689131839984,3.900758999999999,1.5230301156402815,0.0,0,0.44241832000000003,0.44241832000000003,0.17507721767928544,NORMAL,NORMAL,PASS,NORMAL,No significant population or temporal deviation detected
FPGA_0192,LOT_J10,FPGA,Leakage Current (µA),µA,0.0,50.0,healthy,9.864509,10.583994,13.389481,16.086077,9.932008,10.704569,13.389481,16.086077,0.1067750000000007,0.4897800000000014,1.3216509999999992,2.146535,-0.426386811275207,-0.166047456661949,0.0,0.0,0.7194850000000006,7.2936727007902835,0.0299785416666666,14.900904000000004,16.086077,6.221568,0.0370331428571428,0.0541056717261904,-0.0170725288690476,0.426386811275207,0,39.62,0,REVIEW,PASS,Abnormal early drift,validation,0.04172296949689774,0.0,0,0.19999999999999996,0.0,0.039999999999999994,0,0.18981757717356998,1,0.03746149166666666,0.007474180555555522,0,63.07022478260195,6.2215679999999995,2.463055765683998,0.0,0,0.35655692000000005,0.35655692000000005,0.16323841486942803,NORMAL,DEGRADATION_RISK,PASS,NORMAL,Leakage Current (µA) changed 63% during burn-in (0h→168h) | Degradation rate is accelerating (late-stage slope differs from early-stage slope)
FPGA_0196,LOT_J10,FPGA,Leakage Current (µA),µA,0.0,50.0,healthy,9.932008,11.194349,15.050728,18.883081,9.932008,10.704569,13.389481,16.086077,0.1067750000000007,0.4897800000000014,1.3216509999999992,2.146535,0.0,0.6744907594765952,0.8478000248993234,0.8788831079945473,1.262341000000001,12.709826653381684,0.0525975416666667,18.768395000000005,18.883081,8.951073000000001,0.0532801964285714,0.0541056717261904,-0.000825475297619,0.6744907594765952,0,42.31,0,REVIEW,PASS,Abnormal early drift,validation,1.2962062695566838,0.8788831079945473,0,1.0,0.0,0.2769022719495229,0,0.27040641505582774,1,0.0533310138888889,0.0006295833333333015,0,90.12349768546302,8.951073000000001,3.5052790131999836,0.0,0,0.24467675999999994,0.24467675999999994,0.26785882680214024,NORMAL,DEGRADATION_RISK,PASS,NORMAL,Leakage Current (µA) changed 90% during burn-in (0h→168h) | Degradation rate is accelerating (late-stage slope differs from early-stage slope)
FPGA_0200,LOT_J10,FPGA,Leakage Current (µA),µA,0.0,50.0,healthy,10.538737,11.531112,14.711132,17.961986,9.932008,10.704569,13.389481,16.086077,0.1067750000000007,0.4897800000000014,1.3216509999999992,2.146535,3.832667796829521,1.1382572089715024,0.6744907594765952,0.5894538342579927,0.9923750000000008,9.416450946636214,0.0413489583333333,17.485362000000006,17.961986,7.423249,0.0441860059523809,0.0541056717261904,-0.0099196657738095,3.832667796829521,1,76.52,0,HIGH,PASS,Lot-level outlier; Abnormal early drift,validation,0.8830862685596993,0.5894538342579927,0,0.6000000000000001,0.0,0.17157721049757438,0,0.21157449133850834,1,0.044278668055555546,0.0038017916666666304,0,70.43774790091071,7.423249,2.9104878588718055,0.0,0,0.28152056000000003,0.28152056000000003,0.20956479273443313,NORMAL,DEGRADATION_RISK,PASS,NORMAL,Leakage Current (µA) changed 70% during burn-in (0h→168h) | Degradation rate is accelerating (late-stage slope differs from early-stage slope)
FPGA_0203,LOT_K11,FPGA,Leakage Current (µA),µA,0.0,50.0,healthy,9.104705,10.138678,12.960147,15.511525,9.512526,10.138678,12.486959,14.433029,0.4078210000000002,0.4766750000000002,0.7522159999999989,0.8727159999999987,-0.6744907594765952,0.0,0.4242942632105813,0.8335307088817805,1.0339730000000014,11.356468990483508,0.0430822083333333,16.34251600000001,15.511525,6.4068200000000015,0.0381358333333333,0.0541056717261904,-0.0159698383928571,0.6744907594765952,0,42.31,0,REVIEW,PASS,Abnormal early drift,test,1.097575500120754,0.8335307088817805,0,1.0,0.0,0.2729339370271558,0,0.21171543797669842,1,0.03807607777777778,-0.007646402777777818,0,70.36823268848362,6.4068200000000015,2.503979053361207,0.0,0,0.37953899999999996,0.37953899999999996,0.26976755000154173,NORMAL,DEGRADATION_RISK,PASS,NORMAL,Leakage Current (µA) changed 70% during burn-in (0h→168h) | Degradation rate is decelerating (late-stage slope differs from early-stage slope)
FPGA_0207,LOT_K11,FPGA,Leakage Current (µA),µA,0.0,50.0,healthy,10.097991,10.615353,12.486959,14.433029,9.512526,10.138678,12.486959,14.433029,0.4078210000000002,0.4766750000000002,0.7522159999999989,0.8727159999999987,0.9682942577674158,0.6744907594765952,0.0,0.0,0.5173620000000003,5.123415142675412,0.02155675,13.719525000000004,14.433029,4.335037999999999,0.0258037976190476,0.0541056717261904,-0.0283018741071428,0.9682942577674158,0,45.49,0,REVIEW,PASS,Abnormal early drift,test,0.20798189894213948,0.0,0,0.19999999999999996,0.0,0.039999999999999994,0,0.12943017439002918,0,0.025964438888888882,0.00547199999999997,0,42.92970750320533,4.335037999999999,1.7071931186640832,0.0,0,0.42267884,0.42267884,0.1523078377560117,NORMAL,NORMAL,PASS,NORMAL,No significant population or temporal deviation detected
FPGA_0211,LOT_K11,FPGA,Leakage Current (µA),µA,0.0,50.0,healthy,9.512526,9.582937,11.080744,12.172243,9.512526,10.138678,12.486959,14.433029,0.4078210000000002,0.4766750000000002,0.7522159999999989,0.8727159999999987,0.0,-0.7863684253679827,-1.2609131198184864,-1.7472800615023163,0.070411,0.7401924578182494,0.0029337916666666,10.005403,12.172243,2.659717000000001,0.0158316488095238,0.0541056717261904,-0.0382740229166666,0.7863684253679827,0,13.7,0,NORMAL,PASS,Within learned lot behavior,test,-1.6568194162543868,-1.7472800615023165,0,0.6,0.0,0.2728870053814527,0,0.08608534114295942,0,0.0167587,0.012225916666666677,0,27.960154852664797,2.6597170000000006,1.1089877524802743,0.0,0,0.51311028,0.51311028,0.24621099460976487,NORMAL,NORMAL,PASS,NORMAL,No significant population or temporal deviation detected
FPGA_0215,LOT_K11,FPGA,Leakage Current (µA),µA,0.0,50.0,healthy,10.442536,11.084341,13.239175,15.227304,9.512526,10.138678,12.486959,14.433029,0.4078210000000002,0.4766750000000002,0.7522159999999989,0.8727159999999987,1.5381335223562025,1.3381044843528924,0.6744907594765952,0.6138665361735937,0.6418049999999997,6.146064519193419,0.0267418749999999,14.935171,15.227304,4.784768,0.0284807619047619,0.0541056717261904,-0.0256249098214285,1.5381335223562025,0,51.66,0,REVIEW,PASS,Abnormal early drift,test,0.8631368161380716,0.6138665361735937,0,0.6000000000000001,0.0,0.17371332191518946,0,0.13755233043635967,0,0.028683473611111107,0.0008710277777778004,0,45.81998089353007,4.784768,1.8855903763101622,0.0,0,0.39090784,0.39090784,0.20268782894061965,NORMAL,NORMAL,PASS,NORMAL,No significant population or temporal deviation detected
FPGA_0219,LOT_K11,FPGA,Leakage Current (µA),µA,0.0,50.0,healthy,9.246612,9.748704,11.5711,13.560313,9.512526,10.138678,12.486959,14.433029,0.4078210000000002,0.4766750000000002,0.7522159999999989,0.8727159999999987,-0.4397923005815256,-0.5518096385086819,-0.821224797775475,-0.6744907594765952,0.5020919999999993,5.430010473025139,0.0209204999999999,12.761255999999996,13.560313,4.313701,0.0256767916666666,0.0541056717261904,-0.0284288800595238,0.5518096385086819,0,40.98,0,REVIEW,PASS,Abnormal early drift,test,-0.5118747989465814,-0.6744907594765952,0,0.19999999999999996,0.0,0.09901794145420206,0,0.14074564604634857,0,0.025798761111111113,0.006707458333333381,0,46.65169253343819,4.313701,1.6968687313894342,0.0,0,0.45758747999999994,0.45758747999999994,0.18742293100022023,NORMAL,NORMAL,PASS,NORMAL,No significant population or temporal deviation detected
FPGA_0222,LOT_L12,FPGA,Leakage Current (µA),µA,0.0,50.0,gradual_drift,10.636351,13.548818,22.974659,32.395247,10.547977,12.749115,22.358086,32.007026,0.0883739999999999,0.7997030000000009,1.7964839999999995,5.796579999999999,0.6744907594765951,0.6744907594765952,0.2314926217226327,0.0451734431569579,2.912467000000001,27.38220090705921,0.1213527916666667,31.023620000000008,32.395247,21.758896,0.1295172380952381,0.0541056717261904,0.0754115663690476,0.6744907594765952,1,42.31,1,CRITICAL,PASS,Abnormal early drift; Drift above learned safety slope,test,0.595402289556042,0.04517344315695799,0,0.6000000000000001,0.0,0.12395267627623385,0,0.300222213958613,1,0.12992910833333332,0.009488708333333248,0,204.57106013143041,21.758896,8.54015407626977,0.0,0,0.29580987999999997,0.29580987999999997,0.22883193209393876,NORMAL,DEGRADATION_RISK,PASS,NORMAL,Leakage Current (µA) changed 205% during burn-in (0h→168h) | Degradation rate is accelerating (late-stage slope differs from early-stage slope)
FPGA_0226,LOT_L12,FPGA,Leakage Current (µA),µA,0.0,50.0,accelerating_drift,10.601349,13.141638,24.15457,37.803606,10.547977,12.749115,22.358086,32.007026,0.0883739999999999,0.7997030000000009,1.7964839999999995,5.796579999999999,0.4073474190914266,0.3310643281093501,0.6744907594765952,0.6744907594765952,2.540289,23.96194106995251,0.1058453749999999,28.383371999999994,37.803606,27.202257000000003,0.1619181964285714,0.0541056717261904,0.1078125247023809,0.4073474190914266,1,39.41,1,CRITICAL,QA REVIEW,Abnormal early drift; Drift above learned safety slope,test,1.2318738020250732,0.6744907594765952,0,1.0,0.0,0.2590179414542021,0,0.30155897403376847,1,0.16289120972222224,0.0837245694444445,0,256.59241102240856,27.202257000000003,10.740982189060258,0.0,0,0.51214424,0.51214424,0.32665961419518824,WARNING,DEGRADATION_RISK,PASS,ANOMALOUS,Leakage Current (µA) changed 257% during burn-in (0h→168h) | Degradation rate is accelerating (late-stage slope differs from early-stage slope)
FPGA_0230,LOT_L12,FPGA,Leakage Current (µA),µA,0.0,50.0,healthy,10.547977,11.342062,14.288177,17.071956,10.547977,12.749115,22.358086,32.007026,0.0883739999999999,0.7997030000000009,1.7964839999999995,5.796579999999999,0.0,-1.1867458876530663,-3.029851114909464,-1.7378465762805166,0.7940850000000008,7.528315619194097,0.033086875,16.106572000000007,17.071956,6.523979000000001,0.0388332083333333,0.0541056717261904,-0.0152724633928571,1.1867458876530663,0,47.86,0,REVIEW,PASS,Abnormal early drift,test,-1.207887432663412,-1.7378465762805166,0,0.6,0.0,0.27206157542454523,0,0.18598399584433548,1,0.03923325833333333,0.005576722222222198,0,61.8505235648504,6.523979000000001,2.579276465709037,0.0,0,0.31712176000000003,0.31712176000000003,0.24664258050755228,NORMAL,DEGRADATION_RISK,PASS,NORMAL,Leakage Current (µA) changed 62% during burn-in (0h→168h) | Degradation rate is accelerating (late-stage slope differs from early-stage slope)
FPGA_0234,LOT_L12,FPGA,Leakage Current (µA),µA,0.0,50.0,healthy,10.289447,11.150355,14.219377,17.401515,10.547977,12.749115,22.358086,32.007026,0.0883739999999999,0.7997030000000009,1.7964839999999995,5.796579999999999,-1.973160613387246,-1.3484366653880258,-3.055682107143177,-1.69949905063568,0.8609080000000002,8.366902516724178,0.0358711666666666,16.315803000000002,17.401515,7.112068000000001,0.0423337380952381,0.0541056717261904,-0.0117719336309523,1.973160613387246,0,56.38,0,REVIEW,PASS,Abnormal early drift,test,-1.1691039652238835,-1.69949905063568,0,0.19999999999999996,0.0,0.18870616693062198,0,0.20795484275994627,1,0.042578313888888886,0.008325194444444434,0,69.1200217076778,7.112068000000001,2.7994298890479024,0.0,0,0.30393939999999997,0.30393939999999997,0.2194522838762273,NORMAL,DEGRADATION_RISK,PASS,NORMAL,Leakage Current (µA) changed 69% during burn-in (0h→168h) | Degradation rate is accelerating (late-stage slope differs from early-stage slope)
FPGA_0238,LOT_L12,FPGA,Leakage Current (µA),µA,0.0,50.0,gradual_drift,9.444045,12.749115,22.358086,32.007026,10.547977,12.749115,22.358086,32.007026,0.0883739999999999,0.7997030000000009,1.7964839999999995,5.796579999999999,-8.425463746017124,0.0,0.0,0.0,3.3050700000000006,34.99633896280673,0.13771125,32.57953500000001,32.007026,22.562981000000004,0.1343034583333333,0.0541056717261904,0.0801977866071428,8.425463746017124,1,100.0,1,CRITICAL,PASS,Lot-level outlier; Abnormal early drift; Drift above learned safety slope,test,0.5497153063061808,0.0,0,0.19999999999999996,0.0,0.039999999999999994,0,0.3000839129847934,1,0.13410531250000005,-0.0036981944444444415,0,238.91225634778323,22.562981000000004,8.814354617424154,0.0,0,0.2802810400000002,0.2802810400000002,0.19208977319391743,NORMAL,DEGRADATION_RISK,PASS,NORMAL,Leakage Current (µA) changed 239% during burn-in (0h→168h) | Degradation rate is decelerating (late-stage slope differs from early-stage slope)
Microprocessor_0002,LOT_A01,Microprocessor,Supply Current (mA),mA,80.0,140.0,sudden_jump,104.691994,107.434627,126.299807,135.357164,74.089505,76.9284575,86.5037595,96.8703165,27.8672405,29.010908,33.02880999999999,33.808141500000005,0.7406939358593523,0.709254926966669,0.812686448662294,0.7678334817705049,2.742633000000012,2.61971607876722,0.1142763750000005,123.89042500000008,135.357164,30.665170000000018,0.1825307738095239,0.1348156845238095,0.0477150892857144,0.7406939358593523,0,26.36,0,NORMAL,QA REVIEW,Abnormal early drift; Drift above learned safety slope,train,1.1871625390843377,0.7678334817705049,0,0.8,0.56295483502429,0.3960718801622062,0,0.18409780472296478,0,0.1927544819444445,0.011520249999999635,0,29.290845296155137,30.665170000000018,12.826659430456692,0.38418255627764125,0,0.8452388000000004,0.8452388000000004,0.4011156339540685,WARNING,NORMAL,PASS,ANOMALOUS,Measurement is approaching the datasheet limit
Microprocessor_0006,LOT_A01,Microprocessor,Supply Current (mA),mA,80.0,140.0,healthy,100.488583,103.746558,111.011365,118.804779,74.089505,76.9284575,86.5037595,96.8703165,27.8672405,29.010908,33.02880999999999,33.808141500000005,0.6389557720902389,0.6235089564919739,0.5004768093869498,0.4376044234888183,3.257974999999988,3.2421344820833897,0.1357489583333328,123.29440799999992,118.804779,18.31619599999999,0.1090249761904761,0.1348156845238095,-0.0257907083333333,0.6389557720902389,0,29.62,0,NORMAL,PASS,Abnormal early drift,train,0.7032259501460512,0.4376044234888183,0,0.3999999999999999,0.9228918267659522,0.39515793508505725,1,0.11112316910781327,0,0.10732168888888888,-0.02750709722222172,0,18.2271412862892,18.31619599999999,7.058200550769166,0.2226492352613357,0,0.2934926333333332,0.2934926333333332,0.26121096834381485,NORMAL,LATENT_ANOMALY,PASS,NORMAL,Multivariate lot comparison (Isolation Forest) flags the full trajectory shape as unusual
Microprocessor_0010,LOT_A01,Microprocessor,Supply Current (mA),mA,80.0,140.0,sudden_jump,102.215694,105.901606,128.079142,140.541727,74.089505,76.9284575,86.5037595,96.8703165,27.8672405,29.010908,33.02880999999999,33.808141500000005,0.6807582752871514,0.6736128678286519,0.8490227567373739,0.8712683255765229,3.685912000000002,3.606013769275002,0.1535796666666667,128.01707800000003,140.541727,38.32603300000001,0.2281311488095238,0.1348156845238095,0.0933154642857143,0.6807582752871514,0,32.62,1,CRITICAL,HOLD / REJECT,Abnormal early drift; Predicted value near limit; Drift above learned safety slope,train,1.3387418875199646,0.8712683255765229,0,1.0,0.999999985432651,0.5762359741177411,1,0.3604861737754601,1,0.23860521666666668,0.019511791666666833,0,37.495252930533354,38.32603300000001,15.808395328997065,0.9910142458417854,1,1.0,1.0,0.8,CRITICAL,SPECIFICATION_FAILURE,FAIL,ANOMALOUS,"Degradation rate is accelerating (late-stage slope differs from early-stage slope) | Multivariate lot comparison (Isolation Forest) flags the full trajectory shape as unusual | Measurement is OUTSIDE the datasheet limit [80.0, 140.0]"
Microprocessor_0014,LOT_A01,Microprocessor,Supply Current (mA),mA,80.0,140.0,healthy,103.675144,105.647376,110.489569,116.41016,74.089505,76.9284575,86.5037595,96.8703165,27.8672405,29.010908,33.02880999999999,33.808141500000005,0.7160823878026378,0.6677021329498354,0.4898210642864801,0.3898304756671943,1.972231999999991,1.9023190360844744,0.0821763333333329,117.48076799999994,116.41016,12.735016000000002,0.0758036666666666,0.1348156845238095,-0.0590120178571428,0.7160823878026378,0,21.07,0,NORMAL,PASS,Abnormal early drift,train,0.6332152688655708,0.3898304756671943,0,0.19999999999999996,0.415147269428554,0.19865434744944568,0,0.08117759904640631,0,0.07473614583333339,5.409722222261826e-05,0,12.283576861971854,12.735016000000002,4.917090539205396,0.1772986723426553,0,0.21367200000000008,0.21367200000000008,0.15466717859834084,NORMAL,NORMAL,PASS,NORMAL,No significant population or temporal deviation detected
Microprocessor_0018,LOT_A01,Microprocessor,Supply Current (mA),mA,80.0,140.0,healthy,104.857802,107.568941,116.688707,125.999752,74.089505,76.9284575,86.5037595,96.8703165,27.8672405,29.010908,33.02880999999999,33.808141500000005,0.7447071055109116,0.7123776679669966,0.6164154313775202,0.5811480371826855,2.7111389999999886,2.5855386516684646,0.1129641249999995,123.83577499999993,125.999752,21.141949999999994,0.1258449404761904,0.1348156845238095,-0.008970744047619,0.7447071055109116,0,26.17,0,NORMAL,PASS,Abnormal early drift,train,0.9135829887917248,0.5811480371826855,0,0.6000000000000001,0.3785292742020057,0.2844092355140867,0,0.06088131684923439,0,0.1263561486111111,0.01635594444444502,0,20.162495872267087,21.141949999999994,8.306108906263464,0.0,0,0.5333250666666667,0.5333250666666667,0.24478123427866177,NORMAL,NORMAL,PASS,NORMAL,No significant population or temporal deviation detected
Microprocessor_0021,LOT_B02,Microprocessor,Supply Current (mA),mA,80.0,140.0,healthy,104.965659,107.418555,114.95714,122.799804,74.2285325,76.25891899999999,81.74678449999999,87.21253,28.3434895,29.11558949999999,32.77209199999999,35.6832935,0.7314522016462787,0.721843071412113,0.6835107720215949,0.6726757850410217,2.4528959999999955,2.3368557139244897,0.1022039999999998,122.13593099999996,122.799804,17.834144999999992,0.1061556249999999,0.1348156845238095,-0.0286600595238095,0.7314522016462787,0,24.28,0,NORMAL,PASS,Abnormal early drift,train,0.8361016615650435,0.6726757850410217,0,0.3999999999999999,0.09186578160284628,0.16641886567194328,0,0.07752474416487556,0,0.10614204027777774,0.006721888888889069,0,16.99045685027328,17.834144999999992,6.976852721949219,0.10544272996474532,0,0.4266601333333331,0.4266601333333331,0.18290947060139415,NORMAL,NORMAL,PASS,NORMAL,No significant population or temporal deviation detected
Microprocessor_0025,LOT_B02,Microprocessor,Supply Current (mA),mA,80.0,140.0,healthy,100.772402,104.358997,115.478912,126.063636,74.2285325,76.25891899999999,81.74678449999999,87.21253,28.3434895,29.11558949999999,32.77209199999999,35.6832935,0.6316651553614325,0.6509654544886195,0.6942494942415136,0.7343692081686828,3.586595000000002,3.559104406383012,0.1494414583333334,125.87856700000002,126.063636,25.291234000000003,0.1505430595238095,0.1348156845238095,0.015727375,0.6509654544886195,0,31.97,0,NORMAL,PASS,Abnormal early drift; Drift above learned safety slope,train,0.9212496235000415,0.7343692081686828,0,0.6000000000000001,0.3993954040281956,0.30407592692321844,0,0.14936173888321697,0,0.15096980000000002,-0.002431402777777758,0,25.09738132470039,25.291234000000003,9.923368452800576,0.2960823653460074,0,0.5354545333333334,0.5354545333333334,0.2884659729892408,NORMAL,NORMAL,PASS,NORMAL,No significant population or temporal deviation detected
Microprocessor_0029,LOT_B02,Microprocessor,Supply Current (mA),mA,80.0,140.0,healthy,105.621571,108.392238,117.846222,127.053459,74.2285325,76.25891899999999,81.74678449999999,87.21253,28.3434895,29.11558949999999,32.77209199999999,35.6832935,0.7470609566314337,0.7443993787868772,0.7429717033643412,0.7530789852529478,2.770667000000003,2.6232018457669057,0.1154444583333334,125.01624000000002,127.053459,21.431888,0.1275707619047619,0.1348156845238095,-0.0072449226190476,0.7470609566314337,0,26.46,0,NORMAL,PASS,Abnormal early drift,train,0.9470724633785601,0.7530789852529478,0,0.8,0.21434426875920568,0.29019769183739463,0,0.10319981213364918,0,0.1283484291666666,0.012433833333333297,0,20.29120358378309,21.431888,8.436663687436297,0.1681257772004479,0,0.5684486333333334,0.5684486333333334,0.2710487282550842,NORMAL,NORMAL,PASS,NORMAL,No significant population or temporal deviation detected
Microprocessor_0033,LOT_B02,Microprocessor,Supply Current (mA),mA,80.0,140.0,healthy,103.247181,104.071017,108.056563,110.811601,74.2285325,76.25891899999999,81.74678449999999,87.21253,28.3434895,29.11558949999999,32.77209199999999,35.6832935,0.6905575358231512,0.6442941195697757,0.541488241950682,0.4460730431660432,0.823836,0.7979259017251038,0.0343265,109.014033,110.811601,7.564419999999998,0.0450263095238095,0.1348156845238095,-0.089789375,0.6905575358231512,0,13.07,0,NORMAL,PASS,Within learned lot behavior,train,0.5233493346336865,0.44607304316604324,0,0.19999999999999996,0.5415578149499117,0.2414987357620023,0,0.08881511324025212,0,0.04641581944444443,0.003937916666666652,0,7.3265148033436365,7.564419999999998,3.061245609162183,0.26631317386793285,0,0.02705336666666658,0.02705336666666658,0.13753621293423507,NORMAL,NORMAL,PASS,NORMAL,No significant population or temporal deviation detected
Microprocessor_0037,LOT_B02,Microprocessor,Supply Current (mA),mA,80.0,140.0,gradual_drift,103.917369,110.673694,131.316851,151.909219,74.2285325,76.25891899999999,81.74678449999999,87.21253,28.3434895,29.11558949999999,32.77209199999999,35.6832935,0.7065060171529499,0.7972515111523383,1.020214144427837,1.222906145118894,6.756325000000004,6.501632080388799,0.2815135416666668,151.21164400000004,151.909219,47.991850000000014,0.2856657738095239,0.1348156845238095,0.1508500892857144,0.7972515111523383,1,43.64,1,CRITICAL,HOLD / REJECT,Abnormal early drift; Predicted value near limit; Drift above learned safety slope,train,1.5955180041862485,1.222906145118894,0,1.0,0.9999999943118372,0.6070042859914544,1,0.6385959117422937,1,0.28590865555555556,0.004491569444444232,2,46.18270310519507,47.991850000000014,18.791872047171335,0.9999999964335993,1,1.0,1.0,0.8,CRITICAL,SPECIFICATION_FAILURE,FAIL,ANOMALOUS,"2 sudden jump(s) detected in the burn-in trajectory | Degradation rate is accelerating (late-stage slope differs from early-stage slope) | Multivariate lot comparison (Isolation Forest) flags the full trajectory shape as unusual | Measurement is OUTSIDE the datasheet limit [80.0, 140.0]"
Microprocessor_0044,LOT_C03,Microprocessor,Supply Current (mA),mA,80.0,140.0,healthy,103.260095,106.397571,116.346287,126.489697,73.881106,76.695573,86.9983025,96.4695165,27.872337,29.394579999999998,33.06388749999999,35.924873500000004,0.7109506677988479,0.6815448014223138,0.5986877482120745,0.5636299413850261,3.1374759999999924,3.03842060187916,0.1307281666666663,125.22242699999995,126.489697,23.229602,0.1382714404761904,0.1348156845238095,0.0034557559523809,0.7109506677988479,0,28.97,0,NORMAL,PASS,Abnormal early drift; Drift above learned safety slope,train,0.762373216864956,0.5636299413850261,0,0.6000000000000001,0.1616043700000252,0.21779893087119737,0,0.06771163567876064,0,0.1385134,0.010152527777778142,0,22.496204366265594,23.229602,9.104483200141278,0.0,0,0.5496565666666668,0.5496565666666668,0.2241355399533166,NORMAL,NORMAL,PASS,NORMAL,No significant population or temporal deviation detected
Microprocessor_0048,LOT_C03,Microprocessor,Supply Current (mA),mA,80.0,140.0,healthy,100.280364,103.78349,113.82099,123.953127,73.881106,76.695573,86.9983025,96.4695165,27.872337,29.394579999999998,33.06388749999999,35.924873500000004,0.6388432939096058,0.6215618563003444,0.5471726475925852,0.5160057507037269,3.503125999999994,3.493331954798244,0.1459635833333331,124.80224599999995,123.953127,23.67276299999999,0.1409093035714285,0.1348156845238095,0.0060936190476189,0.6388432939096058,0,31.37,0,NORMAL,PASS,Abnormal early drift; Drift above learned safety slope,train,0.696034974859433,0.5160057507037269,0,0.3999999999999999,0.4456980580540247,0.2588599206027835,0,0.07830607598382419,0,0.14059086944444438,-0.0052394583333331135,0,23.606578651828574,23.67276299999999,9.24069131425802,0.02949176134346528,0,0.46510423333333306,0.46510423333333306,0.22788724530130972,NORMAL,NORMAL,PASS,NORMAL,No significant population or temporal deviation detected
Microprocessor_0052,LOT_C03,Microprocessor,Supply Current (mA),mA,80.0,140.0,latent_defect,101.10257,105.694512,123.670406,143.446616,73.881106,76.695573,86.9983025,96.4695165,27.872337,29.394579999999998,33.06388749999999,35.924873500000004,0.6587400951497103,0.6654123443888453,0.7480969968010965,0.8819966901139564,4.591942000000003,4.541864761696961,0.1913309166666668,133.24616400000002,143.446616,42.344046000000006,0.2520478928571429,0.1348156845238095,0.1172322083333334,0.6654123443888453,1,39.0,1,CRITICAL,HOLD / REJECT,Abnormal early drift; Predicted value near limit; Drift above learned safety slope,train,1.2058430191136797,0.8819966901139564,0,0.8,0.45698229845344684,0.3742693999210053,0,0.32141919639495,1,0.2538335222222223,0.08333866666666662,0,41.88226471394348,42.344046000000006,16.7011676017624,0.7790976168996449,1,1.0,1.0,0.8,CRITICAL,SPECIFICATION_FAILURE,FAIL,ANOMALOUS,"Degradation rate is accelerating (late-stage slope differs from early-stage slope) | Measurement is OUTSIDE the datasheet limit [80.0, 140.0]"
Microprocessor_0056,LOT_C03,Microprocessor,Supply Current (mA),mA,80.0,140.0,gradual_drift,102.527978,109.894635,132.850759,154.941186,73.881106,76.695573,86.9983025,96.4695165,27.872337,29.394579999999998,33.06388749999999,35.924873500000004,0.6932339563743366,0.7617887563724528,0.9353727146740553,1.0978076448597505,7.366656999999989,7.185021243664816,0.3069440416666662,154.09457699999993,154.941186,52.41320799999998,0.3119833809523809,0.1348156845238095,0.1771676964285713,0.7617887563724528,1,43.25,1,CRITICAL,HOLD / REJECT,Abnormal early drift; Predicted value near limit; Drift above learned safety slope,train,1.506457457670242,1.0978076448597505,0,1.0,0.9999999932531733,0.5960581669011802,1,0.4033639380119664,1,0.31283652638888887,-0.00013255555555541365,0,51.12088331635681,52.41320799999998,20.56247402266167,0.99999999506869,1,1.0,1.0,0.8,CRITICAL,SPECIFICATION_FAILURE,FAIL,ANOMALOUS,"Supply Current (mA) changed 51% during burn-in (0h→168h) | Degradation rate is decelerating (late-stage slope differs from early-stage slope) | Multivariate lot comparison (Isolation Forest) flags the full trajectory shape as unusual | Measurement is OUTSIDE the datasheet limit [80.0, 140.0]"
Microprocessor_0060,LOT_C03,Microprocessor,Supply Current (mA),mA,80.0,140.0,healthy,106.758168,108.64063,114.989981,122.242198,73.881106,76.695573,86.9983025,96.4695165,27.872337,29.394579999999998,33.06388749999999,35.924873500000004,0.7956015499431964,0.7330142413143216,0.5710196204390573,0.4838829987441263,1.882462000000004,1.7632955260153995,0.0784359166666668,119.93540200000002,122.242198,15.484030000000004,0.0921668452380952,0.1348156845238095,-0.0426488392857142,0.7956015499431964,0,20.96,0,NORMAL,PASS,Abnormal early drift,train,0.6512895028021799,0.4838829987441263,0,0.19999999999999996,0.6078622611337098,0.26469844073022397,1,0.13796645842221972,0,0.0922264013888889,0.022289319444444303,0,14.503836371564566,15.484030000000004,6.067192282494778,0.37488080143331565,0,0.40807326666666666,0.40807326666666666,0.24268061299431082,NORMAL,LATENT_ANOMALY,PASS,NORMAL,Multivariate lot comparison (Isolation Forest) flags the full trajectory shape as unusual
Microprocessor_0063,LOT_D04,Microprocessor,Supply Current (mA),mA,80.0,140.0,lot_outlier,109.240329,110.606154,114.867395,119.059817,74.25391450000001,75.728733,83.821222,93.3472895,26.865483000000008,27.37565900000001,30.933135,30.816577499999998,0.878376662257215,0.859321712725708,0.6769555302303424,0.562777037830948,1.365825000000001,1.2502937445382472,0.056909375,118.801104,119.059817,9.819487999999993,0.0584493333333332,0.1348156845238095,-0.0763663511904762,0.878376662257215,0,18.27,0,NORMAL,PASS,Abnormal early drift,train,1.0223210505021032,0.562777037830948,0,0.6000000000000001,0.6045830432185262,0.35061790377576585,1,0.027035161898794666,0,0.05857412222222218,0.001318708333333203,0,8.988885414286871,9.819487999999993,3.849924426895113,0.0,0,0.3019938999999998,0.3019938999999998,0.21146000626982417,NORMAL,LATENT_ANOMALY,PASS,NORMAL,Multivariate lot comparison (Isolation Forest) flags the full trajectory shape as unusual
Microprocessor_0067,LOT_D04,Microprocessor,Supply Current (mA),mA,80.0,140.0,healthy,99.357735,101.241747,105.028971,109.736341,74.25391450000001,75.728733,83.821222,93.3472895,26.865483000000008,27.37565900000001,30.933135,30.816577499999998,0.6302620710302924,0.6285982810275728,0.4624306824962615,0.3587115990844872,1.8840119999999985,1.8961905683538365,0.0785004999999999,112.545819,109.736341,10.37860599999999,0.0617774166666666,0.1348156845238095,-0.0730382678571429,0.6302620710302924,0,20.1,0,NORMAL,PASS,Abnormal early drift,train,0.7144037017897227,0.35871159908448724,0,0.3999999999999999,0.5922438315204357,0.2890604143760233,0,0.060171884698085765,0,0.06030227222222218,-0.013120361111111076,0,10.445695043269646,10.37860599999999,3.9693230425271158,0.11269484654560101,0,0.008788633333333462,0.008788633333333462,0.14145064629631032,NORMAL,NORMAL,PASS,NORMAL,No significant population or temporal deviation detected
Microprocessor_0071,LOT_D04,Microprocessor,Supply Current (mA),mA,80.0,140.0,healthy,99.748116,100.995133,105.051475,108.90703,74.25391450000001,75.728733,83.821222,93.3472895,26.865483000000008,27.37565900000001,30.933135,30.816577499999998,0.6400630627777785,0.622522121759313,0.4629213776699405,0.3405602451181914,1.2470169999999996,1.250165968046955,0.0519590416666666,108.477235,108.90703,9.15891400000001,0.0545173452380952,0.1348156845238095,-0.0802983392857142,0.6400630627777785,0,15.69,0,NORMAL,PASS,Abnormal early drift,train,0.6870148562156032,0.34056024511819144,0,0.19999999999999996,0.6401377792910072,0.26184035523514393,1,0.03231933965382952,0,0.0547846958333334,0.0015903333333334851,0,9.182042094910354,9.15891400000001,3.6010736476966527,0.01873955153429702,0,0.03643233333333318,0.03643233333333318,0.12495034462225602,NORMAL,LATENT_ANOMALY,PASS,NORMAL,Multivariate lot comparison (Isolation Forest) flags the full trajectory shape as unusual
Microprocessor_0075,LOT_D04,Microprocessor,Supply Current (mA),mA,80.0,140.0,healthy,106.176383,108.841714,117.488796,125.568328,74.25391450000001,75.728733,83.821222,93.3472895,26.865483000000008,27.37565900000001,30.933135,30.816577499999998,0.8014525561640815,0.8158488423319437,0.7341146494525841,0.7052305769188553,2.665330999999995,2.510286115133527,0.1110554583333331,124.83369999999996,125.568328,19.391944999999996,0.115428244047619,0.1348156845238095,-0.0193874404761905,0.8158488423319437,0,26.41,0,NORMAL,QA REVIEW,Abnormal early drift,train,1.2372712955808018,0.7052305769188553,0,1.0,0.6487701823278323,0.4563387301787496,1,0.1839342268597029,0,0.11604101527777776,0.0011602638888891098,0,18.26389678390155,19.391944999999993,7.627879327112724,0.516448459394119,0,0.5189442666666664,0.5189442666666664,0.3598980361487143,WARNING,LATENT_ANOMALY,PASS,ANOMALOUS,Multivariate lot comparison (Isolation Forest) flags the full trajectory shape as unusual
Microprocessor_0079,LOT_D04,Microprocessor,Supply Current (mA),mA,80.0,140.0,lot_outlier,112.403207,113.617907,118.035169,122.759406,74.25391450000001,75.728733,83.821222,93.3472895,26.865483000000008,27.37565900000001,30.933135,30.816577499999998,0.9577845770284406,0.9335263033193412,0.7460282023377833,0.6437509420343352,1.2147000000000077,1.080663116667132,0.0506125000000003,120.90610700000003,122.759406,10.356199000000004,0.0616440416666666,0.1348156845238095,-0.0731716428571428,0.9577845770284406,0,17.94,0,NORMAL,QA REVIEW,Within learned lot behavior,train,1.1445037682144121,0.6437509420343352,0,0.8,0.9818900396603937,0.5108952193261225,1,0.06101797427398943,0,0.06198244166666668,0.015001902777777486,0,9.213437299880603,10.356199000000004,4.076172933669361,0.13056633887239755,0,0.4253135333333333,0.4253135333333333,0.3138279841067114,WARNING,LATENT_ANOMALY,PASS,ANOMALOUS,Multivariate lot comparison (Isolation Forest) flags the full trajectory shape as unusual
Microprocessor_0082,LOT_E05,Microprocessor,Supply Current (mA),mA,80.0,140.0,healthy,103.400181,105.681111,111.82073,117.541072,72.821643,75.428572,83.521536,91.562936,26.689767,28.2637205,27.751222,25.947177999999997,0.7727658813695877,0.7219522994577205,0.6878091657958525,0.6752955053696504,2.280929999999998,2.2059245718341614,0.0950387499999999,119.366691,117.541072,14.140890999999996,0.0841719702380952,0.1348156845238095,-0.0506437142857142,0.7727658813695877,0,23.81,0,NORMAL,PASS,Abnormal early drift,train,0.941979741379717,0.6752955053696504,0,0.8,0.25113435462851724,0.2944286631083996,0,0.150999073552273,0,0.0839197958333333,-0.015589555555555426,0,13.67588611861327,14.140890999999996,5.517863005638073,0.4376254302994973,0,0.2513690666666666,0.2513690666666666,0.22844490799760236,NORMAL,NORMAL,PASS,NORMAL,No significant population or temporal deviation detected
Microprocessor_0086,LOT_E05,Microprocessor,Supply Current (mA),mA,80.0,140.0,healthy,102.316861,104.301414,110.360583,116.858737,72.821643,75.428572,83.521536,91.562936,26.689767,28.2637205,27.751222,25.947177999999997,0.7453887472958363,0.6890269498959888,0.652320434561694,0.6575583683149981,1.9845529999999911,1.9396148206696755,0.0826897083333329,116.20873199999994,116.858737,14.541876000000002,0.0865587857142857,0.1348156845238095,-0.0482568988095237,0.7453887472958363,0,21.65,0,NORMAL,PASS,Abnormal early drift,train,0.9195805321861354,0.6575583683149981,0,0.3999999999999999,0.10091461779122612,0.16781074256493017,0,0.043529143173876746,0,0.08644738888888895,0.00756243055555593,0,14.21259004417659,14.541876000000002,5.682934800386348,0.002500911347136632,0,0.22862456666666686,0.22862456666666686,0.13026086762885614,NORMAL,NORMAL,PASS,NORMAL,No significant population or temporal deviation detected
Microprocessor_0090,LOT_E05,Microprocessor,Supply Current (mA),mA,80.0,140.0,healthy,102.602398,104.592364,110.724786,117.479156,72.821643,75.428572,83.521536,91.562936,26.689767,28.2637205,27.751222,25.947177999999997,0.7526046989371025,0.6959702355992889,0.661172353157338,0.6736860135835399,1.9899660000000097,1.939492681252937,0.0829152500000004,116.53216000000006,117.479156,14.87675800000001,0.088552130952381,0.1348156845238095,-0.0462635535714285,0.7526046989371025,0,21.73,0,NORMAL,PASS,Abnormal early drift,train,0.939947206867447,0.6736860135835399,0,0.6000000000000001,0.0,0.17894752618855975,0,0.043873177510197835,0,0.08840206666666671,0.010895444444444166,0,14.499425247351441,14.87675800000001,5.812425278167628,0.0,0,0.2493052,0.2493052,0.13898932147950305,NORMAL,NORMAL,PASS,NORMAL,No significant population or temporal deviation detected
Microprocessor_0094,LOT_E05,Microprocessor,Supply Current (mA),mA,80.0,140.0,healthy,99.048063,101.133209,107.766806,114.152337,72.821643,75.428572,83.521536,91.562936,26.689767,28.2637205,27.751222,25.947177999999997,0.6627812803368487,0.6134203079244356,0.5892789361137003,0.5872061399745035,2.0851459999999946,2.1051860448800443,0.0868810833333331,113.64408499999996,114.152337,15.104274000000004,0.0899063928571428,0.1348156845238095,-0.0449092916666666,0.6627812803368487,0,21.92,0,NORMAL,PASS,Abnormal early drift,train,0.8307367534535337,0.5872061399745035,0,0.19999999999999996,0.8391157153769545,0.3431152518608554,1,0.10786402470048465,0,0.09022992638888894,0.001806847222222449,0,15.24943905263448,15.104274000000004,5.930749929389176,0.2482191042416882,0,0.13841123333333338,0.13841123333333338,0.2080739572912027,NORMAL,LATENT_ANOMALY,PASS,NORMAL,Multivariate lot comparison (Isolation Forest) flags the full trajectory shape as unusual
Microprocessor_0098,LOT_E05,Microprocessor,Supply Current (mA),mA,80.0,140.0,healthy,104.753552,107.594451,117.604471,127.143237,72.821643,75.428572,83.521536,91.562936,26.689767,28.2637205,27.751222,25.947177999999997,0.8069676124541489,0.7676126062717846,0.8283824299103454,0.9249015150663344,2.8408990000000074,2.711983456179135,0.1183707916666669,124.63984500000004,127.143237,22.389685,0.1332719345238095,0.1348156845238095,-0.0015437499999999,0.8069676124541489,0,27.73,0,NORMAL,QA REVIEW,Abnormal early drift,train,1.2571928002822927,0.9249015150663343,0,1.0,0.9999999950152573,0.5809288810728814,1,0.4394406207155536,1,0.13434425138888886,0.01411206944444407,1,21.373676188087636,22.389685,8.831259861809563,0.9999999944599287,0,0.5714412333333334,0.5714412333333334,0.5224360473820407,WARNING,HIGH_RISK_COMPONENT,PASS,ANOMALOUS,1 sudden jump(s) detected in the burn-in trajectory | Degradation rate is accelerating (late-stage slope differs from early-stage slope) | Multivariate lot comparison (Isolation Forest) flags the full trajectory shape as unusual
Microprocessor_0101,LOT_F06,Microprocessor,Supply Current (mA),mA,80.0,140.0,healthy,103.769687,106.453047,115.414609,123.941585,75.9371085,77.7877175,85.35840449999999,94.1789295,28.73251700000001,28.703573,29.62176850000001,28.8701245,0.6533648622101905,0.6735920947925838,0.6843829125255927,0.6953429006596512,2.6833599999999933,2.5858804026266293,0.1118066666666663,122.55320699999996,123.941585,20.171898,0.1200708214285714,0.1348156845238095,-0.014744863095238,0.6735920947925838,0,25.4,0,NORMAL,QA REVIEW,Abnormal early drift,train,1.1109976802352082,0.6953429006596512,0,1.0,0.6309149949596202,0.4501170022956056,1,0.12864586598877747,0,0.120785825,0.006623555555555896,0,19.43910460094189,20.171898,7.939529160945062,0.28064680849001006,0,0.4647195000000002,0.4647195000000002,0.3244490473137533,WARNING,LATENT_ANOMALY,PASS,ANOMALOUS,Multivariate lot comparison (Isolation Forest) flags the full trajectory shape as unusual
Microprocessor_0105,LOT_F06,Microprocessor,Supply Current (mA),mA,80.0,140.0,healthy,104.54695,106.724037,114.545737,122.156523,75.9371085,77.7877175,85.35840449999999,94.1789295,28.73251700000001,28.703573,29.62176850000001,28.8701245,0.6716109737911234,0.6799599518851681,0.6645986064275977,0.6536386182935393,2.177087,2.0824012560863805,0.0907119583333333,119.786559,122.156523,17.60957300000001,0.1048188869047619,0.1348156845238095,-0.0299967976190475,0.6799599518851681,0,21.94,0,NORMAL,PASS,Abnormal early drift,train,1.055226882488004,0.6536386182935393,0,0.8,0.1778121978263585,0.2705370384485922,0,0.05775801762002657,0,0.10567070138888897,0.014993402777777831,0,16.843698453183006,17.60957300000001,6.946569248049986,0.027180977615420352,0,0.4052174333333336,0.4052174333333336,0.21236150909411425,NORMAL,NORMAL,PASS,NORMAL,No significant population or temporal deviation detected
Microprocessor_0109,LOT_F06,Microprocessor,Supply Current (mA),mA,80.0,140.0,healthy,104.649417,106.159287,109.618963,113.104287,75.9371085,77.7877175,85.35840449999999,94.1789295,28.73251700000001,28.703573,29.62176850000001,28.8701245,0.6740163685099813,0.6666891769745185,0.5524154483886188,0.4421518429385738,1.5098700000000065,1.4427887352683546,0.0629112500000002,115.21850700000005,113.104287,8.45487,0.0503266071428571,0.1348156845238095,-0.0844890773809523,0.6740163685099813,0,17.4,0,NORMAL,PASS,Abnormal early drift,train,0.7724073372195697,0.44215184293857385,0,0.19999999999999996,0.6150354803762068,0.2631989303699872,1,0.0925259619103798,0,0.04967956388888887,-0.014503972222222411,0,8.079232777761199,8.45487,3.2673650315455633,0.2696018213991386,0,0.10347623333333322,0.10347623333333322,0.16298520357881344,NORMAL,LATENT_ANOMALY,PASS,NORMAL,Multivariate lot comparison (Isolation Forest) flags the full trajectory shape as unusual
Microprocessor_0113,LOT_F06,Microprocessor,Supply Current (mA),mA,80.0,140.0,healthy,104.689834,106.529534,114.151514,121.223159,75.9371085,77.7877175,85.35840449999999,94.1789295,28.73251700000001,28.703573,29.62176850000001,28.8701245,0.6749651504432093,0.6753894241606067,0.6556221075844196,0.631832498502538,1.8396999999999932,1.757286194569755,0.0766541666666664,117.56773399999996,121.223159,16.53332499999999,0.0984126488095237,0.1348156845238095,-0.0364030357142857,0.6753894241606067,0,19.62,0,NORMAL,PASS,Abnormal early drift,train,1.0260657357779612,0.631832498502538,0,0.6000000000000001,0.0,0.17528534361897208,0,0.061683668971079866,0,0.09988274999999998,0.021563125000000127,0,15.792674769166211,16.53332499999999,6.56821930698817,0.05459622034206692,0,0.37410529999999986,0.37410529999999986,0.16960866503602076,NORMAL,NORMAL,PASS,NORMAL,No significant population or temporal deviation detected
Microprocessor_0117,LOT_F06,Microprocessor,Supply Current (mA),mA,80.0,140.0,healthy,104.127291,105.94195,111.849179,117.536819,75.9371085,77.7877175,85.35840449999999,94.1789295,28.73251700000001,28.703573,29.62176850000001,28.8701245,0.6617595529207839,0.6615820846208117,0.6031976994090757,0.5457087872490949,1.814659000000006,1.7427314036240564,0.0756107916666669,116.82990400000004,117.536819,13.409527999999996,0.079818619047619,0.1348156845238095,-0.0549970654761905,0.6617595529207839,0,19.37,0,NORMAL,PASS,Abnormal early drift,train,0.9108931969152052,0.5457087872490949,0,0.3999999999999999,0.45783213885370383,0.26509916054040694,0,0.06868561101446669,0,0.08018150277777773,0.0033842083333329165,0,12.87801485203336,13.409527999999995,5.27032715486436,0.11969256600546471,0,0.2512272999999998,0.2512272999999998,0.18375936862194941,NORMAL,NORMAL,PASS,NORMAL,No significant population or temporal deviation detected
Microprocessor_0124,LOT_G07,Microprocessor,Supply Current (mA),mA,80.0,140.0,lot_outlier,110.312241,112.741873,121.10236,129.08436,74.8501905,76.66852750000001,81.991973,87.308147,28.2904,29.294553,32.358587,35.252264,0.8454749800053155,0.8305686795479217,0.8152270255513184,0.7993151768756188,2.429631999999998,2.202504434661968,0.1012346666666665,127.319665,129.08436,18.772119000000004,0.1117388035714286,0.1348156845238095,-0.0230768809523809,0.8454749800053155,0,24.58,0,NORMAL,QA REVIEW,Abnormal early drift; Predicted value near limit,train,0.7088526904494018,0.7993151768756188,0,0.6000000000000001,0.8418280440571521,0.44248849119376227,1,0.09882367783479587,0,0.11252684861111116,0.00962644444444452,0,17.017258311341894,18.772119000000004,7.396828626437163,0.19004646885078172,0,0.6361453333333336,0.6361453333333336,0.34375393427809,WARNING,LATENT_ANOMALY,PASS,ANOMALOUS,Multivariate lot comparison (Isolation Forest) flags the full trajectory shape as unusual | Measurement is approaching the datasheet limit
Microprocessor_0128,LOT_G07,Microprocessor,Supply Current (mA),mA,80.0,140.0,healthy,102.486664,103.77271,108.03767,112.065697,74.8501905,76.66852750000001,81.991973,87.308147,28.2904,29.294553,32.358587,35.252264,0.6589000509101959,0.624058699220201,0.5429032469998545,0.4736926599176659,1.286045999999999,1.2548422885537565,0.0535852499999999,111.488986,112.065697,9.579032999999995,0.0570180535714285,0.1348156845238095,-0.0777976309523809,0.6589000509101959,0,15.92,0,NORMAL,PASS,Abnormal early drift,train,0.32407376340751287,0.4736926599176659,0,0.19999999999999996,0.9999999902006638,0.3814481048029949,1,0.096508745157659,0,0.05735423055555554,0.0023595694444444176,0,9.34661411166627,9.579032999999995,3.770062779962514,0.2733749153699011,0,0.06885656666666673,0.06885656666666673,0.20495405331759492,NORMAL,LATENT_ANOMALY,PASS,NORMAL,Multivariate lot comparison (Isolation Forest) flags the full trajectory shape as unusual
Microprocessor_0132,LOT_G07,Microprocessor,Supply Current (mA),mA,80.0,140.0,accelerating_drift,104.740729,110.217637,135.520571,166.373398,74.8501905,76.66852750000001,81.991973,87.308147,28.2904,29.294553,32.358587,35.252264,0.7126407549567845,0.7724495521887105,1.1157639460195634,1.5127760644024917,5.476907999999995,5.229014588966623,0.2282044999999997,143.07908499999996,166.373398,61.63266900000001,0.366861125,0.1348156845238095,0.2320454404761905,0.7724495521887105,1,43.37,1,CRITICAL,HOLD / REJECT,Abnormal early drift; Predicted value near limit; Drift above learned safety slope,train,1.551929260686689,1.5127760644024917,0,1.0,0.9011152139180115,0.6027024698106215,1,0.5509427638497835,1,0.369939863888889,0.2003069861111116,1,58.84307813057135,61.63266900000001,24.39465358848942,0.9910852365920203,1,1.0,1.0,0.8,CRITICAL,SPECIFICATION_FAILURE,FAIL,ANOMALOUS,"Supply Current (mA) changed 59% during burn-in (0h→168h) | 1 sudden jump(s) detected in the burn-in trajectory | Degradation rate is accelerating (late-stage slope differs from early-stage slope) | Multivariate lot comparison (Isolation Forest) flags the full trajectory shape as unusual | Measurement is OUTSIDE the datasheet limit [80.0, 140.0]"
Microprocessor_0136,LOT_G07,Microprocessor,Supply Current (mA),mA,80.0,140.0,accelerating_drift,100.98185,106.186026,131.233138,162.767838,74.8501905,76.66852750000001,81.991973,87.308147,28.2904,29.294553,32.358587,35.252264,0.6230227519773063,0.6796239553856395,1.0263955832917655,1.4437899447382785,5.204176000000004,5.153575617796668,0.2168406666666668,137.41108200000002,162.767838,61.78598800000002,0.3677737380952382,0.1348156845238095,0.2329580535714287,0.6796239553856395,1,42.36,1,CRITICAL,HOLD / REJECT,Abnormal early drift; Predicted value near limit; Drift above learned safety slope,train,1.470410312448208,1.4437899447382785,0,0.8,0.8351783485058704,0.5368851247163605,1,0.5603629298952533,1,0.3708151222222223,0.22114127777777784,1,61.18524071404913,61.78598800000002,24.47323635048596,0.9999999948887585,1,1.0,1.0,0.8,CRITICAL,SPECIFICATION_FAILURE,FAIL,ANOMALOUS,"Supply Current (mA) changed 61% during burn-in (0h→168h) | 1 sudden jump(s) detected in the burn-in trajectory | Degradation rate is accelerating (late-stage slope differs from early-stage slope) | Multivariate lot comparison (Isolation Forest) flags the full trajectory shape as unusual | Measurement is OUTSIDE the datasheet limit [80.0, 140.0]"
Microprocessor_0140,LOT_G07,Microprocessor,Supply Current (mA),mA,80.0,140.0,healthy,106.728188,109.414648,117.629568,125.169303,74.8501905,76.66852750000001,81.991973,87.308147,28.2904,29.294553,32.358587,35.252264,0.7600251231643247,0.7539611779007891,0.7428392505973551,0.7244073704061064,2.6864599999999967,2.5171044785282,0.1119358333333331,125.53340799999998,125.169303,18.441115,0.1097685416666666,0.1348156845238095,-0.0250471428571428,0.7600251231643247,0,25.85,0,NORMAL,PASS,Abnormal early drift,train,0.6203362522446005,0.7244073704061064,0,0.3999999999999999,0.367357447212773,0.25359287907436623,0,0.08202415158895301,0,0.11012905555555555,-0.007217291666666625,0,17.278579675689794,18.441114999999996,7.239965229219314,0.11995615573574646,0,0.5056434333333333,0.5056434333333333,0.23537549893199436,NORMAL,NORMAL,PASS,NORMAL,No significant population or temporal deviation detected
Microprocessor_0143,LOT_H08,Microprocessor,Supply Current (mA),mA,80.0,140.0,healthy,103.022467,105.753145,112.736951,120.427726,75.8337185,77.4476835,82.541493,88.2837965,28.8837595,29.0642315,31.074785,34.1056155,0.6349090264715416,0.6568820587762843,0.6554046117829498,0.6356954156425397,2.730677999999997,2.650565531497122,0.1137782499999999,122.137213,120.427726,17.405259,0.1036027321428571,0.1348156845238095,-0.0312129523809523,0.6568820587762843,0,25.67,0,NORMAL,PASS,Abnormal early drift,train,0.670098705528461,0.6356954156425397,0,0.3999999999999999,0.26522362083788115,0.21519043512008657,0,0.07264460213009256,0,0.10260300555555556,-0.006961930555555426,0,16.89462454825509,17.405259,6.745534339726372,0.08701725012606773,0,0.34759086666666694,0.34759086666666694,0.18465218823340507,NORMAL,NORMAL,PASS,NORMAL,No significant population or temporal deviation detected
Microprocessor_0147,LOT_H08,Microprocessor,Supply Current (mA),mA,80.0,140.0,healthy,105.02575,105.950533,108.988598,112.462301,75.8337185,77.4476835,82.541493,88.2837965,28.8837595,29.0642315,31.074785,34.1056155,0.6816894974180798,0.6614628226623536,0.5740450959646947,0.4781669418402162,0.9247829999999908,0.8805297748409231,0.0385326249999996,111.49923099999994,112.462301,7.436550999999994,0.0442651845238094,0.1348156845238095,-0.0905505,0.6816894974180798,0,13.55,0,NORMAL,PASS,Within learned lot behavior,train,0.46659144999167557,0.47816694184021624,0,0.19999999999999996,0.28148596984610247,0.16628539836484968,0,0.07286232572172185,0,0.044249286111111105,0.009713250000000388,0,7.080693068128525,7.436550999999994,2.9107693635666574,0.2038113835142062,0,0.08207669999999978,0.08207669999999978,0.11207442963462858,NORMAL,NORMAL,PASS,NORMAL,No significant population or temporal deviation detected
Microprocessor_0151,LOT_H08,Microprocessor,Supply Current (mA),mA,80.0,140.0,gradual_drift,104.727428,112.464965,135.330387,158.004558,75.8337185,77.4476835,82.541493,88.2837965,28.8837595,29.0642315,31.074785,34.1056155,0.6747231109146686,0.812642604836833,1.1458042656124403,1.378834795560912,7.737537000000003,7.388262222958443,0.3223973750000001,158.89018700000003,158.004558,53.27713,0.3171257738095238,0.1348156845238095,0.1823100892857142,0.812642604836833,1,43.8,1,CRITICAL,HOLD / REJECT,Abnormal early drift; Predicted value near limit; Drift above learned safety slope,train,1.630142639416087,1.378834795560912,0,1.0,0.9999999915188281,0.6206480420672282,1,0.5276883371144105,1,0.3169950069444444,-0.007478333333333476,1,50.87218412353256,53.27713,20.835161452158108,0.9999999961857287,1,1.0,1.0,0.8,CRITICAL,SPECIFICATION_FAILURE,FAIL,ANOMALOUS,"Supply Current (mA) changed 51% during burn-in (0h→168h) | 1 sudden jump(s) detected in the burn-in trajectory | Degradation rate is decelerating (late-stage slope differs from early-stage slope) | Multivariate lot comparison (Isolation Forest) flags the full trajectory shape as unusual | Measurement is OUTSIDE the datasheet limit [80.0, 140.0]"
Microprocessor_0155,LOT_H08,Microprocessor,Supply Current (mA),mA,80.0,140.0,healthy,107.489537,111.094144,119.123129,127.734198,75.8337185,77.4476835,82.541493,88.2837965,28.8837595,29.0642315,31.074785,34.1056155,0.7392236132529164,0.7808300968268941,0.7940191846391329,0.7801920850656286,3.6046070000000014,3.3534491826864987,0.1501919583333334,132.721786,127.734198,20.244661000000008,0.1205039345238095,0.1348156845238095,-0.0143117499999999,0.7808300968268941,0,31.93,0,NORMAL,PASS,Abnormal early drift; Predicted value near limit,train,0.8567704856753289,0.7801920850656286,0,0.6000000000000001,0.0,0.18826680744324253,0,0.10524601468029826,0,0.11861530833333339,-0.030593777777777845,0,18.834075915686572,20.244661000000008,7.8009873574909445,0.19183772192219523,0,0.5911399333333336,0.5911399333333336,0.23563311551608304,NORMAL,NORMAL,PASS,NORMAL,No significant population or temporal deviation detected
Microprocessor_0159,LOT_H08,Microprocessor,Supply Current (mA),mA,80.0,140.0,latent_defect,107.831459,110.839977,124.336072,139.274951,75.8337185,77.4476835,82.541493,88.2837965,28.8837595,29.0642315,31.074785,34.1056155,0.7472081427412524,0.7749316682768778,0.9071682179527406,1.0084281436085916,3.0085180000000094,2.790018820018015,0.125354916666667,128.89108500000006,139.274951,31.443491999999992,0.1871636428571428,0.1348156845238095,0.0523479583333333,0.7749316682768778,1,27.93,0,NORMAL,QA REVIEW,Abnormal early drift; Predicted value near limit; Drift above learned safety slope,train,1.1516231733671867,1.0084281436085916,0,0.8,0.13169693095664062,0.28774654185274395,0,0.2213394734627447,0,0.18925214583333327,0.08212951388888828,0,29.159850280797922,31.443491999999992,12.45995849811632,0.5301665103301325,0,0.9758316999999996,0.9758316999999996,0.3988007461261954,WARNING,NORMAL,PASS,ANOMALOUS,Measurement is approaching the datasheet limit
Microprocessor_0162,LOT_I09,Microprocessor,Supply Current (mA),mA,80.0,140.0,healthy,97.887985,101.093377,110.845758,120.434567,73.9866755,75.878016,80.15915700000001,83.28946400000001,27.6516305,28.282459000000003,29.705351,30.84101249999999,0.5830112765733709,0.6013454484762629,0.6967710569804493,0.812360772309481,3.205392000000004,3.27455100848179,0.1335580000000001,120.32572900000002,120.434567,22.546582,0.1342058452380952,0.1348156845238095,-0.0006098392857142,0.6013454484762629,0,29.44,0,NORMAL,QA REVIEW,Abnormal early drift,validation,1.1492953168429143,0.812360772309481,0,1.0,0.9999999929252514,0.571081565454655,1,0.4441077376316779,1,0.13435182916666666,-0.00038009722222240305,1,23.033043330087956,22.546582,8.830566950582996,0.9999999958860887,0,0.34781890000000004,0.34781890000000004,0.4756395012345332,WARNING,HIGH_RISK_COMPONENT,PASS,ANOMALOUS,1 sudden jump(s) detected in the burn-in trajectory | Degradation rate is decelerating (late-stage slope differs from early-stage slope) | Multivariate lot comparison (Isolation Forest) flags the full trajectory shape as unusual
Microprocessor_0166,LOT_I09,Microprocessor,Supply Current (mA),mA,80.0,140.0,healthy,103.55776,105.031918,110.927163,117.224702,73.9866755,75.878016,80.15915700000001,83.28946400000001,27.6516305,28.282459000000003,29.705351,30.84101249999999,0.7213109275039522,0.695273261129318,0.6986194418143866,0.7421612520548413,1.4741580000000027,1.4235128299414768,0.0614232500000001,113.87686600000002,117.224702,13.666941999999992,0.0813508452380951,0.1348156845238095,-0.0534648392857143,0.7213109275039522,0,17.78,0,NORMAL,PASS,Abnormal early drift,validation,1.047565918325839,0.7421612520548413,0,0.8,0.28698101365079176,0.3110334136500361,0,0.1306311445972438,0,0.0820678541666666,0.026042569444444337,0,13.197409831962368,13.666941999999992,5.398746606585749,0.36029660695937554,0,0.2408233999999998,0.2408233999999998,0.22483050329891194,NORMAL,NORMAL,PASS,NORMAL,No significant population or temporal deviation detected
Microprocessor_0170,LOT_I09,Microprocessor,Supply Current (mA),mA,80.0,140.0,healthy,101.918427,103.911346,108.31252,113.615773,73.9866755,75.878016,80.15915700000001,83.28946400000001,27.6516305,28.282459000000003,29.705351,30.84101249999999,0.681323594380683,0.6685494370329685,0.6392512645849657,0.663234230378523,1.9929190000000008,1.9554059640265056,0.0830382916666667,115.86886,113.615773,11.69734600000001,0.0696270595238095,0.1348156845238095,-0.0651886249999999,0.681323594380683,0,21.07,0,NORMAL,PASS,Abnormal early drift,validation,0.9331890904963731,0.663234230378523,0,0.3999999999999999,0.24390579207403473,0.2112047327803312,0,0.051152869964478605,0,0.06833005416666675,-0.009382000000000057,0,11.477164968411465,11.69734600000001,4.495517095087204,0.06521592626546902,0,0.12052576666666681,0.12052576666666681,0.1290481944312573,NORMAL,NORMAL,PASS,NORMAL,No significant population or temporal deviation detected
Microprocessor_0174,LOT_I09,Microprocessor,Supply Current (mA),mA,80.0,140.0,healthy,102.945283,104.08409,108.347672,112.275474,73.9866755,75.878016,80.15915700000001,83.28946400000001,27.6516305,28.282459000000003,29.705351,30.84101249999999,0.7063711185515671,0.6726691011595931,0.6400494271509329,0.6339219861571077,1.138807,1.1062255275941102,0.0474502916666666,110.916932,112.275474,9.330191,0.0555368511904761,0.1348156845238095,-0.0792788333333333,0.7063711185515671,0,15.4,0,NORMAL,PASS,Within learned lot behavior,validation,0.8907113504347077,0.6339219861571077,0,0.19999999999999996,0.24456767692300177,0.16883847686564746,0,0.06548516572292368,0,0.05617435972222223,0.007102513888888891,0,9.06325256301447,9.330191,3.693234390785018,0.15164314067481202,0,0.07584913333333332,0.07584913333333332,0.10889928370209512,NORMAL,NORMAL,PASS,NORMAL,No significant population or temporal deviation detected
Microprocessor_0178,LOT_I09,Microprocessor,Supply Current (mA),mA,80.0,140.0,healthy,104.257921,106.149022,110.245952,114.64518,73.9866755,75.878016,80.15915700000001,83.28946400000001,27.6516305,28.282459000000003,29.705351,30.84101249999999,0.7383895632338014,0.7219143790524215,0.6831518405477393,0.6857472885746674,1.891101000000006,1.813867936230961,0.0787958750000002,117.49562800000004,114.64518,10.387259,0.0618289226190476,0.1348156845238095,-0.0729867619047618,0.7383895632338014,0,20.7,0,NORMAL,PASS,Abnormal early drift,validation,0.9658138130125119,0.6857472885746674,0,0.6000000000000001,0.4610801935102953,0.318326945803372,0,0.05369205730918249,0,0.06077064583333331,-0.01769548611111145,0,9.963040601970185,10.387259,3.9972699352502685,0.09167022853596768,0,0.1548393333333331,0.1548393333333331,0.17977546791168844,NORMAL,NORMAL,PASS,NORMAL,No significant population or temporal deviation detected
Microprocessor_0181,LOT_J10,Microprocessor,Supply Current (mA),mA,80.0,140.0,healthy,104.4654,105.041977,106.328698,107.665266,77.772313,79.484622,82.7617995,86.8653165,27.5570355,27.8530605,28.019669999999994,26.263994000000004,0.6533446068030371,0.6188978688414855,0.567303443180196,0.5341675655016453,0.5765770000000003,0.5519310700002109,0.0240240416666666,108.501439,107.665266,3.199866,0.0190468214285714,0.1348156845238095,-0.115768863095238,0.6533446068030371,0,10.94,0,NORMAL,PASS,Within learned lot behavior,validation,0.4823825376863943,0.5341675655016453,0,0.19999999999999996,0.9999999905542786,0.3867396591476775,1,0.18309586289696464,1,0.018763344444444448,-0.005460597222222238,0,3.063086916816477,3.199866,1.234077920444932,0.6920865395344099,0,0.07782446666666654,0.07782446666666654,0.24349910215119017,NORMAL,HIGH_RISK_COMPONENT,PASS,NORMAL,Degradation rate is decelerating (late-stage slope differs from early-stage slope) | Multivariate lot comparison (Isolation Forest) flags the full trajectory shape as unusual
Microprocessor_0185,LOT_J10,Microprocessor,Supply Current (mA),mA,80.0,140.0,healthy,104.869632,107.456517,115.299109,123.120481,77.772313,79.484622,82.7617995,86.8653165,27.5570355,27.8530605,28.019669999999994,26.263994000000004,0.6632386590382544,0.6773684601930757,0.7832395811934989,0.9310759604405134,2.586885000000009,2.466762732608816,0.1077868750000003,122.97782700000006,123.120481,18.250849,0.1086360059523809,0.1348156845238095,-0.0261796785714285,0.6773684601930757,0,24.61,0,NORMAL,PASS,Abnormal early drift,validation,0.9843101944426137,0.9310759604405134,0,0.6000000000000001,0.0,0.20146914653854495,0,0.12349862301677339,0,0.10869319861111111,0.0008432916666662321,0,17.40336897530069,18.250849000000002,7.14405054552256,0.2850596314875417,0,0.4373493666666666,0.4373493666666666,0.2174569811554607,NORMAL,NORMAL,PASS,NORMAL,No significant population or temporal deviation detected
Microprocessor_0189,LOT_J10,Microprocessor,Supply Current (mA),mA,80.0,140.0,sudden_jump,105.789065,107.218848,123.259644,130.023293,77.772313,79.484622,82.7617995,86.8653165,27.5570355,27.8530605,28.019669999999994,26.263994000000004,0.6857428599149359,0.6716130587601147,0.9748659386056316,1.1083484235854622,1.4297830000000005,1.3515413904074118,0.0595742916666666,115.797546,130.023293,24.234228,0.1442513571428571,0.1348156845238095,0.0094356726190476,0.6857428599149359,0,16.89,0,NORMAL,QA REVIEW,Abnormal early drift; Drift above learned safety slope,validation,1.208487745656797,1.1083484235854622,0,0.8,0.41731414459804095,0.3821747304431402,0,0.19292450243987003,0,0.15492767361111112,0.034365277777777765,0,22.908065214490744,24.234228,10.361165513122655,0.49414783654782823,0,0.6674430999999998,0.6674430999999998,0.3635283131532041,WARNING,NORMAL,PASS,ANOMALOUS,Measurement is approaching the datasheet limit
Microprocessor_0193,LOT_J10,Microprocessor,Supply Current (mA),mA,80.0,140.0,latent_defect,103.269674,106.493144,120.68499,135.841806,77.772313,79.484622,82.7617995,86.8653165,27.5570355,27.8530605,28.019669999999994,26.263994000000004,0.6240778107477823,0.6540393834322203,0.9128887514421336,1.2577747923393705,3.223470000000006,3.121410066618401,0.1343112500000002,125.83396400000004,135.841806,32.572132,0.193881738095238,0.1348156845238095,0.0590660535714285,0.6540393834322203,1,28.94,0,NORMAL,QA REVIEW,Abnormal early drift; Drift above learned safety slope,validation,1.3974513152930395,1.2577747923393705,0,1.0,0.640450506992114,0.5021904464273291,1,0.34580293448358934,1,0.1961901444444444,0.07620008333333297,0,31.540849058940573,32.572131999999996,12.911015884173278,0.9999999949751049,0,0.8613935333333331,0.8613935333333331,0.5114760590310341,WARNING,HIGH_RISK_COMPONENT,PASS,ANOMALOUS,Degradation rate is accelerating (late-stage slope differs from early-stage slope) | Multivariate lot comparison (Isolation Forest) flags the full trajectory shape as unusual | Measurement is approaching the datasheet limit
Microprocessor_0197,LOT_J10,Microprocessor,Supply Current (mA),mA,80.0,140.0,healthy,108.03037,109.568228,113.338459,117.17177,77.772313,79.484622,82.7617995,86.8653165,27.5570355,27.8530605,28.019669999999994,26.263994000000004,0.7406014281258996,0.7285057331037162,0.7360427259997087,0.7783059514199213,1.537858,1.4235422872290449,0.0640774166666666,118.795376,117.17177,9.14139999999999,0.0544130952380951,0.1348156845238095,-0.0804025892857143,0.7406014281258996,0,17.99,0,NORMAL,PASS,Abnormal early drift,validation,0.7911182800661428,0.7783059514199213,0,0.3999999999999999,0.9318551298170735,0.42765830969436514,1,0.10427740215915124,0,0.05388607361111105,-0.010836986111111183,0,8.461879747334004,9.14139999999999,3.542851746668305,0.31311998725220486,0,0.2390589999999999,0.2390589999999999,0.26058608474140654,NORMAL,LATENT_ANOMALY,PASS,NORMAL,Multivariate lot comparison (Isolation Forest) flags the full trajectory shape as unusual
Microprocessor_0204,LOT_K11,Microprocessor,Supply Current (mA),mA,80.0,140.0,healthy,105.020526,109.810547,122.810724,136.439536,75.383627,76.4921145,82.0986445,87.8515675,27.9853855,28.7926415,29.293296,32.4378495,0.7142947705702016,0.7805110497240997,0.937413168590742,1.010305438866713,4.790020999999996,4.561033145082511,0.1995842083333331,138.55067299999996,136.439536,31.41901,0.1870179166666666,0.1348156845238095,0.0522022321428571,0.7805110497240997,0,40.38,0,REVIEW,QA REVIEW,Abnormal early drift; Predicted value near limit; Drift above learned safety slope,test,1.03049348910054,1.010305438866713,0,0.6000000000000001,0.8596406856227436,0.46629393158766047,1,0.27187408284825043,1,0.18595304999999998,-0.010295152777777455,0,29.91701831697167,31.41901,12.223036164259012,0.7278182919722087,0,0.8813178666666668,0.8813178666666668,0.47153077910769775,WARNING,HIGH_RISK_COMPONENT,PASS,ANOMALOUS,Degradation rate is decelerating (late-stage slope differs from early-stage slope) | Multivariate lot comparison (Isolation Forest) flags the full trajectory shape as unusual | Measurement is approaching the datasheet limit
Microprocessor_0208,LOT_K11,Microprocessor,Supply Current (mA),mA,80.0,140.0,healthy,103.336248,105.005074,109.811114,114.619991,75.383627,76.4921145,82.0986445,87.8515675,27.9853855,28.7926415,29.293296,32.4378495,0.6737010847197878,0.6679389839268619,0.6380915483196898,0.5566045399065723,1.6688259999999957,1.614947351291481,0.0695344166666664,115.01802999999995,114.619991,11.283743,0.0671651369047619,0.1348156845238095,-0.0676505476190476,0.6737010847197878,0,18.6,0,NORMAL,PASS,Abnormal early drift,test,0.48930759141951746,0.5566045399065723,0,0.3999999999999999,0.5841844339069907,0.3039582274139223,0,0.1018171862415356,0,0.06704470277777781,-0.0027444583333332134,0,10.919443291573739,11.283743000000001,4.406682946289499,0.27573718990205087,0,0.15399969999999996,0.15399969999999996,0.19311010546218318,NORMAL,NORMAL,PASS,NORMAL,No significant population or temporal deviation detected
Microprocessor_0212,LOT_K11,Microprocessor,Supply Current (mA),mA,80.0,140.0,gradual_drift,101.498355,109.148681,131.722262,154.22355,75.383627,76.4921145,82.0986445,87.8515675,27.9853855,28.7926415,29.293296,32.4378495,0.6294050415079938,0.7650063069233484,1.1426051699867117,1.3800942286384392,7.650325999999993,7.537389152760153,0.318763583333333,155.05063699999994,154.22355,52.72519499999999,0.3138404464285713,0.1348156845238095,0.1790247619047618,0.7650063069233484,1,43.29,1,CRITICAL,HOLD / REJECT,Abnormal early drift; Predicted value near limit; Drift above learned safety slope,test,1.471586902412406,1.3800942286384392,0,1.0,0.6249958597875074,0.5082570029421156,1,0.40267226763865105,1,0.31364449305555553,-0.0062456944444443385,0,51.946846823281014,52.725194999999985,20.614886257005843,0.987084532595593,1,1.0,1.0,0.8,CRITICAL,SPECIFICATION_FAILURE,FAIL,ANOMALOUS,"Supply Current (mA) changed 52% during burn-in (0h→168h) | Degradation rate is decelerating (late-stage slope differs from early-stage slope) | Multivariate lot comparison (Isolation Forest) flags the full trajectory shape as unusual | Measurement is OUTSIDE the datasheet limit [80.0, 140.0]"
Microprocessor_0216,LOT_K11,Microprocessor,Supply Current (mA),mA,80.0,140.0,healthy,101.937086,102.420824,105.360409,108.279368,75.383627,76.4921145,82.0986445,87.8515675,27.9853855,28.7926415,29.293296,32.4378495,0.6399791322381686,0.6074008514607112,0.5356121484031943,0.424761902717422,0.4837380000000024,0.4745456427899091,0.0201557500000001,105.323252,108.279368,6.342282000000012,0.0377516785714286,0.1348156845238095,-0.0970640059523808,0.6399791322381686,0,10.25,0,NORMAL,PASS,Within learned lot behavior,test,0.3320423620065332,0.424761902717422,0,0.19999999999999996,0.7982596601862999,0.31664456454366435,1,0.10567882595892443,0,0.038645798611111185,0.020385347222222138,0,6.221761136079573,6.3422820000000115,2.5453597879074406,0.3416471107967618,0,0.057354399999999806,0.057354399999999806,0.18040023620103546,NORMAL,LATENT_ANOMALY,PASS,NORMAL,Multivariate lot comparison (Isolation Forest) flags the full trajectory shape as unusual
Microprocessor_0220,LOT_K11,Microprocessor,Supply Current (mA),mA,80.0,140.0,latent_defect,101.889806,107.5415,128.106898,150.322077,75.383627,76.4921145,82.0986445,87.8515675,27.9853855,28.7926415,29.293296,32.4378495,0.6388396116441767,0.7273568007706617,1.0593598564465645,1.298969631064626,5.651694000000006,5.546868937997592,0.2354872500000002,141.45166400000005,150.322077,48.432271000000014,0.2882873273809525,0.1348156845238095,0.1534716428571429,0.7273568007706617,1,42.88,1,CRITICAL,HOLD / REJECT,Abnormal early drift; Predicted value near limit; Drift above learned safety slope,test,1.374819432339897,1.298969631064626,0,0.8,0.4153231333555091,0.3982567827248075,0,0.39336857364901884,1,0.2897816500000001,0.0730569027777776,0,47.53397116096189,48.432271000000014,19.058446246967705,0.9999999940765468,1,1.0,1.0,0.8,CRITICAL,SPECIFICATION_FAILURE,FAIL,ANOMALOUS,"Degradation rate is accelerating (late-stage slope differs from early-stage slope) | Measurement is OUTSIDE the datasheet limit [80.0, 140.0]"
Microprocessor_0223,LOT_L12,Microprocessor,Supply Current (mA),mA,80.0,140.0,healthy,103.545864,104.812991,108.859188,113.016747,76.024201,77.4027985,85.1287215,94.5769145,28.510897499999995,29.090079000000003,28.675515,28.967648,0.6510881454689003,0.6355404382616034,0.5581758644027459,0.4293581801168739,1.267127000000002,1.2237350204543198,0.0527969583333334,112.415753,113.016747,9.470883,0.0563743035714285,0.1348156845238095,-0.0784413809523809,0.6510881454689003,0,15.62,0,NORMAL,PASS,Abnormal early drift,test,0.7593516360159805,0.4293581801168739,0,0.19999999999999996,0.9999999919810472,0.3775688383545406,1,0.07457021743693895,0,0.05647583611111112,0.004946916666666468,0,9.146558475768767,9.470883,3.7122539234239156,0.18745609541825833,0,0.10055823333333325,0.10055823333333325,0.20096726898325845,NORMAL,LATENT_ANOMALY,PASS,NORMAL,Multivariate lot comparison (Isolation Forest) flags the full trajectory shape as unusual
Microprocessor_0227,LOT_L12,Microprocessor,Supply Current (mA),mA,80.0,140.0,healthy,104.976998,106.535509,111.65595,116.899623,76.024201,77.4027985,85.1287215,94.5769145,28.510897499999995,29.090079000000003,28.675515,28.967648,0.684944907030783,0.6754792254347876,0.6239598660311484,0.5197681430587549,1.55851100000001,1.4846214215422793,0.0649379583333337,115.88657500000006,116.899623,11.92262500000001,0.070968005952381,0.1348156845238095,-0.0638476785714284,0.684944907030783,0,17.81,0,NORMAL,PASS,Abnormal early drift,test,0.8909953393658595,0.5197681430587549,0,0.3999999999999999,0.19013768355808772,0.18252101758506734,0,0.043309690251477,0,0.0711839305555556,0.00789083333333293,0,11.357368973344057,11.92262500000001,4.679184122368826,0.035601238023589055,0,0.2299874333333336,0.2299874333333336,0.13632976980128447,NORMAL,NORMAL,PASS,NORMAL,No significant population or temporal deviation detected
Microprocessor_0231,LOT_L12,Microprocessor,Supply Current (mA),mA,80.0,140.0,healthy,105.353748,108.163294,115.625188,124.212775,76.024201,77.4027985,85.1287215,94.5769145,28.510897499999995,29.090079000000003,28.675515,28.967648,0.6938577935378741,0.7132215066061313,0.7173222469042855,0.6900496048691087,2.809545999999997,2.6667736585887742,0.1170644166666665,125.02056999999998,124.212775,18.859027,0.112256113095238,0.1348156845238095,-0.0225595714285714,0.7132215066061313,0,26.39,0,NORMAL,PASS,Abnormal early drift,test,1.1389379500597294,0.6900496048691087,0,1.0,0.5508671120686678,0.42563947404664737,0,0.08698820488295123,0,0.11123396666666666,0.002207625000000102,0,17.900670225799654,18.859026999999998,7.314673953369397,0.1329033306866994,0,0.4737591666666665,0.4737591666666665,0.29980290490517275,NORMAL,NORMAL,PASS,NORMAL,No significant population or temporal deviation detected
Microprocessor_0235,LOT_L12,Microprocessor,Supply Current (mA),mA,80.0,140.0,healthy,104.494464,107.702019,115.263033,122.87635,76.024201,77.4027985,85.1287215,94.5769145,28.510897499999995,29.090079000000003,28.675515,28.967648,0.6735294570564958,0.7025262546242595,0.7088038227016775,0.6589319140840818,3.207555000000013,3.069593237015899,0.1336481250000005,126.94734900000007,122.87635,18.38188600000001,0.1094159880952381,0.1348156845238095,-0.0253996964285713,0.7025262546242595,0,29.1,0,NORMAL,PASS,Abnormal early drift; Predicted value near limit,test,1.093628252750477,0.6589319140840818,0,0.8,0.1472733621282691,0.2618385511208379,0,0.09557912756963102,0,0.10816805972222222,-0.02790761111111155,0,17.591253446689777,18.38188600000001,7.113086838932115,0.1680827351651372,0,0.42921166666666677,0.42921166666666677,0.22880940480952094,NORMAL,NORMAL,PASS,NORMAL,No significant population or temporal deviation detected
Microprocessor_0239,LOT_L12,Microprocessor,Supply Current (mA),mA,80.0,140.0,healthy,104.423768,106.450246,113.002851,119.772724,76.024201,77.4027985,85.1287215,94.5769145,28.510897499999995,29.090079000000003,28.675515,28.967648,0.6718569808136151,0.6735022935184029,0.6556409806834846,0.5866662245164886,2.0264780000000115,1.9406290721093415,0.0844365833333338,118.60911400000008,119.772724,15.348956,0.0913628333333333,0.1348156845238095,-0.0434528511904761,0.6735022935184029,0,20.88,0,NORMAL,PASS,Abnormal early drift,test,0.9884039755773272,0.5866662245164886,0,0.6000000000000001,0.022209617205552194,0.17799617980685845,0,0.04441482239400337,0,0.09155826527777779,0.009589430555554931,0,14.698718782107157,15.348956000000001,6.018481750397826,0.0,0,0.3257574666666665,0.3257574666666665,0.15411589421367802,NORMAL,NORMAL,PASS,NORMAL,No significant population or temporal deviation detected
Power_MOSFET_0003,LOT_A01,Power MOSFET,Threshold Voltage (V),V,2.0,4.5,healthy,3.217471,3.187641,3.100672,3.013703,3.191466,3.172453,3.100672,3.013703,0.026005,0.0548489999999999,0.0996220000000001,0.126503,0.6744907594765952,0.1867703268050589,0.0,0.0,-0.02983,-0.9271256834948948,-0.0012429166666666,3.008661,3.013703,-0.2037680000000001,-0.0012129047619047,-0.000668125,0.0005447797619047,0.6744907594765952,0,13.8,1,CRITICAL,PASS,Drift above learned safety slope,train,0.28931497258228966,0.0,0,0.19999999999999996,0.0,0.039999999999999994,0,0.019087467632217983,0,-0.0012114041666666678,3.5013888888891934e-05,0,-6.333172855326439,-0.20376800000000017,0.07962210547760913,0.0,0,0.18903760000000003,0.18903760000000003,0.0614425070528872,NORMAL,NORMAL,PASS,NORMAL,No significant population or temporal deviation detected
Power_MOSFET_0007,LOT_A01,Power MOSFET,Threshold Voltage (V),V,2.0,4.5,healthy,3.170136,3.110081,2.924796,2.734122,3.191466,3.172453,3.100672,3.013703,0.026005,0.0548489999999999,0.0996220000000001,0.126503,-0.5532354508608323,-0.7670028195605055,-1.1907684729648609,-1.490674537562159,-0.0600549999999997,-1.8943982214012192,-0.0025022916666666,2.7497510000000016,2.734122,-0.4360139999999997,-0.0025953214285714,-0.000668125,0.0019271964285714,0.7670028195605055,0,21.57,1,CRITICAL,PASS,Abnormal early drift; Drift above learned safety slope,train,-1.5972087713485963,-1.490674537562159,0,0.6,0.0,0.2504340220366889,0,0.04143244572088143,0,-0.002596230555555555,-0.00014595833333334385,0,-13.753794789876514,-0.4360139999999997,0.17064927519678325,0.0,0,0.4127023999999999,0.4127023999999999,0.19928706710302813,NORMAL,NORMAL,PASS,NORMAL,No significant population or temporal deviation detected
Power_MOSFET_0011,LOT_A01,Power MOSFET,Threshold Voltage (V),V,2.0,4.5,healthy,3.15672,3.107075,2.990244,2.8872,3.191466,3.172453,3.100672,3.013703,0.026005,0.0548489999999999,0.0996220000000001,0.126503,-0.901205765382574,-0.8039682924585837,-0.7476527833960492,-0.6744907594765952,-0.0496449999999999,-1.5726767023999575,-0.0020685416666666,2.8092050000000004,2.8872,-0.26952,-0.0016042857142857,-0.000668125,0.0009361607142857,0.901205765382574,0,20.77,1,CRITICAL,PASS,Abnormal early drift; Drift above learned safety slope,train,-0.564287071828772,-0.6744907594765952,0,0.19999999999999996,0.0,0.09901794145420206,0,0.0268313075448038,0,-0.0015906472222222223,0.0006373749999999958,0,-8.537976127119288,-0.26952,0.1047116514299507,0.0,0,0.29024000000000005,0.29024000000000005,0.10838769959960237,NORMAL,NORMAL,PASS,NORMAL,No significant population or temporal deviation detected
Power_MOSFET_0015,LOT_A01,Power MOSFET,Threshold Voltage (V),V,2.0,4.5,healthy,3.242466,3.227302,3.200294,3.166401,3.191466,3.172453,3.100672,3.013703,0.026005,0.0548489999999999,0.0996220000000001,0.126503,1.322785184899292,0.6744907594765952,0.6744907594765953,0.8141576878853237,-0.0151639999999999,-0.4676687434810405,-0.0006318333333333,3.136318,3.166401,-0.0760649999999998,-0.0004527678571428,-0.000668125,-0.0002153571428571,1.322785184899292,0,17.6,0,NORMAL,PASS,Within learned lot behavior,train,1.3196725528569098,0.8141576878853237,0,1.0,0.0,0.27123879768996584,0,0.008151768150140477,0,-0.0004390333333333323,0.00016109722222222106,0,-2.3458996948618682,-0.07606499999999983,0.028919509006680874,0.0,0,0.06687920000000003,0.06687920000000003,0.12513206633604254,NORMAL,NORMAL,PASS,NORMAL,No significant population or temporal deviation detected
Power_MOSFET_0019,LOT_A01,Power MOSFET,Threshold Voltage (V),V,2.0,4.5,healthy,3.191466,3.172453,3.116503,3.052708,3.191466,3.172453,3.100672,3.013703,0.026005,0.0548489999999999,0.0996220000000001,0.126503,0.0,0.0,0.1071837868470209,0.2079674954221209,-0.0190130000000001,-0.5957450275202734,-0.0007922083333333,3.058374999999999,3.052708,-0.1387580000000001,-0.0008259404761904,-0.000668125,0.0001578154761904,0.0,0,4.17,0,NORMAL,PASS,Drift above learned safety slope,train,0.5525083177381628,0.2079674954221209,0,0.6000000000000001,0.0,0.1381971558494356,0,0.013390434025966078,0,-0.0008221791666666677,-9.383333333332381e-05,0,-4.347782492434516,-0.13875800000000016,0.05406812696265709,0.0,0,0.15783360000000002,0.15783360000000002,0.09220175595016068,NORMAL,NORMAL,PASS,NORMAL,No significant population or temporal deviation detected
Power_MOSFET_0022,LOT_B02,Power MOSFET,Threshold Voltage (V),V,2.0,4.5,healthy,3.208018,3.184749,3.131807,3.0904,3.122538,3.099977,2.994704,2.917358,0.0433159999999999,0.0228269999999999,0.039079,0.064877,1.331043266230942,2.504837721222682,2.3663529413884508,1.799023228591776,-0.0232689999999999,-0.725338822911841,-0.0009695416666666,3.045135,3.0904,-0.1176180000000002,-0.0007001071428571,-0.000668125,3.198214285714328e-05,2.504837721222682,0,32.21,0,NORMAL,PASS,Drift above learned safety slope,train,1.565127093925843,1.799023228591776,0,1.0,0.0,0.3574145325017804,0,0.012720518142930189,0,-0.0006946458333333349,0.0003944444444444441,0,-3.6663759367933793,-0.11761800000000022,0.045827588320246686,0.0,0,0.12768000000000013,0.12768000000000013,0.17359002025788428,NORMAL,NORMAL,PASS,NORMAL,No significant population or temporal deviation detected
Power_MOSFET_0026,LOT_B02,Power MOSFET,Threshold Voltage (V),V,2.0,4.5,healthy,3.067881,3.028992,2.890572,2.757118,3.122538,3.099977,2.994704,2.917358,0.0433159999999999,0.0228269999999999,0.039079,0.064877,-0.8510860061111936,-2.0974603128508416,-1.797284264331651,-1.6659278218556568,-0.0388889999999997,-1.2676176161982726,-0.0016203749999999,2.7956580000000018,2.757118,-0.3107629999999997,-0.0018497797619047,-0.000668125,0.0011816547619047,2.0974603128508416,0,31.6,1,CRITICAL,PASS,Abnormal early drift; Drift above learned safety slope,train,-1.4289258140820884,-1.6659278218556568,0,0.6,0.0,0.26576868441236995,0,0.030769103977055068,0,-0.0018646986111111098,-0.0002331527777777885,0,-10.129564999424675,-0.3107629999999997,0.12257906029451962,0.0,0,0.3943055999999998,0.3943055999999998,0.19747623535576997,NORMAL,NORMAL,PASS,NORMAL,No significant population or temporal deviation detected
Power_MOSFET_0030,LOT_B02,Power MOSFET,Threshold Voltage (V),V,2.0,4.5,healthy,3.109877,3.079554,2.994704,2.917358,3.122538,3.099977,2.994704,2.917358,0.0433159999999999,0.0228269999999999,0.039079,0.064877,-0.1971494945455077,-0.6034575187624568,0.0,0.0,-0.0303230000000001,-0.9750546404246888,-0.0012634583333333,2.8976159999999997,2.917358,-0.1925189999999998,-0.0011459464285714,-0.000668125,0.0004778214285714,0.6034575187624568,0,13.36,0,NORMAL,PASS,Drift above learned safety slope,train,0.010596986366754498,0.0,0,0.19999999999999996,0.0,0.039999999999999994,0,0.019074193811483463,0,-0.0011452819444444436,0.00018920833333333875,0,-6.190566379313391,-0.19251899999999988,0.07530659759069913,0.0,0,0.26611359999999995,0.26611359999999995,0.07685239752459339,NORMAL,NORMAL,PASS,NORMAL,No significant population or temporal deviation detected
Power_MOSFET_0034,LOT_B02,Power MOSFET,Threshold Voltage (V),V,2.0,4.5,healthy,3.122538,3.099977,3.033783,2.963535,3.122538,3.099977,2.994704,2.917358,0.0433159999999999,0.0228269999999999,0.039079,0.064877,0.0,0.0,0.6744907594765952,0.4800770658376696,-0.022561,-0.7225212311267326,-0.0009400416666666,2.964611,2.963535,-0.1590030000000002,-0.0009464464285714,-0.000668125,0.0002783214285714,0.0,0,5.06,0,NORMAL,PASS,Drift above learned safety slope,train,0.4254300140522625,0.4800770658376696,0,0.6000000000000001,0.0,0.16200674326079612,0,0.015391150055972743,0,-0.0009439513888888898,-3.5625000000002126e-05,0,-5.092107766182517,-0.15900300000000023,0.06204899740275832,0.0,0,0.22917200000000015,0.22917200000000015,0.11679355732670757,NORMAL,NORMAL,PASS,NORMAL,No significant population or temporal deviation detected
Power_MOSFET_0038,LOT_B02,Power MOSFET,Threshold Voltage (V),V,2.0,4.5,healthy,3.165854,3.122804,2.990273,2.852481,3.122538,3.099977,2.994704,2.917358,0.0433159999999999,0.0228269999999999,0.039079,0.064877,0.6744907594765952,0.6744907594765952,-0.0764776108713295,-0.6744907594765952,-0.04305,-1.3598226576462475,-0.00179375,2.864504,2.852481,-0.3133729999999999,-0.0018653154761904,-0.000668125,0.0011971904761904,0.6744907594765952,0,16.83,1,CRITICAL,PASS,Abnormal early drift; Drift above learned safety slope,train,-0.5722282802627995,-0.6744907594765952,0,0.19999999999999996,0.0,0.09901794145420206,0,0.02989138416400792,0,-0.0018652402777777765,-0.00012002777777777836,0,-9.898529749002952,-0.3133729999999999,0.12260461164450538,0.0,0,0.31801519999999994,0.31801519999999994,0.11516677024728399,NORMAL,NORMAL,PASS,NORMAL,No significant population or temporal deviation detected
Power_MOSFET_0041,LOT_C03,Power MOSFET,Threshold Voltage (V),V,2.0,4.5,healthy,3.164491,3.129723,3.065453,2.99881,3.117714,3.09102,2.846009,2.759504,0.046777,0.0454309999999997,0.163837,0.239306,0.6744907594765952,0.5746035936700216,0.903415896424996,0.6744907594765952,-0.0347680000000001,-1.0986917011298225,-0.0014486666666666,2.921114999999999,2.99881,-0.1656809999999997,-0.0009861964285714,-0.000668125,0.0003180714285714,0.6744907594765952,0,15.0,0,NORMAL,PASS,Drift above learned safety slope,train,1.0867219432625739,0.6744907594765952,0,1.0,0.0,0.2590179414542021,0,0.0173586597598296,0,-0.0009614249999999978,0.0005230694444444498,0,-5.23562873144527,-0.16568099999999975,0.0633332796339135,0.0,0,0.2009519999999998,0.2009519999999998,0.15074104048561265,NORMAL,NORMAL,PASS,NORMAL,No significant population or temporal deviation detected
Power_MOSFET_0045,LOT_C03,Power MOSFET,Threshold Voltage (V),V,2.0,4.5,sudden_jump,3.177526,3.166333,2.846009,2.759504,3.117714,3.09102,2.846009,2.759504,0.046777,0.0454309999999997,0.163837,0.239306,0.8624461018409483,1.1181334896537836,0.0,0.0,-0.011193,-0.3522551821763223,-0.000466375,3.099175,2.759504,-0.4180219999999996,-0.0024882261904761,-0.000668125,0.0018201011904761,1.1181334896537836,0,14.58,1,CRITICAL,PASS,Drift above learned safety slope,train,0.33648514917773253,0.0,0,0.19999999999999996,0.0,0.039999999999999994,0,0.04025231469716212,0,-0.0027516930555555536,-0.0007350833333333306,0,-13.15558078832399,-0.41802199999999967,0.18714493251621844,0.0,0,0.3923967999999999,0.3923967999999999,0.11058028587886483,NORMAL,NORMAL,PASS,NORMAL,No significant population or temporal deviation detected
Power_MOSFET_0049,LOT_C03,Power MOSFET,Threshold Voltage (V),V,2.0,4.5,accelerating_drift,3.102812,3.045589,2.732328,2.298348,3.117714,3.09102,2.846009,2.759504,0.046777,0.0454309999999997,0.163837,0.239306,-0.2148761420723868,-0.6744907594765953,-0.4680065188453091,-1.299781287043321,-0.057223,-1.844230330422856,-0.0023842916666666,2.702251,2.298348,-0.8044640000000003,-0.0047884761904761,-0.000668125,0.0041203511904761,0.6744907594765953,1,20.22,1,CRITICAL,PASS,Abnormal early drift; Drift above learned safety slope,train,-1.109262968349573,-1.299781287043321,0,0.19999999999999996,0.0,0.15373086261629057,0,0.08006188439954881,0,-0.00482485277777778,-0.003643208333333333,0,-25.92693337527379,-0.8044640000000003,0.31942677172191997,0.0,0,0.7613216000000002,0.7613216000000002,0.2457814188063358,NORMAL,NORMAL,PASS,NORMAL,Measurement is approaching the datasheet limit
Power_MOSFET_0053,LOT_C03,Power MOSFET,Threshold Voltage (V),V,2.0,4.5,latent_defect,3.064286,2.987948,2.628092,2.250793,3.117714,3.09102,2.846009,2.759504,0.046777,0.0454309999999997,0.163837,0.239306,-0.7703934048210733,-1.5302571275290442,-0.8971294813312081,-1.4338164055397626,-0.0763380000000002,-2.4912165509355275,-0.00318075,2.5299199999999984,2.250793,-0.8134930000000002,-0.0048422202380952,-0.000668125,0.0041740952380952,1.5302571275290442,1,34.02,1,CRITICAL,PASS,Abnormal early drift; Drift above learned safety slope,train,-1.2583503741927387,-1.4338164055397626,0,0.6,0.0,0.24545893548472922,0,0.08091643347857587,0,-0.004913180555555557,-0.0020595138888888824,0,-26.547554634260646,-0.8134930000000002,0.3233720696708167,0.0,0,0.7993656000000001,0.7993656000000001,0.2904232675853221,NORMAL,NORMAL,PASS,NORMAL,Measurement is approaching the datasheet limit
Power_MOSFET_0057,LOT_C03,Power MOSFET,Threshold Voltage (V),V,2.0,4.5,healthy,3.117714,3.09102,3.009846,2.953415,3.117714,3.09102,2.846009,2.759504,0.046777,0.0454309999999997,0.163837,0.239306,0.0,0.0,0.6744907594765952,0.5465436623438861,-0.0266939999999999,-0.8562042573500968,-0.0011122499999999,2.930856,2.953415,-0.1642989999999997,-0.0009779702380952,-0.000668125,0.0003098452380952,0.0,0,5.99,0,NORMAL,PASS,Drift above learned safety slope,train,0.9444062501020121,0.5465436623438861,0,0.6000000000000001,0.0,0.16782257045509005,0,0.01681692020250708,0,-0.0009884388888888875,0.0003284861111111123,0,-5.269854771797534,-0.16429899999999975,0.06521648972987956,0.0,0,0.23726799999999992,0.23726799999999992,0.12130939626303884,NORMAL,NORMAL,PASS,NORMAL,No significant population or temporal deviation detected
Power_MOSFET_0064,LOT_D04,Power MOSFET,Threshold Voltage (V),V,2.0,4.5,healthy,3.105858,3.095684,3.013443,2.95344,3.162477,3.112567,3.013443,2.932915,0.0566189999999999,0.023727,0.0425059999999999,0.0415830000000001,-0.6744907594765952,-0.4799354108080802,0.0,0.3329226568130523,-0.0101740000000001,-0.3275745381791481,-0.0004239166666666,3.034639999999999,2.95344,-0.1524179999999999,-0.0009072499999999,-0.000668125,0.0002391249999999,0.6744907594765952,0,9.6,0,NORMAL,PASS,Drift above learned safety slope,train,0.5750316020750007,0.3329226568130523,0,0.6000000000000001,0.0,0.14913073247114209,0,0.016032841754481032,0,-0.0009468597222222217,-0.00040945833333332836,0,-4.9074362060338865,-0.15241799999999994,0.06248629192220877,0.0,0,0.2372479999999999,0.2372479999999999,0.11351502969024924,NORMAL,NORMAL,PASS,NORMAL,No significant population or temporal deviation detected
Power_MOSFET_0068,LOT_D04,Power MOSFET,Threshold Voltage (V),V,2.0,4.5,healthy,3.088846,3.066859,2.970937,2.884457,3.162477,3.112567,3.013443,2.932915,0.0566189999999999,0.023727,0.0425059999999999,0.0415830000000001,-0.8771512939299715,-1.2993477318732267,-0.6744907594765951,-0.7860056567038648,-0.0219870000000002,-0.7118192360512696,-0.000916125,2.934936999999999,2.884457,-0.2043890000000003,-0.0012166011904761,-0.000668125,0.0005484761904761,1.2993477318732267,0,19.06,1,CRITICAL,PASS,Drift above learned safety slope,train,0.2529053075904044,-0.7860056567038648,0,0.19999999999999996,0.0,0.10877549496158816,0,0.02055089275582026,0,-0.0012381819444444457,-0.0002849861111111073,0,-6.617001948300445,-0.20438900000000038,0.08143675991950758,0.0,0,0.2924344000000001,0.2924344000000001,0.11021743508696338,NORMAL,NORMAL,PASS,NORMAL,No significant population or temporal deviation detected
Power_MOSFET_0072,LOT_D04,Power MOSFET,Threshold Voltage (V),V,2.0,4.5,healthy,3.258256,3.213588,3.091676,2.974498,3.162477,3.112567,3.013443,2.932915,0.0566189999999999,0.023727,0.0425059999999999,0.0415830000000001,1.1409959634028988,2.871738146966963,1.2414114615850127,0.6744907594765952,-0.0446679999999997,-1.3709174478616692,-0.0018611666666666,2.945580000000002,2.974498,-0.2837579999999997,-0.0016890357142857,-0.000668125,0.0010209107142857,2.871738146966963,0,40.71,1,CRITICAL,PASS,Abnormal early drift; Drift above learned safety slope,train,0.6733650394328513,0.6744907594765952,0,1.0,0.0,0.2590179414542021,0,0.0265489405781098,0,-0.0016837166666666655,0.00023369444444443221,0,-8.70889211897407,-0.28375799999999973,0.11068535831242533,0.0,0,0.22040159999999998,0.22040159999999998,0.15830707281292475,NORMAL,NORMAL,PASS,NORMAL,No significant population or temporal deviation detected
Power_MOSFET_0076,LOT_D04,Power MOSFET,Threshold Voltage (V),V,2.0,4.5,sudden_jump,3.162477,3.112567,2.623324,2.406178,3.162477,3.112567,3.013443,2.932915,0.0566189999999999,0.023727,0.0425059999999999,0.0415830000000001,0.0,0.0,-6.190459243312713,-8.543857806661904,-0.0499100000000001,-1.5781932959512472,-0.0020795833333333,2.813106999999999,2.406178,-0.7562989999999998,-0.0045017797619047,-0.000668125,0.0038336547619047,0.0,0,11.05,1,CRITICAL,QA REVIEW,Abnormal early drift; Drift above learned safety slope,train,-1.9804890359405756,-8.543857806661904,1,0.6,0.0,0.62,1,0.07232732933896316,0,-0.0048118458333333315,-0.0009363333333333294,0,-23.914766810952294,-0.7562989999999998,0.3211951957723682,0.0,0,0.6750575999999999,0.6750575999999999,0.41194245173558525,WARNING,LATENT_ANOMALY,PASS,ANOMALOUS,Threshold Voltage (V) is 8.5σ above/below the lot median (robust z-score) | Measurement is approaching the datasheet limit
Power_MOSFET_0080,LOT_D04,Power MOSFET,Threshold Voltage (V),V,2.0,4.5,healthy,3.184579,3.136294,3.043617,2.932915,3.162477,3.112567,3.013443,2.932915,0.0566189999999999,0.023727,0.0425059999999999,0.0415830000000001,0.2632966807246968,0.6744907594765952,0.4788049728613986,0.0,-0.0482849999999999,-1.5162129750902682,-0.0020118749999999,2.8465840000000004,2.932915,-0.2516639999999999,-0.0014979999999999,-0.000668125,0.0008298749999999,0.6744907594765952,0,17.92,1,CRITICAL,PASS,Abnormal early drift; Drift above learned safety slope,train,0.479187086842315,0.0,0,0.19999999999999996,0.0,0.039999999999999994,0,0.0246950003429943,0,-0.0014597888888888886,0.0004743472222222206,0,-7.902583041588854,-0.2516639999999999,0.09609353267097373,0.0,0,0.253668,0.253668,0.07661160013719773,NORMAL,NORMAL,PASS,NORMAL,No significant population or temporal deviation detected
Power_MOSFET_0083,LOT_E05,Power MOSFET,Threshold Voltage (V),V,2.0,4.5,sudden_jump,3.091427,3.071942,2.666243,2.512734,3.128012,3.103869,2.973068,2.880691,0.0416669999999999,0.031927,0.1315379999999999,0.155542,-0.5922251286498034,-0.6744907594765952,-1.573314382736596,-1.5956050223394935,-0.0194849999999999,-0.6302914479300328,-0.0008118749999999,2.955032,2.512734,-0.5786929999999999,-0.0034446011904761,-0.000668125,0.0027764761904761,0.6744907594765952,0,11.72,1,CRITICAL,PASS,Drift above learned safety slope,train,-1.0997373038576168,-1.5956050223394935,0,0.19999999999999996,0.0,0.17961543945470565,0,0.05720518171923187,0,-0.003751369444444444,-0.0013201944444444472,0,-18.71928400702976,-0.5786929999999999,0.2521057523981751,0.0,0,0.5898128,0.5898128,0.21269080846957503,NORMAL,NORMAL,PASS,NORMAL,No significant population or temporal deviation detected
Power_MOSFET_0087,LOT_E05,Power MOSFET,Threshold Voltage (V),V,2.0,4.5,gradual_drift,3.204844,3.103869,2.77865,2.466927,3.128012,3.103869,2.973068,2.880691,0.0416669999999999,0.031927,0.1315379999999999,0.155542,1.243729426935126,0.0,-0.996922140187025,-1.794242034974951,-0.100975,-3.150699378815319,-0.0042072916666666,2.498019,2.466927,-0.7379169999999999,-0.004392363095238,-0.000668125,0.003724238095238,1.243729426935126,1,35.53,1,CRITICAL,PASS,Abnormal early drift; Drift above learned safety slope,train,-1.2864961791069556,-1.794242034974951,0,0.6,0.0,0.2769961780603082,0,0.06915944700141977,0,-0.004410988888888889,-0.00012219444444443953,0,-23.025052077417808,-0.7379169999999999,0.28993453067071884,0.0,0,0.6264584,0.6264584,0.26375393002469116,NORMAL,NORMAL,PASS,NORMAL,Measurement is approaching the datasheet limit
Power_MOSFET_0091,LOT_E05,Power MOSFET,Threshold Voltage (V),V,2.0,4.5,healthy,3.086345,3.065525,2.973068,2.880691,3.128012,3.103869,2.973068,2.880691,0.0416669999999999,0.031927,0.1315379999999999,0.155542,-0.6744907594765952,-0.8100564939195819,0.0,0.0,-0.02082,-0.6745843384326788,-0.0008675,2.940605,2.880691,-0.205654,-0.0012241309523809,-0.000668125,0.0005560059523809,0.8100564939195819,0,13.5,1,CRITICAL,PASS,Drift above learned safety slope,train,0.4004533975662062,0.0,0,0.19999999999999996,0.0,0.039999999999999994,0,0.021007182308747943,0,-0.0012420180555555555,-0.0004155138888888855,0,-6.66335098636089,-0.205654,0.08170225416833675,0.0,0,0.2954471999999999,0.2954471999999999,0.08349231292349915,NORMAL,NORMAL,PASS,NORMAL,No significant population or temporal deviation detected
Power_MOSFET_0095,LOT_E05,Power MOSFET,Threshold Voltage (V),V,2.0,4.5,healthy,3.128012,3.112412,3.060871,3.015767,3.128012,3.103869,2.973068,2.880691,0.0416669999999999,0.031927,0.1315379999999999,0.155542,0.0,0.1804796742007869,0.4502296838504734,0.5857422035659845,-0.0156,-0.4987193143760337,-0.00065,3.018812,3.015767,-0.1122450000000001,-0.000668125,-0.000668125,0.0,0.1804796742007869,0,5.45,0,NORMAL,PASS,Within learned lot behavior,train,0.9511692670442263,0.5857422035659845,0,0.6000000000000001,0.0,0.17125244281202368,0,0.010871518728409885,0,-0.0006735013888888893,2.355555555555444e-05,0,-3.5883813744960107,-0.11224500000000015,0.04428693051284998,0.0,0,0.18738640000000006,0.18738640000000006,0.11032686461617344,NORMAL,NORMAL,PASS,NORMAL,No significant population or temporal deviation detected
Power_MOSFET_0099,LOT_E05,Power MOSFET,Threshold Voltage (V),V,2.0,4.5,healthy,3.191398,3.180653,3.104606,3.036233,3.128012,3.103869,2.973068,2.880691,0.0416669999999999,0.031927,0.1315379999999999,0.155542,1.0260703021619877,1.6221410867181634,0.6744907594765952,0.6744907594765952,-0.010745,-0.3366863048732876,-0.0004477083333333,3.116183,3.036233,-0.1551649999999997,-0.0009236011904761,-0.000668125,0.0002554761904761,1.6221410867181634,0,19.93,0,NORMAL,PASS,Drift above learned safety slope,train,1.034610818354136,0.6744907594765952,0,1.0,0.0,0.2590179414542021,0,0.01618514619820405,0,-0.0009527249999999988,-0.0005019166666666635,0,-4.861975848828626,-0.15516499999999978,0.06276923671871427,0.0,0,0.17101359999999988,0.17101359999999988,0.14428395506096242,NORMAL,NORMAL,PASS,NORMAL,No significant population or temporal deviation detected
Power_MOSFET_0102,LOT_F06,Power MOSFET,Threshold Voltage (V),V,2.0,4.5,healthy,3.185721,3.169598,3.114626,3.051819,3.136488,3.10219,3.027618,2.986493,0.0269979999999998,0.0426449999999998,0.032219,0.0653260000000002,1.2299875383847487,1.0661524941915526,1.821474657827356,0.6744907594765952,-0.0161229999999998,-0.5061020723409203,-0.0006717916666666,3.072860000000001,3.051819,-0.1339019999999999,-0.0007970357142857,-0.000668125,0.0001289107142857,1.2299875383847487,0,16.87,0,NORMAL,PASS,Drift above learned safety slope,train,0.6818722927157924,0.6744907594765952,0,1.0,0.0,0.2590179414542021,0,0.013373629226884242,0,-0.0007978569444444446,-0.00020052777777778016,0,-4.20319293497453,-0.13390199999999997,0.0524897184170386,0.0,0,0.15854479999999993,0.15854479999999993,0.14066558827243453,NORMAL,NORMAL,PASS,NORMAL,No significant population or temporal deviation detected
Power_MOSFET_0106,LOT_F06,Power MOSFET,Threshold Voltage (V),V,2.0,4.5,accelerating_drift,3.10949,3.014501,2.585889,2.071362,3.136488,3.10219,3.027618,2.986493,0.0269979999999998,0.0426449999999998,0.032219,0.0653260000000002,-0.6744907594765952,-1.3869250840132064,-9.24740459644424,-9.448724906018642,-0.0949889999999999,-3.05480963116138,-0.003957875,2.444567,2.071362,-1.038128,-0.0061793333333333,-0.000668125,0.0055112083333333,1.3869250840132064,1,36.41,1,CRITICAL,QA REVIEW,Abnormal early drift; Drift above learned safety slope,train,-1.9835879067721542,-9.448724906018642,1,0.6,0.0,0.62,1,0.10171000290074264,0,-0.006230743055555555,-0.0031883333333333303,0,-33.38579638461612,-1.038128,0.4107042819429206,0.0,0,0.9429103999999999,0.9429103999999999,0.47726608116029706,WARNING,LATENT_ANOMALY,PASS,ANOMALOUS,Threshold Voltage (V) is 9.4σ above/below the lot median (robust z-score) | Measurement is approaching the datasheet limit
Power_MOSFET_0110,LOT_F06,Power MOSFET,Threshold Voltage (V),V,2.0,4.5,healthy,3.136488,3.10219,3.007118,2.904002,3.136488,3.10219,3.027618,2.986493,0.0269979999999998,0.0426449999999998,0.032219,0.0653260000000002,0.0,0.0,-0.4291585886982845,-0.8517193344148332,-0.0342980000000001,-1.0935160600008724,-0.0014290833333333,2.896401999999999,2.904002,-0.2324859999999997,-0.0013838452380952,-0.000668125,0.0007157202380952,0.0,0,7.65,1,CRITICAL,PASS,Drift above learned safety slope,train,0.2800185344095031,-0.8517193344148332,0,0.19999999999999996,0.0,0.11452544176129789,0,0.022243726897945557,0,-0.0013759972222222201,-3.0833333333262977e-06,0,-7.41230318751418,-0.23248599999999975,0.09045467369213143,0.0,0,0.2767983999999999,0.2767983999999999,0.11006734746369737,NORMAL,NORMAL,PASS,NORMAL,No significant population or temporal deviation detected
Power_MOSFET_0114,LOT_F06,Power MOSFET,Threshold Voltage (V),V,2.0,4.5,healthy,3.145828,3.132335,3.059837,2.986493,3.136488,3.10219,3.027618,2.986493,0.0269979999999998,0.0426449999999998,0.032219,0.0653260000000002,0.2333411250282009,0.476785647659095,0.6744907594765952,0.0,-0.0134929999999999,-0.4289172834624136,-0.0005622083333333,3.051377,2.986493,-0.159335,-0.0009484226190476,-0.000668125,0.0002802976190476,0.476785647659095,0,8.17,0,NORMAL,PASS,Drift above learned safety slope,train,0.5042777087699893,0.0,0,0.19999999999999996,0.0,0.039999999999999994,0,0.016628607351844883,0,-0.0009671458333333335,-0.0004564583333333353,0,-5.064962229339939,-0.159335,0.06367365362681413,0.0,0,0.21080560000000015,0.21080560000000015,0.06481256294073798,NORMAL,NORMAL,PASS,NORMAL,No significant population or temporal deviation detected
Power_MOSFET_0118,LOT_F06,Power MOSFET,Threshold Voltage (V),V,2.0,4.5,lot_outlier,3.077593,3.059545,3.027618,2.991327,3.136488,3.10219,3.027618,2.986493,0.0269979999999998,0.0426449999999998,0.032219,0.0653260000000002,-1.471373186138765,-0.6744907594765951,0.0,0.0499110359016318,-0.0180479999999998,-0.5864323190233356,-0.0007519999999999,2.951257000000001,2.991327,-0.0862659999999997,-0.000513488095238,-0.000668125,-0.0001546369047619,1.471373186138765,0,20.04,0,NORMAL,PASS,Within learned lot behavior,train,0.5174193708768694,0.04991103590163187,0,0.6000000000000001,0.0,0.12436721564139282,0,0.009919172073718324,0,-0.0004985319444444433,0.0002479583333333289,0,-2.803034709267916,-0.08626599999999973,0.032839685613408276,0.0,0,0.20693839999999997,0.20693839999999997,0.09510223508604446,NORMAL,NORMAL,PASS,NORMAL,No significant population or temporal deviation detected
Power_MOSFET_0121,LOT_G07,Power MOSFET,Threshold Voltage (V),V,2.0,4.5,latent_defect,3.19832,3.144429,2.869129,2.57962,3.16447,3.139211,3.026509,2.94131,0.0241849999999996,0.0052180000000001,0.0527249999999996,0.0609929999999998,0.9440360640183112,0.6744907594765952,-2.0133021474903194,-3.9997469020230274,-0.0538909999999996,-1.684978363640902,-0.0022454583333333,2.821083000000002,2.57962,-0.6187,-0.003682738095238,-0.000668125,0.003014613095238,0.9440360640183112,1,22.02,1,CRITICAL,QA REVIEW,Abnormal early drift; Drift above learned safety slope,train,-1.7936498452442136,-3.9997469020230274,0,0.6,0.0,0.46997785392701485,1,0.05947379969659601,0,-0.003744734722222223,-0.0017755000000000162,0,-19.344530878711325,-0.6187,0.24656076861546736,0.0,0,0.5363040000000001,0.5363040000000001,0.3190414614494444,WARNING,LATENT_ANOMALY,PASS,ANOMALOUS,Threshold Voltage (V) deviates 4.0σ from the lot median
Power_MOSFET_0125,LOT_G07,Power MOSFET,Threshold Voltage (V),V,2.0,4.5,healthy,3.126709,3.094893,3.026509,2.949598,3.16447,3.139211,3.026509,2.94131,0.0241849999999996,0.0052180000000001,0.0527249999999996,0.0609929999999998,-1.0531091820796423,-5.728647274527184,0.0,0.0916528030190666,-0.031816,-1.0175555192376415,-0.0013256666666666,2.9039969999999995,2.949598,-0.177111,-0.0010542321428571,-0.000668125,0.0003861071428571,5.728647274527184,1,69.18,0,HIGH,PASS,Lot-level outlier; Drift above learned safety slope,train,0.6232795341067638,0.09165280301906668,0,0.6000000000000001,0.0,0.12801962026416835,0,0.017749872047556202,0,-0.001034738888888889,0.00025745833333333675,0,-5.664454223274376,-0.17711100000000002,0.06806380948189353,0.0,0,0.24032160000000002,0.24032160000000002,0.10637211692468984,NORMAL,NORMAL,PASS,NORMAL,No significant population or temporal deviation detected
Power_MOSFET_0129,LOT_G07,Power MOSFET,Threshold Voltage (V),V,2.0,4.5,healthy,3.16447,3.140392,3.080991,3.002303,3.16447,3.139211,3.026509,2.94131,0.0241849999999996,0.0052180000000001,0.0527249999999996,0.0609929999999998,0.0,0.1526587939712055,0.6969673884837208,0.6744907594765952,-0.0240780000000002,-0.7608857091392955,-0.00100325,2.9959239999999983,3.002303,-0.1621670000000001,-0.0009652797619047,-0.000668125,0.0002971547619047,0.1526587939712055,0,6.98,0,NORMAL,PASS,Drift above learned safety slope,train,0.9675817978594551,0.6744907594765952,0,1.0,0.0,0.2590179414542021,0,0.015660383546102632,0,-0.0009499875000000004,-8.963888888887913e-05,0,-5.124618024503318,-0.16216700000000017,0.06256770406927206,0.0,0,0.19815760000000004,0.19815760000000004,0.1495028500001219,NORMAL,NORMAL,PASS,NORMAL,No significant population or temporal deviation detected
Power_MOSFET_0133,LOT_G07,Power MOSFET,Threshold Voltage (V),V,2.0,4.5,healthy,3.188655,3.139211,2.973784,2.798108,3.16447,3.139211,3.026509,2.94131,0.0241849999999996,0.0052180000000001,0.0527249999999996,0.0609929999999998,0.6744907594765952,0.0,-0.6744907594765952,-1.583598539808956,-0.0494439999999998,-1.5506224411232894,-0.0020601666666666,2.842547000000001,2.798108,-0.3905469999999997,-0.0023246845238095,-0.000668125,0.0016565595238095,0.6744907594765952,0,18.16,1,CRITICAL,PASS,Abnormal early drift; Drift above learned safety slope,train,-0.36634858345125093,-1.583598539808956,0,0.19999999999999996,0.0,0.17856487223328366,0,0.03723971074911158,0,-0.0023307930555555544,-0.00037977777777778747,0,-12.248016797050788,-0.39054699999999976,0.1532401344499866,0.0,0,0.3615136,0.3615136,0.1586245531929581,NORMAL,NORMAL,PASS,NORMAL,No significant population or temporal deviation detected
Power_MOSFET_0137,LOT_G07,Power MOSFET,Threshold Voltage (V),V,2.0,4.5,healthy,3.163136,3.131047,3.039674,2.94131,3.16447,3.139211,3.026509,2.94131,0.0241849999999996,0.0052180000000001,0.0527249999999996,0.0609929999999998,-0.0372036664520055,-1.0552975393573472,0.1684148098342274,0.0,-0.032089,-1.0144679204435103,-0.0013370416666666,2.938513,2.94131,-0.221826,-0.0013203928571428,-0.000668125,0.0006522678571428,1.0552975393573472,0,18.53,1,CRITICAL,PASS,Drift above learned safety slope,train,0.5691370967292426,0.0,0,0.19999999999999996,0.0,0.039999999999999994,0,0.021105951587399075,0,-0.0013147055555555555,-2.9125000000000288e-05,0,-7.012850538200068,-0.22182600000000008,0.08642336722315039,0.0,0,0.24695199999999995,0.24695199999999995,0.07383278063495963,NORMAL,NORMAL,PASS,NORMAL,No significant population or temporal deviation detected
Power_MOSFET_0144,LOT_H08,Power MOSFET,Threshold Voltage (V),V,2.0,4.5,sudden_jump,3.225522,3.193686,2.817599,2.681876,3.23013,3.193686,2.84687,2.709884,0.0087410000000001,0.0169389999999998,0.0597729999999998,0.1434249999999997,-0.3555718361363945,0.0,-0.3302999518284091,-0.1317143956173658,-0.0318359999999997,-0.9870030339275242,-0.0013264999999999,3.002670000000001,2.681876,-0.5436459999999999,-0.003235988095238,-0.000668125,0.002567863095238,0.3555718361363945,0,10.76,1,CRITICAL,PASS,Drift above learned safety slope,train,-0.22721431839733672,-0.1317143956173658,0,0.19999999999999996,0.0,0.0515250096165195,0,0.05103857291471932,0,-0.0034983819444444446,-0.0005585416666666774,0,-16.854512230888517,-0.5436459999999999,0.2351565062010564,0.0,0,0.4544992000000001,0.4544992000000001,0.13192527301249557,NORMAL,NORMAL,PASS,NORMAL,No significant population or temporal deviation detected
Power_MOSFET_0148,LOT_H08,Power MOSFET,Threshold Voltage (V),V,2.0,4.5,lot_outlier,3.02246,2.980761,2.906643,2.853309,3.23013,3.193686,2.84687,2.709884,0.0087410000000001,0.0169389999999998,0.0597729999999998,0.1434249999999997,-16.024653474488346,-8.478419325907991,0.6744907594765952,0.6744907594765952,-0.0416989999999999,-1.379637778498307,-0.0017374583333333,2.7305670000000006,2.853309,-0.1691510000000002,-0.0010068511904761,-0.000668125,0.0003387261904761,16.024653474488346,1,100.0,0,CRITICAL,PASS,Lot-level outlier; Abnormal early drift; Drift above learned safety slope,train,0.5394734531437996,0.6744907594765952,0,0.6000000000000001,0.0,0.1790179414542021,0,0.019839358452098447,0,-0.0009847541666666688,0.0009967083333333306,0,-5.596467777902777,-0.16915100000000027,0.06535788527169097,0.0,0,0.3173528000000001,0.3173528000000001,0.14301347996252026,NORMAL,NORMAL,PASS,NORMAL,No significant population or temporal deviation detected
Power_MOSFET_0152,LOT_H08,Power MOSFET,Threshold Voltage (V),V,2.0,4.5,sudden_jump,3.238871,3.210625,2.84687,2.709884,3.23013,3.193686,2.84687,2.709884,0.0087410000000001,0.0169389999999998,0.0597729999999998,0.1434249999999997,0.6744907594765952,0.6744907594765952,0.0,0.0,-0.0282460000000002,-0.8720940105363941,-0.0011769166666666,3.0411489999999985,2.709884,-0.5289869999999999,-0.0031487321428571,-0.000668125,0.0024806071428571,0.6744907594765952,0,13.41,1,CRITICAL,PASS,Drift above learned safety slope,train,-0.10195610612009519,0.0,0,0.19999999999999996,0.0,0.039999999999999994,0,0.04963223239963978,0,-0.003404801388888888,-0.0007256666666666553,0,-16.332450412504848,-0.5289869999999999,0.22859821193362376,0.0,0,0.43209279999999983,0.43209279999999983,0.12227145295985589,NORMAL,NORMAL,PASS,NORMAL,No significant population or temporal deviation detected
Power_MOSFET_0156,LOT_H08,Power MOSFET,Threshold Voltage (V),V,2.0,4.5,healthy,3.23013,3.199212,3.124697,3.049193,3.23013,3.193686,2.84687,2.709884,0.0087410000000001,0.0169389999999998,0.0597729999999998,0.1434249999999997,0.0,0.2200387234705591,3.135056701739989,1.5956826571883862,-0.0309179999999997,-0.9571750982158544,-0.0012882499999999,3.013704000000001,3.049193,-0.1809370000000001,-0.0010770059523809,-0.000668125,0.0004088809523809,0.2200387234705591,0,9.08,0,NORMAL,PASS,Drift above learned safety slope,train,1.4155117155586434,1.5956826571883862,0,1.0,0.0,0.3396222325039838,0,0.017488394020536573,0,-0.0010657569444444456,0.00023958333333332386,0,-5.601539256933936,-0.18093700000000013,0.07007552969118402,0.0,0,0.16064560000000017,0.16064560000000017,0.1749733706098082,NORMAL,NORMAL,PASS,NORMAL,No significant population or temporal deviation detected
Power_MOSFET_0160,LOT_H08,Power MOSFET,Threshold Voltage (V),V,2.0,4.5,gradual_drift,3.244116,3.113047,2.738864,2.369146,3.23013,3.193686,2.84687,2.709884,0.0087410000000001,0.0169389999999998,0.0597729999999998,0.1434249999999997,1.0792160807733189,-3.2109487191353585,-1.218761798270613,-1.6024028753880886,-0.1310690000000001,-4.040206946977238,-0.0054612083333333,2.3266329999999997,2.369146,-0.8749699999999998,-0.0052081547619047,-0.000668125,0.0045400297619047,3.2109487191353585,1,63.07,1,CRITICAL,QA REVIEW,Lot-level outlier; Abnormal early drift; Drift above learned safety slope,train,-1.625814744185017,-1.6024028753880886,1,0.6,0.0,0.41021025159645774,1,0.08110390053938421,0,-0.005198602777777778,0.00032623611111111915,0,-26.970983774932826,-0.8749699999999998,0.34169834850886743,0.0,0,0.7046831999999998,0.7046831999999998,0.3374623008543368,WARNING,LATENT_ANOMALY,PASS,ANOMALOUS,Measurement is approaching the datasheet limit
Power_MOSFET_0163,LOT_I09,Power MOSFET,Threshold Voltage (V),V,2.0,4.5,lot_outlier,2.958609,2.92351,2.857209,2.782377,3.124851,3.08628,2.982175,2.882226,0.0630609999999998,0.0788790000000001,0.0990220000000001,0.1160019999999999,-1.778098869934008,-1.391838904144389,-0.851208945979195,-0.5805695405508421,-0.0350990000000002,-1.1863345240956211,-0.0014624583333333,2.7129159999999986,2.782377,-0.1762320000000001,-0.001049,-0.000668125,0.000380875,1.778098869934008,0,27.57,0,NORMAL,PASS,Drift above learned safety slope,validation,-0.0608065530876483,-0.5805695405508421,0,0.19999999999999996,0.0,0.09079983479819867,0,0.019127010887136503,0,-0.0010224027777777783,0.00042312500000000574,0,-5.956582975310362,-0.17623200000000017,0.06730796393211953,0.0,0,0.37409840000000005,0.37409840000000005,0.11879041827413409,NORMAL,NORMAL,PASS,NORMAL,No significant population or temporal deviation detected
Power_MOSFET_0167,LOT_I09,Power MOSFET,Threshold Voltage (V),V,2.0,4.5,healthy,3.190741,3.161165,3.081197,2.998228,3.124851,3.08628,2.982175,2.882226,0.0630609999999998,0.0788790000000001,0.0990220000000001,0.1160019999999999,0.704749308477712,0.6403382462176853,0.6744907594765953,0.6744907594765952,-0.029576,-0.9269320198662332,-0.0012323333333333,2.983709,2.998228,-0.1925129999999999,-0.0011459107142857,-0.000668125,0.0004777857142857,0.704749308477712,0,14.12,0,NORMAL,PASS,Drift above learned safety slope,validation,0.7944307139987734,0.6744907594765952,0,0.6000000000000001,0.0,0.1790179414542021,0,0.018314041057966253,0,-0.001139505555555555,7.998611111111509e-05,0,-6.033488772670672,-0.19251299999999993,0.07490122029838697,0.0,0,0.20141759999999986,0.20141759999999986,0.11921631300486733,NORMAL,NORMAL,PASS,NORMAL,No significant population or temporal deviation detected
Power_MOSFET_0171,LOT_I09,Power MOSFET,Threshold Voltage (V),V,2.0,4.5,healthy,3.187912,3.165159,3.078423,3.005356,3.124851,3.08628,2.982175,2.882226,0.0630609999999998,0.0788790000000001,0.0990220000000001,0.1160019999999999,0.6744907594765952,0.6744907594765952,0.6555955910616157,0.7159363391523683,-0.0227529999999998,-0.713727355083823,-0.0009480416666666,3.028641000000001,3.005356,-0.1825559999999999,-0.0010866428571428,-0.000668125,0.0004185178571428,0.6744907594765952,0,12.3,0,NORMAL,PASS,Drift above learned safety slope,validation,0.8226730257776943,0.7159363391523683,0,1.0,0.0,0.26264442967583224,0,0.01736358919003473,0,-0.0011030652777777779,-6.677777777778593e-05,0,-5.726506879738209,-0.18255599999999994,0.07255650912392356,0.0,0,0.1957152000000001,0.1957152000000001,0.1511462475463468,NORMAL,NORMAL,PASS,NORMAL,No significant population or temporal deviation detected
Power_MOSFET_0175,LOT_I09,Power MOSFET,Threshold Voltage (V),V,2.0,4.5,gradual_drift,3.110642,3.004649,2.6621,2.320432,3.124851,3.08628,2.982175,2.882226,0.0630609999999998,0.0788790000000001,0.0990220000000001,0.1160019999999999,-0.1519772791646669,-0.6980229869399168,-2.1801986411047105,-3.2665373159893343,-0.1059929999999997,-3.4074316491579486,-0.0044163749999999,2.368691000000001,2.320432,-0.7902100000000001,-0.0047036309523809,-0.000668125,0.0040355059523809,0.6980229869399168,1,31.41,1,CRITICAL,QA REVIEW,Abnormal early drift; Drift above learned safety slope,validation,-1.8911088419083473,-3.2665373159893343,1,0.6,0.0,0.5558220151490667,1,0.0764224766965661,0,-0.004718605555555557,-0.0003290138888889021,0,-25.403437618343737,-0.7902100000000001,0.3101497650961347,0.0,0,0.7436544000000002,0.7436544000000002,0.4016286767382532,WARNING,LATENT_ANOMALY,PASS,ANOMALOUS,Threshold Voltage (V) deviates 3.3σ from the lot median | Measurement is approaching the datasheet limit
Power_MOSFET_0179,LOT_I09,Power MOSFET,Threshold Voltage (V),V,2.0,4.5,healthy,3.124851,3.08628,2.982175,2.882226,3.124851,3.08628,2.982175,2.882226,0.0630609999999998,0.0788790000000001,0.0990220000000001,0.1160019999999999,0.0,0.0,0.0,0.0,-0.0385710000000001,-1.2343308528950705,-0.001607125,2.854853999999999,2.882226,-0.2426249999999998,-0.0014441964285714,-0.000668125,0.0007760714285714,0.0,0,8.64,1,CRITICAL,PASS,Abnormal early drift; Drift above learned safety slope,validation,0.3348116552195279,0.0,0,0.19999999999999996,0.0,0.039999999999999994,0,0.023756006252747396,0,-0.0014389361111111108,0.0002189444444444552,0,-7.764370205171378,-0.24262499999999987,0.09459675674408712,0.0,0,0.2942191999999999,0.2942191999999999,0.08434624250109893,NORMAL,NORMAL,PASS,NORMAL,No significant population or temporal deviation detected
Power_MOSFET_0182,LOT_J10,Power MOSFET,Threshold Voltage (V),V,2.0,4.5,healthy,3.204338,3.166207,3.105376,3.033832,3.253344,3.204565,3.105376,2.999555,0.0474130000000001,0.0383580000000001,0.0505340000000003,0.0922519999999997,-0.6971525564488609,-0.6744907594765952,0.0,0.2506126670704075,-0.0381309999999999,-1.1899805825727472,-0.0015887916666666,2.9374210000000005,3.033832,-0.170506,-0.0010149166666666,-0.000668125,0.0003467916666666,0.6971525564488609,0,15.88,0,NORMAL,PASS,Drift above learned safety slope,validation,0.6361492406525877,0.2506126670704075,0,0.6000000000000001,0.0,0.14192860836866067,0,0.01780726278807443,0,-0.0009787833333333336,0.0005951249999999926,0,-5.321099085052826,-0.17050600000000005,0.06454738654808188,0.0,0,0.17293440000000015,0.17293440000000015,0.09848122846269408,NORMAL,NORMAL,PASS,NORMAL,No significant population or temporal deviation detected
Power_MOSFET_0186,LOT_J10,Power MOSFET,Threshold Voltage (V),V,2.0,4.5,healthy,3.25758,3.204565,3.054842,2.907303,3.253344,3.204565,3.105376,2.999555,0.0474130000000001,0.0383580000000001,0.0505340000000003,0.0922519999999997,0.0602607482577127,0.0,-0.6744907594765952,-0.6744907594765952,-0.0530149999999998,-1.6274350898519705,-0.0022089583333333,2.886475000000001,2.907303,-0.3502769999999997,-0.0020849821428571,-0.000668125,0.0014168571428571,0.0602607482577127,0,12.04,1,CRITICAL,PASS,Abnormal early drift; Drift above learned safety slope,validation,-1.03368444820066,-0.6744907594765952,0,0.19999999999999996,0.0,0.09901794145420206,0,0.032491763895611356,0,-0.002080299999999999,0.00015980555555555236,0,-10.752675298841464,-0.3502769999999997,0.13673804643642523,0.0,0,0.2741575999999999,0.2741575999999999,0.10743540213992536,NORMAL,NORMAL,PASS,NORMAL,No significant population or temporal deviation detected
Power_MOSFET_0190,LOT_J10,Power MOSFET,Threshold Voltage (V),V,2.0,4.5,healthy,3.13803,3.104636,2.997774,2.893916,3.253344,3.204565,3.105376,2.999555,0.0474130000000001,0.0383580000000001,0.0505340000000003,0.0922519999999997,-1.6404409642562936,-1.7571611424927378,-1.4361925575097985,-0.7723683967865004,-0.0333939999999999,-1.064170833293497,-0.0013914166666666,2.9042720000000006,2.893916,-0.2441140000000001,-0.0014530595238095,-0.000668125,0.0007849345238095,1.7571611424927378,0,26.49,1,CRITICAL,PASS,Drift above learned safety slope,validation,-1.210355911601769,-0.7723683967865004,0,0.6,0.0,0.18758223471881877,0,0.023444169424012073,0,-0.001458227777777779,-5.1055555555561995e-05,0,-7.779211798485042,-0.24411400000000016,0.09584735239431506,0.0,0,0.2848672000000001,0.2848672000000001,0.14138400165713236,NORMAL,NORMAL,PASS,NORMAL,No significant population or temporal deviation detected
Power_MOSFET_0194,LOT_J10,Power MOSFET,Threshold Voltage (V),V,2.0,4.5,healthy,3.253344,3.22766,3.164693,3.093538,3.253344,3.204565,3.105376,2.999555,0.0474130000000001,0.0383580000000001,0.0505340000000003,0.0922519999999997,0.0,0.4061047001958386,0.7917198001320498,0.6871467832446895,-0.0256839999999995,-0.7894646247061361,-0.0010701666666666,3.0735560000000026,3.093538,-0.1598059999999996,-0.0009512261904761,-0.000668125,0.0002831011904761,0.4061047001958386,0,9.93,0,NORMAL,PASS,Drift above learned safety slope,validation,1.4241037034767048,0.6871467832446895,0,1.0,0.0,0.2601253435339103,0,0.015001289072305487,0,-0.0009395930555555545,8.190277777775975e-05,0,-4.912053567037476,-0.15980599999999967,0.061782488058409316,0.0,0,0.12516959999999988,0.12516959999999988,0.1350845730424863,NORMAL,NORMAL,PASS,NORMAL,No significant population or temporal deviation detected
Power_MOSFET_0198,LOT_J10,Power MOSFET,Threshold Voltage (V),V,2.0,4.5,healthy,3.300757,3.255719,3.121915,2.999555,3.253344,3.204565,3.105376,2.999555,0.0474130000000001,0.0383580000000001,0.0505340000000003,0.0922519999999997,0.6744907594765952,0.8994968535967881,0.2207504387339859,0.0,-0.0450379999999999,-1.364474876520747,-0.0018765833333333,2.985491000000001,2.999555,-0.3012019999999999,-0.001792869047619,-0.000668125,0.001124744047619,0.8994968535967881,0,19.3,1,CRITICAL,PASS,Abnormal early drift; Drift above learned safety slope,validation,0.1837874156731542,0.0,0,0.19999999999999996,0.0,0.039999999999999994,0,0.02767565229209514,0,-0.0017966305555555556,0.00017713888888888489,0,-9.125240058568382,-0.30120199999999997,0.11811832047887406,0.0,0,0.20035599999999998,0.20035599999999998,0.06714146091683806,NORMAL,NORMAL,PASS,NORMAL,No significant population or temporal deviation detected
Power_MOSFET_0201,LOT_K11,Power MOSFET,Threshold Voltage (V),V,2.0,4.5,latent_defect,3.197466,3.132917,2.867178,2.597348,3.17226,3.112989,2.867178,2.693964,0.0252059999999998,0.0199280000000001,0.0743,0.1307210000000003,0.6744907594765952,0.6744907594765952,0.0,-0.4985166822284889,-0.0645489999999999,-2.018754851498029,-0.0026895416666666,2.745623,2.597348,-0.6001179999999997,-0.0035721309523809,-0.000668125,0.0029040059523809,0.6744907594765952,1,21.44,1,CRITICAL,PASS,Abnormal early drift; Drift above learned safety slope,test,-0.821194815687406,-0.4985166822284889,0,0.19999999999999996,0.0,0.08362020969499276,0,0.057196103962814486,0,-0.003613419444444443,-0.0010580972222222207,0,-18.768549845408824,-0.6001179999999997,0.2376523128767895,0.0,0,0.5221215999999999,0.5221215999999999,0.16075084546312288,NORMAL,NORMAL,PASS,NORMAL,No significant population or temporal deviation detected
Power_MOSFET_0205,LOT_K11,Power MOSFET,Threshold Voltage (V),V,2.0,4.5,lot_outlier,2.947465,2.902735,2.792878,2.693964,3.17226,3.112989,2.867178,2.693964,0.0252059999999998,0.0199280000000001,0.0743,0.1307210000000003,-6.015319776106577,-7.1163378233134695,-0.6744907594765952,0.0,-0.0447299999999999,-1.5175752723102711,-0.0018637499999999,2.634355,2.693964,-0.253501,-0.0015089345238095,-0.000668125,0.0008408095238095,7.1163378233134695,1,87.72,1,CRITICAL,PASS,Lot-level outlier; Abnormal early drift; Drift above learned safety slope,test,-0.13538225096653322,0.0,0,0.19999999999999996,0.0,0.039999999999999994,0,0.026795576243310356,0,-0.0014987930555555552,0.0004899444444444396,0,-8.600644961008868,-0.253501,0.09861495219919744,0.0,0,0.44482880000000014,0.44482880000000014,0.11568399049732417,NORMAL,NORMAL,PASS,NORMAL,No significant population or temporal deviation detected
Power_MOSFET_0209,LOT_K11,Power MOSFET,Threshold Voltage (V),V,2.0,4.5,latent_defect,3.17226,3.112989,2.840794,2.533866,3.17226,3.112989,2.867178,2.693964,0.0252059999999998,0.0199280000000001,0.0743,0.1307210000000003,0.0,0.0,-0.2395123041457685,-0.8260694273351905,-0.0592710000000002,-1.8684155775377895,-0.002469625,2.757362999999998,2.533866,-0.6383939999999999,-0.0037999642857142,-0.000668125,0.0031318392857142,0.0,1,13.08,1,CRITICAL,PASS,Abnormal early drift; Drift above learned safety slope,test,-1.271811206695217,-0.8260694273351905,0,0.6,0.0,0.19228107489182916,0,0.06179006743347118,0,-0.003842361111111111,-0.0017932638888888716,0,-20.12426471978967,-0.6383939999999999,0.25305730874781596,0.0,0,0.5729071999999998,0.5729071999999998,0.2162098969301201,NORMAL,NORMAL,PASS,NORMAL,No significant population or temporal deviation detected
Power_MOSFET_0213,LOT_K11,Power MOSFET,Threshold Voltage (V),V,2.0,4.5,healthy,3.143655,3.10843,2.971328,2.824685,3.17226,3.112989,2.867178,2.693964,0.0252059999999998,0.0199280000000001,0.0743,0.1307210000000003,-0.765445059701193,-0.1543056690312002,0.94546719514788,0.6744907594765952,-0.035225,-1.1205109975490335,-0.0014677083333333,2.8970799999999994,2.824685,-0.3189699999999997,-0.0018986309523809,-0.000668125,0.0012305059523809,0.765445059701193,0,16.14,1,CRITICAL,PASS,Drift above learned safety slope,test,0.7925189690475204,0.6744907594765952,0,0.6000000000000001,0.0,0.1790179414542021,0,0.031343510027747316,0,-0.001913551388888887,-0.0005689999999999985,0,-10.146469634867685,-0.31896999999999975,0.12586987559877053,0.0,0,0.3402519999999999,0.3402519999999999,0.15219498059277975,NORMAL,NORMAL,PASS,NORMAL,No significant population or temporal deviation detected
Power_MOSFET_0217,LOT_K11,Power MOSFET,Threshold Voltage (V),V,2.0,4.5,healthy,3.192835,3.148161,3.029593,2.915319,3.17226,3.112989,2.867178,2.693964,0.0252059999999998,0.0199280000000001,0.0743,0.1307210000000003,0.5505692048016758,1.1904450518020244,1.4743932261156298,1.14214167627192,-0.0446740000000001,-1.399195385918787,-0.0018614166666666,2.880117,2.915319,-0.2775159999999999,-0.0016518809523809,-0.000668125,0.0009837559523809,1.1904450518020244,0,22.69,1,CRITICAL,PASS,Abnormal early drift; Drift above learned safety slope,test,1.4358693043016388,1.14214167627192,0,1.0,0.0,0.29993739667379304,0,0.026582927909399576,0,-0.0016443861111111104,0.00027427777777778214,0,-8.69183656530951,-0.2775159999999999,0.10810618673322996,0.0,0,0.2677447999999998,0.2677447999999998,0.184157089833277,NORMAL,NORMAL,PASS,NORMAL,No significant population or temporal deviation detected
Power_MOSFET_0224,LOT_L12,Power MOSFET,Threshold Voltage (V),V,2.0,4.5,healthy,3.113022,3.080093,3.016152,2.955865,3.192113,3.19193,3.150668,3.072944,0.041188,0.0268429999999999,0.031962,0.1170789999999999,-1.295186672277445,-2.810156207114857,-2.8386771479179527,-0.6744907594765952,-0.0329289999999997,-1.0577824377726777,-0.0013720416666666,2.8825190000000016,2.955865,-0.1571569999999997,-0.0009354583333333,-0.000668125,0.0002673333333333,2.810156207114857,0,37.85,0,REVIEW,PASS,Drift above learned safety slope,test,-0.27143152322228464,-0.6744907594765952,0,0.19999999999999996,0.0,0.09901794145420206,0,0.016916433533240776,0,-0.0009161666666666659,0.0005347222222222157,0,-5.048374216436626,-0.15715699999999977,0.060374874960533,0.0,0,0.23530799999999985,0.23530799999999985,0.09343534999497712,NORMAL,NORMAL,PASS,NORMAL,No significant population or temporal deviation detected
Power_MOSFET_0228,LOT_L12,Power MOSFET,Threshold Voltage (V),V,2.0,4.5,healthy,3.295584,3.255486,3.161581,3.072944,3.192113,3.19193,3.150668,3.072944,0.041188,0.0268429999999999,0.031962,0.1170789999999999,1.6944312269059605,1.596987471940334,0.2302959032028045,0.0,-0.0400979999999999,-1.21671910046899,-0.0016707499999999,3.014898,3.072944,-0.2226399999999997,-0.001325238095238,-0.000668125,0.000657113095238,1.6944312269059605,0,26.87,1,CRITICAL,PASS,Abnormal early drift; Drift above learned safety slope,test,0.4088089729406208,0.0,0,0.19999999999999996,0.0,0.039999999999999994,0,0.021286211247024095,0,-0.001311620833333332,0.0004396805555555562,0,-6.755707030984485,-0.22263999999999973,0.08628784378860954,0.0,0,0.1416447999999999,0.1416447999999999,0.05284344449880962,NORMAL,NORMAL,PASS,NORMAL,No significant population or temporal deviation detected
Power_MOSFET_0232,LOT_L12,Power MOSFET,Threshold Voltage (V),V,2.0,4.5,healthy,3.192113,3.19193,3.18263,3.195272,3.192113,3.19193,3.150668,3.072944,0.041188,0.0268429999999999,0.031962,0.1170789999999999,0.0,0.0,0.6744907594765952,0.7047301875251153,-0.0001829999999998,-0.0057328797570706,-7.624999999992592e-06,3.190832000000001,3.195272,0.0031590000000001,1.8803571428572225e-05,-0.000668125,-0.0006493214285714,0.0,0,0.04,0,NORMAL,PASS,Within learned lot behavior,test,1.1195466749590524,0.7047301875251153,0,1.0,0.0,0.2616638914084476,0,0.008047828468066613,0,4.887500000000377e-06,0.0001832083333333265,0,0.09896266203609126,0.003159000000000134,0.004726383309413244,0.0,0,0.04378239999999989,0.04378239999999989,0.11664116795060567,NORMAL,NORMAL,PASS,NORMAL,No significant population or temporal deviation detected
Power_MOSFET_0236,LOT_L12,Power MOSFET,Threshold Voltage (V),V,2.0,4.5,healthy,3.233301,3.199698,3.150668,3.094981,3.192113,3.19193,3.150668,3.072944,0.041188,0.0268429999999999,0.031962,0.1170789999999999,0.6744907594765952,0.1951884744482434,0.0,0.1269549011059694,-0.0336029999999998,-1.0392784340214485,-0.0014001249999999,2.998080000000001,3.094981,-0.1383199999999997,-0.0008233333333333,-0.000668125,0.0001552083333333,0.6744907594765952,0,14.58,0,NORMAL,PASS,Drift above learned safety slope,test,0.5368461086689923,0.1269549011059694,0,0.6000000000000001,0.0,0.13110855384677234,0,0.015236044696556681,0,-0.0007898708333333325,0.0006266944444444397,0,-4.277980924139131,-0.13831999999999978,0.052177838720092594,0.0,0,0.12401519999999988,0.12401519999999988,0.08334087941733159,NORMAL,NORMAL,PASS,NORMAL,No significant population or temporal deviation detected
Power_MOSFET_0240,LOT_L12,Power MOSFET,Threshold Voltage (V),V,2.0,4.5,sudden_jump,3.187795,3.165087,2.809633,2.693849,3.192113,3.19193,3.150668,3.072944,0.041188,0.0268429999999999,0.031962,0.1170789999999999,-0.0707111561479063,-0.6744907594765952,-7.196826110947389,-2.183961892942201,-0.0227079999999997,-0.7123419165912404,-0.0009461666666666,3.028839000000002,2.693849,-0.4939459999999998,-0.0029401547619047,-0.000668125,0.0022720297619047,0.6744907594765952,0,12.29,1,CRITICAL,PASS,Drift above learned safety slope,test,-1.7937702333463885,-2.183961892942201,1,0.6,0.0,0.46109666563244256,1,0.047096484384593684,0,-0.0032062916666666668,-0.000661944444444451,0,-15.49491105921177,-0.4939459999999998,0.21640868972848573,0.0,0,0.4449207999999999,0.4449207999999999,0.2922614200068145,NORMAL,LATENT_ANOMALY,PASS,NORMAL,No significant population or temporal deviation detected
RF_MMIC_0004,LOT_A01,RF MMIC,Supply Current (mA),mA,35.0,65.0,healthy,46.782268,47.87979,50.546185,53.690699,74.089505,76.9284575,86.5037595,96.8703165,27.8672405,29.010908,33.02880999999999,33.808141500000005,-0.6609365941108298,-0.6753686511245386,-0.7342998955590969,-0.8614567884923185,1.097521999999998,2.3460213600588964,0.0457300833333332,54.46492199999999,53.690699,6.908431,0.041121613095238,0.1348156845238095,-0.0936940714285714,0.6753686511245386,0,23.74,0,NORMAL,PASS,Abnormal early drift,train,-1.2004928050094548,-0.8614567884923185,0,0.6,0.0,0.19537746899307787,0,0.0545165321111348,0,0.04055916250000001,-0.002056277777777678,0,14.767199828789831,6.908431,2.6676574297925235,0.04024307650623728,0,0.24604660000000012,0.24604660000000012,0.1491669204416851,NORMAL,NORMAL,PASS,NORMAL,No significant population or temporal deviation detected
RF_MMIC_0008,LOT_A01,RF MMIC,Supply Current (mA),mA,35.0,65.0,accelerating_drift,47.690427,49.558446,59.798993,73.217574,74.089505,76.9284575,86.5037595,96.8703165,27.8672405,29.010908,33.02880999999999,33.808141500000005,-0.6389557720902389,-0.6363406427512761,-0.5453456615067312,-0.4718850414338611,1.868019000000004,3.916968493488229,0.0778341250000001,60.76656000000003,73.217574,25.527147,0.1519473035714285,0.1348156845238095,0.017131619047619,0.6389557720902389,1,34.34,1,CRITICAL,HOLD / REJECT,Abnormal early drift; Predicted value near limit; Drift above learned safety slope,train,-0.6295920387377487,-0.4718850414338611,0,0.19999999999999996,0.7322649310539676,0.3009694204416531,1,0.47901777458315253,1,0.15344599444444443,0.10853505555555536,1,53.52677383240876,25.527147,10.14403629033298,0.7651902968412151,1,1.0,1.0,0.8,CRITICAL,SPECIFICATION_FAILURE,FAIL,ANOMALOUS,"Supply Current (mA) changed 54% during burn-in (0h→168h) | 1 sudden jump(s) detected in the burn-in trajectory | Degradation rate is accelerating (late-stage slope differs from early-stage slope) | Multivariate lot comparison (Isolation Forest) flags the full trajectory shape as unusual | Measurement is OUTSIDE the datasheet limit [35.0, 65.0]"
RF_MMIC_0012,LOT_A01,RF MMIC,Supply Current (mA),mA,35.0,65.0,healthy,45.102588,46.487681,50.631087,54.414188,74.089505,76.9284575,86.5037595,96.8703165,27.8672405,29.010908,33.02880999999999,33.808141500000005,-0.7015910908801691,-0.7077345686850713,-0.7325660875756703,-0.8470227905429499,1.3850930000000048,3.070983421173093,0.0577122083333335,54.79823900000003,54.414188,9.311600000000006,0.0554261904761905,0.1348156845238095,-0.079389494047619,0.7077345686850713,0,29.16,0,NORMAL,PASS,Abnormal early drift,train,-1.1793403971362466,-0.8470227905429499,0,0.4,0.8376072861736601,0.4053966800246061,1,0.1184914283252543,0,0.05556210138888892,-0.005169138888889063,0,20.645378486928525,9.311600000000006,3.652891474997377,0.2250891066244817,0,0.2942792000000003,0.2942792000000003,0.26841108333994423,NORMAL,LATENT_ANOMALY,PASS,NORMAL,Multivariate lot comparison (Isolation Forest) flags the full trajectory shape as unusual
RF_MMIC_0016,LOT_A01,RF MMIC,Supply Current (mA),mA,35.0,65.0,accelerating_drift,47.341028,50.110357,62.51795,77.330473,74.089505,76.9284575,86.5037595,96.8703165,27.8672405,29.010908,33.02880999999999,33.808141500000005,-0.6474125260652284,-0.6235089564919738,-0.4898210642864801,-0.3898304756671943,2.769328999999999,5.849744116245213,0.1153887083333333,66.72633099999999,77.330473,29.989445,0.1785086011904761,0.1348156845238095,0.0436929166666666,0.6474125260652284,1,42.01,1,CRITICAL,HOLD / REJECT,Abnormal early drift; Predicted value near limit; Drift above learned safety slope,train,-0.5093445751421589,-0.3898304756671943,0,0.0,0.8334123761244822,0.28413387945822416,1,0.6915661269500326,1,0.17999450555555555,0.09034077777777778,2,63.347684380660255,29.989444999999996,11.862938276005295,0.9999999920904045,1,1.0,1.0,0.8,CRITICAL,SPECIFICATION_FAILURE,FAIL,ANOMALOUS,"Supply Current (mA) changed 63% during burn-in (0h→168h) | 2 sudden jump(s) detected in the burn-in trajectory | Degradation rate is accelerating (late-stage slope differs from early-stage slope) | Multivariate lot comparison (Isolation Forest) flags the full trajectory shape as unusual | Measurement is OUTSIDE the datasheet limit [35.0, 65.0]"
RF_MMIC_0020,LOT_A01,RF MMIC,Supply Current (mA),mA,35.0,65.0,healthy,46.481213,47.212274,49.485146,51.752516,74.089505,76.9284575,86.5037595,96.8703165,27.8672405,29.010908,33.02880999999999,33.808141500000005,-0.668223243666039,-0.6908881024220567,-0.7559676759285467,-0.9001245905563459,0.731061000000004,1.5728096424678162,0.0304608750000001,51.59864000000002,51.752516,5.271303000000003,0.0313768035714285,0.1348156845238095,-0.1034388809523809,0.6908881024220567,0,18.49,0,NORMAL,PASS,Abnormal early drift,train,-1.2571588183820397,-0.9001245905563459,0,0.8,0.4995451141909287,0.3886244359309589,0,0.13709452023427204,0,0.03142642083333334,0.0010303749999998335,0,11.340717377577912,5.271303000000003,2.065572109547786,0.41189040640544394,0,0.1168343999999999,0.1168343999999999,0.2336544624660924,NORMAL,NORMAL,PASS,NORMAL,No significant population or temporal deviation detected
RF_MMIC_0023,LOT_B02,RF MMIC,Supply Current (mA),mA,35.0,65.0,healthy,45.968109,46.755498,48.79586,50.564993,74.2285325,76.25891899999999,81.74678449999999,87.21253,28.3434895,29.11558949999999,32.77209199999999,35.6832935,-0.6725140357063382,-0.6834752508599466,-0.6781713566366454,-0.6927170291631467,0.7873890000000046,1.712902743073474,0.0328078750000001,51.47983200000003,50.564993,4.596884000000003,0.0273624047619047,0.1348156845238095,-0.1074532797619047,0.6834752508599466,0,19.39,0,NORMAL,PASS,Abnormal early drift,train,-1.0483847143911187,-0.6927170291631467,0,0.8,0.34359144198060404,0.32369017264595656,0,0.037383448015668515,0,0.02727848472222222,-0.00823658333333347,0,10.000159023291568,4.596884000000003,1.7950045348573636,0.02586099445235747,0,0.037666200000000094,0.037666200000000094,0.15196268826465006,NORMAL,NORMAL,PASS,NORMAL,No significant population or temporal deviation detected
RF_MMIC_0027,LOT_B02,RF MMIC,Supply Current (mA),mA,35.0,65.0,healthy,47.684663,48.446821,50.144801,51.632454,74.2285325,76.25891899999999,81.74678449999999,87.21253,28.3434895,29.11558949999999,32.77209199999999,35.6832935,-0.6316651553614325,-0.6442941195697753,-0.6504084588765903,-0.672539727407028,0.7621579999999994,1.5983294251235445,0.0317565833333333,53.019769,51.632454,3.9477910000000014,0.0234987559523809,0.1348156845238095,-0.1113169285714285,0.6442941195697753,0,18.17,0,NORMAL,PASS,Abnormal early drift,train,-1.0205364278999345,-0.672539727407028,0,0.19999999999999996,0.43951997717620905,0.23070321930097765,0,0.06387564593035679,0,0.02323192500000001,-0.011094736111111066,0,8.2789533397772,3.9477910000000023,1.5301699806554796,0.15035462265586014,0,0.10883026666666695,0.10883026666666695,0.13959759942586716,NORMAL,NORMAL,PASS,NORMAL,No significant population or temporal deviation detected
RF_MMIC_0031,LOT_B02,RF MMIC,Supply Current (mA),mA,35.0,65.0,healthy,46.625427,47.358779,49.288499,51.627569,74.2285325,76.25891899999999,81.74678449999999,87.21253,28.3434895,29.11558949999999,32.77209199999999,35.6832935,-0.6568718221024825,-0.6694996636623116,-0.668032228098321,-0.6726320643814737,0.7333519999999965,1.5728585177353902,0.0305563333333331,51.75889099999998,51.627569,5.002141999999999,0.0297746547619047,0.1348156845238095,-0.1050410297619047,0.6694996636623116,0,18.26,0,NORMAL,PASS,Abnormal early drift,train,-1.0206638694453487,-0.6726320643814737,0,0.4,0.0,0.13885530563337894,0,0.032384361959842116,0,0.029451300000000003,0.0019307500000001407,0,10.728356439502418,5.002141999999999,1.9376019010082415,0.0,0,0.10850460000000006,0.10850460000000006,0.09019678703728844,NORMAL,NORMAL,PASS,NORMAL,No significant population or temporal deviation detected
RF_MMIC_0035,LOT_B02,RF MMIC,Supply Current (mA),mA,35.0,65.0,latent_defect,46.544055,48.184842,55.437006,63.613459,74.2285325,76.25891899999999,81.74678449999999,87.21253,28.3434895,29.11558949999999,32.77209199999999,35.6832935,-0.6588082337105216,-0.6503631162039296,-0.5414882419506817,-0.4460730431660433,1.640787000000003,3.525234318324872,0.0683661250000001,58.02956400000002,63.613459,17.069404,0.1016035952380952,0.1348156845238095,-0.0332120892857142,0.6588082337105216,1,31.81,0,NORMAL,QA REVIEW,Abnormal early drift,train,-0.7079718848465492,-0.44607304316604335,0,0.0,0.700493199860924,0.24917935123530596,1,0.24498425417308317,0,0.10262360138888887,0.04519572222222212,0,36.673650372749,17.069404,6.75755041259303,0.5345026679807322,0,0.9075639333333332,0.9075639333333332,0.3791782288300223,WARNING,LATENT_ANOMALY,PASS,ANOMALOUS,Multivariate lot comparison (Isolation Forest) flags the full trajectory shape as unusual | Measurement is approaching the datasheet limit
RF_MMIC_0039,LOT_B02,RF MMIC,Supply Current (mA),mA,35.0,65.0,healthy,45.801977,46.92788,49.153525,51.433217,74.2285325,76.25891899999999,81.74678449999999,87.21253,28.3434895,29.11558949999999,32.77209199999999,35.6832935,-0.6764674832468524,-0.6794818552908789,-0.6708101623165452,-0.6763057339121686,1.125903000000001,2.4581973830518296,0.046912625,53.68329800000001,51.433217,5.631239999999998,0.0335192857142857,0.1348156845238095,-0.1012963988095238,0.6794818552908789,0,24.57,0,NORMAL,PASS,Abnormal early drift,train,-1.02573419068063,-0.6763057339121686,0,0.6,0.10416523829596372,0.21042632320610385,0,0.06540587291958654,0,0.032812086111111104,-0.01525023611111119,0,12.294753128232868,5.631239999999998,2.1601497092761153,0.10843861260863497,0,0.09554779999999985,0.09554779999999985,0.12944243845027614,NORMAL,NORMAL,PASS,NORMAL,No significant population or temporal deviation detected
RF_MMIC_0042,LOT_C03,RF MMIC,Supply Current (mA),mA,35.0,65.0,healthy,45.948855,47.348489,51.383509,55.498835,73.881106,76.695573,86.9983025,96.4695165,27.872337,29.394579999999998,33.06388749999999,35.924873500000004,-0.675940635723545,-0.6734009118546153,-0.7265282739791898,-0.7692259815809425,1.399633999999999,3.046069374307584,0.0583180833333332,55.746293,55.498835,9.549979999999998,0.056845119047619,0.1348156845238095,-0.0779705654761904,0.675940635723545,0,28.65,0,NORMAL,PASS,Abnormal early drift,train,-1.0942319560798721,-0.7692259815809425,0,0.6,0.0,0.18730727338833247,0,0.09835947618994142,0,0.056715702777777745,-0.0011607777777776912,0,20.783934659525244,9.549979999999998,3.727784125996165,0.1437815805436601,0,0.36658900000000005,0.36658900000000005,0.1875844998313096,NORMAL,NORMAL,PASS,NORMAL,No significant population or temporal deviation detected
RF_MMIC_0046,LOT_C03,RF MMIC,Supply Current (mA),mA,35.0,65.0,healthy,46.187841,47.253497,51.182451,55.031159,73.881106,76.695573,86.9983025,96.4695165,27.872337,29.394579999999998,33.06388749999999,35.924873500000004,-0.6701573442598879,-0.6755806070985751,-0.7306297808911899,-0.7780066148775071,1.0656560000000042,2.3072219374791825,0.0444023333333335,53.64743300000003,55.031159,8.843318000000004,0.0526387976190476,0.1348156845238095,-0.0821768869047618,0.6755806070985751,0,23.47,0,NORMAL,PASS,Abnormal early drift,train,-1.1064629623868831,-0.7780066148775071,0,0.8,0.11183946433613266,0.2616274181026217,0,0.08047104968657608,0,0.05310634722222224,0.0090519444444443,0,19.146419941992967,8.843318000000004,3.491304233388148,0.09005299088035555,0,0.3354106000000001,0.3354106000000001,0.20392150711567913,NORMAL,NORMAL,PASS,NORMAL,No significant population or temporal deviation detected
RF_MMIC_0050,LOT_C03,RF MMIC,Supply Current (mA),mA,35.0,65.0,healthy,47.481848,48.672654,52.409975,56.047729,73.881106,76.695573,86.9983025,96.4695165,27.872337,29.394579999999998,33.06388749999999,35.924873500000004,-0.6388432939096058,-0.6430164989280714,-0.705588757054058,-0.7589204774869017,1.190806000000002,2.5079183944146446,0.0496169166666667,55.817490000000014,56.047729,8.565880999999997,0.0509873869047618,0.1348156845238095,-0.0838282976190476,0.6430164989280714,0,24.52,0,NORMAL,PASS,Abnormal early drift,train,-1.07987687697408,-0.7589204774869017,0,0.4,0.5641417958993872,0.31564808054992005,0,0.10714408099565913,0,0.05112505416666665,0.0009074444444442734,0,18.040327747984865,8.565880999999997,3.360350852599955,0.21187635542858138,0,0.4031819333333331,0.4031819333333331,0.24975325128489828,NORMAL,NORMAL,PASS,NORMAL,No significant population or temporal deviation detected
RF_MMIC_0054,LOT_C03,RF MMIC,Supply Current (mA),mA,35.0,65.0,gradual_drift,46.068683,49.607656,60.175615,70.696835,73.881106,76.695573,86.9983025,96.4695165,27.872337,29.394579999999998,33.06388749999999,35.924873500000004,-0.6730408832296454,-0.6215618563003443,-0.547172647592585,-0.4838829987441263,3.5389729999999986,7.681949579500674,0.1474572083333332,70.84149399999998,70.696835,24.628151999999996,0.1465961428571428,0.1348156845238095,0.0117804583333332,0.6730408832296454,1,42.29,1,CRITICAL,HOLD / REJECT,Abnormal early drift; Predicted value near limit; Drift above learned safety slope,train,-0.6967626956218785,-0.4838829987441263,0,0.0,0.7676100821026203,0.2726227870208971,1,0.23930820973343794,1,0.14658554722222222,-0.0013291527777778422,0,53.45963981648877,24.628151999999993,9.63459596289129,0.31560679614331677,1,1.0,1.0,0.8,CRITICAL,SPECIFICATION_FAILURE,FAIL,ANOMALOUS,"Supply Current (mA) changed 53% during burn-in (0h→168h) | Degradation rate is decelerating (late-stage slope differs from early-stage slope) | Multivariate lot comparison (Isolation Forest) flags the full trajectory shape as unusual | Measurement is OUTSIDE the datasheet limit [35.0, 65.0]"
RF_MMIC_0058,LOT_C03,RF MMIC,Supply Current (mA),mA,35.0,65.0,latent_defect,44.280206,46.64609,55.458855,65.041557,73.881106,76.695573,86.9983025,96.4695165,27.872337,29.394579999999998,33.06388749999999,35.924873500000004,-0.7163207563897762,-0.6895182244668587,-0.6433927618991325,-0.5900610414662887,2.365884000000001,5.342983273384052,0.0985785,60.84139400000001,65.041557,20.761351,0.1235794702380952,0.1348156845238095,-0.0112362142857142,0.7163207563897762,1,42.76,1,CRITICAL,HOLD / REJECT,Abnormal early drift; Predicted value near limit,train,-0.844663680247774,-0.5900610414662887,0,0.19999999999999996,0.7607367923301984,0.31985137882735976,1,0.2309690403428441,0,0.12429484027777779,0.03451458333333325,0,46.886301748460696,20.761350999999998,8.175724381614359,0.35786326615693914,1,1.0,1.0,0.8,CRITICAL,SPECIFICATION_FAILURE,FAIL,ANOMALOUS,"Multivariate lot comparison (Isolation Forest) flags the full trajectory shape as unusual | Measurement is OUTSIDE the datasheet limit [35.0, 65.0]"
RF_MMIC_0061,LOT_D04,RF MMIC,Supply Current (mA),mA,35.0,65.0,healthy,47.46933,48.838127,53.001125,57.12705,74.25391450000001,75.728733,83.821222,93.3472895,26.865483000000008,27.37565900000001,30.933135,30.816577499999998,-0.6724597038389386,-0.6625398593592171,-0.672025988722848,-0.7927621699320498,1.3687970000000007,2.883539750824376,0.0570332083333333,57.050909,57.12705,9.657719999999998,0.0574864285714285,0.1348156845238095,-0.0773292559523809,0.6724597038389386,0,27.47,0,NORMAL,PASS,Abnormal early drift,train,-1.0230720424882804,-0.7927621699320498,0,0.19999999999999996,0.0,0.10936668986905435,0,0.08204327417840182,0,0.05753483472222221,0.0002713055555554622,0,20.345178665888053,9.657719999999998,3.7815834208469465,0.083973557615427,0,0.47513666666666654,0.47513666666666654,0.17159131895231577,NORMAL,NORMAL,PASS,NORMAL,No significant population or temporal deviation detected
RF_MMIC_0065,LOT_D04,RF MMIC,Supply Current (mA),mA,35.0,65.0,healthy,46.881301,47.249765,48.856375,50.48882,74.25391450000001,75.728733,83.821222,93.3472895,26.865483000000008,27.37565900000001,30.933135,30.816577499999998,-0.687222889998825,-0.7016744603455811,-0.7624014251388667,-0.9380549038276396,0.3684639999999959,0.7859508847674597,0.0153526666666664,49.46054899999997,50.48882,3.607518999999997,0.0214733273809523,0.1348156845238095,-0.1133423571428571,0.7016744603455811,0,13.1,0,NORMAL,PASS,Within learned lot behavior,train,-1.2423063904656857,-0.9380549038276396,0,0.8,0.840718616969608,0.49429538917580085,1,0.1118089008829256,0,0.02176141944444443,0.007320180555555686,0,7.695006160345244,3.6075189999999964,1.431529471039694,0.3508047019493879,0,0.03258799999999984,0.03258799999999984,0.24895931602349056,NORMAL,LATENT_ANOMALY,PASS,NORMAL,Multivariate lot comparison (Isolation Forest) flags the full trajectory shape as unusual
RF_MMIC_0069,LOT_D04,RF MMIC,Supply Current (mA),mA,35.0,65.0,lot_outlier,49.150094,50.462333,53.623514,56.596654,74.25391450000001,75.728733,83.821222,93.3472895,26.865483000000008,27.37565900000001,30.933135,30.816577499999998,-0.6302620710302925,-0.6225221217593134,-0.6584549223146137,-0.804371090515893,1.3122389999999982,2.669860611049896,0.0546766249999999,58.33576699999999,56.596654,7.446559999999998,0.0443247619047618,0.1348156845238095,-0.0904909226190476,0.6302620710302925,0,25.52,0,NORMAL,PASS,Abnormal early drift,train,-1.0405889138877082,-0.804371090515893,0,0.4,0.8420501843771742,0.4029975257332929,1,0.07856575737377494,0,0.043937752777777776,-0.013383013888888802,0,15.150652611162855,7.446559999999998,2.890147427343921,0.12875074789491808,0,0.43977693333333345,0.43977693333333345,0.28058069990949386,NORMAL,LATENT_ANOMALY,PASS,NORMAL,Multivariate lot comparison (Isolation Forest) flags the full trajectory shape as unusual
RF_MMIC_0073,LOT_D04,RF MMIC,Supply Current (mA),mA,35.0,65.0,accelerating_drift,47.307533,50.000705,62.613473,77.787549,74.25391450000001,75.728733,83.821222,93.3472895,26.865483000000008,27.37565900000001,30.933135,30.816577499999998,-0.6765218151142518,-0.6338958687918747,-0.4624306824962619,-0.3405602451181914,2.693172000000004,5.692903073174422,0.1122155000000001,66.15973700000004,77.787549,30.480016,0.1814286666666666,0.1348156845238095,0.0466129821428571,0.6765218151142518,1,42.33,1,CRITICAL,HOLD / REJECT,Abnormal early drift; Predicted value near limit; Drift above learned safety slope,train,-0.3407378920968612,-0.34056024511819144,0,0.0,0.9999999898807214,0.32979901841205816,1,0.6949209267444735,1,0.18311063888888887,0.09853555555555536,3,64.4295190789171,30.480016,12.072695299262547,0.9999999967542612,1,1.0,1.0,0.8,CRITICAL,SPECIFICATION_FAILURE,FAIL,ANOMALOUS,"Supply Current (mA) changed 64% during burn-in (0h→168h) | 3 sudden jump(s) detected in the burn-in trajectory | Degradation rate is accelerating (late-stage slope differs from early-stage slope) | Multivariate lot comparison (Isolation Forest) flags the full trajectory shape as unusual | Measurement is OUTSIDE the datasheet limit [35.0, 65.0]"
RF_MMIC_0077,LOT_D04,RF MMIC,Supply Current (mA),mA,35.0,65.0,healthy,47.533309,47.868021,50.705467,53.017037,74.25391450000001,75.728733,83.821222,93.3472895,26.865483000000008,27.37565900000001,30.933135,30.816577499999998,-0.6708534329112744,-0.6864416595939732,-0.7220823476376015,-0.8827191351345833,0.3347119999999961,0.704163053323294,0.0139463333333331,49.876292999999976,53.017037,5.483727999999999,0.032641238095238,0.1348156845238095,-0.1021744464285714,0.6864416595939732,0,12.37,0,NORMAL,PASS,Within learned lot behavior,train,-1.1588094333641101,-0.8827191351345833,0,0.6,0.13795158447251568,0.23862339966603074,0,0.0803970732503663,0,0.03394117500000001,0.01815880555555576,0,11.536600576240124,5.483727999999999,2.2382011850195127,0.17665858914145724,0,0.2011358000000001,0.2011358000000001,0.16783534916655882,NORMAL,NORMAL,PASS,NORMAL,No significant population or temporal deviation detected
RF_MMIC_0084,LOT_E05,RF MMIC,Supply Current (mA),mA,35.0,65.0,gradual_drift,46.595223,49.723935,59.036553,68.280587,72.821643,75.428572,83.521536,91.562936,26.689767,28.2637205,27.751222,25.947177999999997,-0.6627812803368485,-0.6134203079244359,-0.5951051373320254,-0.6052191594557665,3.128712,6.714662573886598,0.130363,68.496207,68.280587,21.685364,0.1290795476190476,0.1348156845238095,-0.0057361369047619,0.6627812803368485,1,42.18,1,CRITICAL,HOLD / REJECT,Abnormal early drift; Predicted value near limit,train,-0.6751085048516748,-0.6052191594557665,0,0.19999999999999996,0.6258864032455398,0.2807225974260415,1,0.5899010764865585,1,0.1290630027777778,-0.0019736388888889067,3,46.53988671757189,21.685364,8.482912585075526,0.8009395369379434,1,1.0,1.0,0.8,CRITICAL,SPECIFICATION_FAILURE,FAIL,ANOMALOUS,"3 sudden jump(s) detected in the burn-in trajectory | Degradation rate is decelerating (late-stage slope differs from early-stage slope) | Multivariate lot comparison (Isolation Forest) flags the full trajectory shape as unusual | Measurement is OUTSIDE the datasheet limit [35.0, 65.0]"
RF_MMIC_0088,LOT_E05,RF MMIC,Supply Current (mA),mA,35.0,65.0,healthy,46.169124,47.060212,49.691653,52.428056,72.821643,75.428572,83.521536,91.562936,26.689767,28.2637205,27.751222,25.947177999999997,-0.6735494462081436,-0.6769878962504411,-0.8222320255905976,-1.017301956044138,0.8910880000000034,1.930051780926152,0.0371286666666668,52.40674000000002,52.428056,6.2589320000000015,0.0372555476190476,0.1348156845238095,-0.0975601369047619,0.6769878962504411,0,20.84,0,NORMAL,PASS,Abnormal early drift,train,-1.1955041435287763,-1.017301956044138,0,0.6,0.4674918378589858,0.3492614725115578,0,0.14603306679134914,0,0.03718900138888889,0.0008769305555553497,0,13.556531850160297,6.2589320000000015,2.44441468560772,0.42116688613239245,0,0.16187039999999997,0.16187039999999997,0.23049189572116277,NORMAL,NORMAL,PASS,NORMAL,No significant population or temporal deviation detected
RF_MMIC_0092,LOT_E05,RF MMIC,Supply Current (mA),mA,35.0,65.0,healthy,46.475036,47.269491,49.361229,51.783195,72.821643,75.428572,83.521536,91.562936,26.689767,28.2637205,27.751222,25.947177999999997,-0.6658185875156338,-0.6719936227027493,-0.8302629488670319,-1.0340649653257965,0.7944549999999992,1.7094230975958773,0.0331022916666666,52.036221,51.783195,5.308158999999996,0.0315961845238095,0.1348156845238095,-0.1032195,0.6719936227027493,0,19.25,0,NORMAL,PASS,Abnormal early drift,train,-1.2166731828419908,-1.0340649653257963,0,0.8,0.38129945024343925,0.36487051953903893,0,0.18809496437676038,1,0.03129155416666665,0.0005361249999999984,0,11.421527462614545,5.308158999999996,2.057799670081051,0.6151131015486607,0,0.11887966666666672,0.11887966666666672,0.24496212689965308,NORMAL,DEGRADATION_RISK,PASS,NORMAL,Degradation rate is accelerating (late-stage slope differs from early-stage slope)
RF_MMIC_0096,LOT_E05,RF MMIC,Supply Current (mA),mA,35.0,65.0,gradual_drift,46.094628,49.377085,59.276266,68.973535,72.821643,75.428572,83.521536,91.562936,26.689767,28.2637205,27.751222,25.947177999999997,-0.6754320727450469,-0.6216976017762647,-0.5892789361137001,-0.5872061399745039,3.282457000000001,7.121126999875129,0.1367690416666667,69.07182700000001,68.973535,22.878907,0.1361839702380952,0.1348156845238095,0.0013682857142857,0.6754320727450469,1,42.32,1,CRITICAL,HOLD / REJECT,Abnormal early drift; Predicted value near limit; Drift above learned safety slope,train,-0.6523608996251012,-0.5872061399745039,0,0.0,0.6314172367491928,0.24080570827252692,1,0.6064088017607602,1,0.1362949333333333,-0.002084750000000052,3,49.63464939992573,22.878906999999998,8.95832766538405,0.8298332411236664,1,1.0,1.0,0.8,CRITICAL,SPECIFICATION_FAILURE,FAIL,ANOMALOUS,"3 sudden jump(s) detected in the burn-in trajectory | Degradation rate is decelerating (late-stage slope differs from early-stage slope) | Multivariate lot comparison (Isolation Forest) flags the full trajectory shape as unusual | Measurement is OUTSIDE the datasheet limit [35.0, 65.0]"
RF_MMIC_0100,LOT_E05,RF MMIC,Supply Current (mA),mA,35.0,65.0,healthy,46.564765,47.748892,50.749321,53.820612,72.821643,75.428572,83.521536,91.562936,26.689767,28.2637205,27.751222,25.947177999999997,-0.6635510000407385,-0.6605531067740754,-0.7965255074201872,-0.9811027919557086,1.1841269999999966,2.542967842745468,0.0493386249999998,54.85365399999998,53.820612,7.255846999999996,0.0431895654761904,0.1348156845238095,-0.091626119047619,0.6635510000407385,0,24.99,0,NORMAL,PASS,Abnormal early drift,train,-1.1497903033215797,-0.9811027919557086,0,0.4,0.4882970189418342,0.31233559997867477,0,0.20584839365237953,1,0.04283290277777777,-0.0066818055555554826,0,15.582269125593129,7.255846999999996,2.8158165745680677,0.6345079819084481,0,0.25470746666666644,0.25470746666666644,0.25821509078575505,NORMAL,DEGRADATION_RISK,PASS,NORMAL,Degradation rate is decelerating (late-stage slope differs from early-stage slope)
RF_MMIC_0103,LOT_F06,RF MMIC,Supply Current (mA),mA,35.0,65.0,accelerating_drift,47.151272,49.633485,61.097846,75.253572,75.9371085,77.7877175,85.35840449999999,94.1789295,28.73251700000001,28.703573,29.62176850000001,28.8701245,-0.675742425317423,-0.6615820846208115,-0.5524154483886187,-0.4421518429385742,2.4822130000000016,5.264360630610351,0.1034255416666667,64.52676300000002,75.253572,28.102300000000007,0.1672755952380952,0.1348156845238095,0.0324599107142857,0.675742425317423,1,42.32,1,CRITICAL,HOLD / REJECT,Abnormal early drift; Predicted value near limit; Drift above learned safety slope,train,-0.4101647924050992,-0.4421518429385742,0,0.0,0.999999991983247,0.3386882838520993,1,0.6804767725127814,1,0.16859909444444449,0.09318176388888894,3,59.60030092083202,28.102300000000007,11.12039956177894,0.9999999964514814,1,1.0,1.0,0.8,CRITICAL,SPECIFICATION_FAILURE,FAIL,ANOMALOUS,"Supply Current (mA) changed 60% during burn-in (0h→168h) | 3 sudden jump(s) detected in the burn-in trajectory | Degradation rate is accelerating (late-stage slope differs from early-stage slope) | Multivariate lot comparison (Isolation Forest) flags the full trajectory shape as unusual | Measurement is OUTSIDE the datasheet limit [35.0, 65.0]"
RF_MMIC_0107,LOT_F06,RF MMIC,Supply Current (mA),mA,35.0,65.0,healthy,46.741028,47.423651,48.880977,50.764542,75.9371085,77.7877175,85.35840449999999,94.1789295,28.73251700000001,28.703573,29.62176850000001,28.8701245,-0.6853728307264136,-0.7135098572704813,-0.8305948302251915,-1.014287388926439,0.6826229999999995,1.460436428569777,0.0284426249999999,51.519389,50.764542,4.023513999999999,0.023949488095238,0.1348156845238095,-0.1108661964285714,0.7135098572704813,0,17.95,0,NORMAL,PASS,Abnormal early drift,train,-1.1752770065215938,-1.014287388926439,0,0.8,0.2001942155890755,0.30880841120778607,0,0.07901898143347089,0,0.02342883194444444,-0.00228200000000002,0,8.608099077324527,4.023513999999999,1.5424653489687374,0.21159517776029554,0,0.050969466666666685,0.050969466666666685,0.16532485038983613,NORMAL,NORMAL,PASS,NORMAL,No significant population or temporal deviation detected
RF_MMIC_0111,LOT_F06,RF MMIC,Supply Current (mA),mA,35.0,65.0,healthy,45.673051,46.377166,48.736191,51.178899,75.9371085,77.7877175,85.35840449999999,94.1789295,28.73251700000001,28.703573,29.62176850000001,28.8701245,-0.7104434020875491,-0.7381006795500235,-0.8338916225521447,-1.0046067944550003,0.7041150000000016,1.5416421381615202,0.029338125,50.60185600000001,51.178899,5.505848,0.0327729047619047,0.1348156845238095,-0.1020427797619047,0.7381006795500235,0,18.79,0,NORMAL,PASS,Abnormal early drift,train,-1.1623312262393748,-1.0046067944550003,0,0.6,0.1965798271478064,0.26687704265915446,0,0.038532554686653765,0,0.03288653055555556,0.004588374999999981,0,12.054916147379775,5.505848,2.161906391346347,0.007773326162089514,0,0.07859326666666666,0.07859326666666666,0.13788249227165664,NORMAL,NORMAL,PASS,NORMAL,No significant population or temporal deviation detected
RF_MMIC_0115,LOT_F06,RF MMIC,Supply Current (mA),mA,35.0,65.0,healthy,45.779059,46.567423,49.559725,52.218028,75.9371085,77.7877175,85.35840449999999,94.1789295,28.73251700000001,28.703573,29.62176850000001,28.8701245,-0.7079548830193939,-0.7336299264341749,-0.8151396674447108,-0.980329694146543,0.7883640000000014,1.7221061708586047,0.0328485,51.297607000000006,52.218028,6.438969,0.0383271964285714,0.1348156845238095,-0.096488488095238,0.7336299264341749,0,20.0,0,NORMAL,PASS,Abnormal early drift,train,-1.1298656573727168,-0.980329694146543,0,0.4,0.24017380456115794,0.23783098960616988,0,0.042514911137524286,0,0.03883307500000001,0.004072374999999892,0,14.06531532244907,6.438969,2.553490967627101,0.0,0,0.14786853333333316,0.14786853333333316,0.14171206696414432,NORMAL,NORMAL,PASS,NORMAL,No significant population or temporal deviation detected
RF_MMIC_0119,LOT_F06,RF MMIC,Supply Current (mA),mA,35.0,65.0,healthy,48.10453,49.310487,52.767073,56.440198,75.9371085,77.7877175,85.35840449999999,94.1789295,28.73251700000001,28.703573,29.62176850000001,28.8701245,-0.6533648622101902,-0.6691720514284079,-0.7421080188304242,-0.8816874229661987,1.205957000000005,2.506951008564069,0.0502482083333335,56.54622900000003,56.440198,8.335668000000005,0.0496170714285714,0.1348156845238095,-0.085198613095238,0.6691720514284079,0,24.8,0,NORMAL,PASS,Abnormal early drift,train,-0.9979521500971634,-0.8816874229661987,0,0.19999999999999996,0.7293367187768168,0.3359486651425874,1,0.09496125181552303,0,0.0494351402777778,0.0007674166666664373,0,17.3282391492028,8.335668000000005,3.2495154783392723,0.171717206799226,0,0.4293465333333335,0.4293465333333335,0.25823327344991087,NORMAL,LATENT_ANOMALY,PASS,NORMAL,Multivariate lot comparison (Isolation Forest) flags the full trajectory shape as unusual
RF_MMIC_0122,LOT_G07,RF MMIC,Supply Current (mA),mA,35.0,65.0,lot_outlier,48.718531,49.564345,52.20872,54.664775,74.8501905,76.66852750000001,81.991973,87.308147,28.2904,29.294553,32.358587,35.252264,-0.6230227519773063,-0.6240586992202013,-0.6208098312714825,-0.6245741485470842,0.8458140000000043,1.736123775981678,0.0352422500000001,54.63922900000003,54.664775,5.946244,0.0353943095238095,0.1348156845238095,-0.0994213749999999,0.6240586992202013,0,18.91,0,NORMAL,PASS,Abnormal early drift,train,-0.9737170899853272,-0.6245741485470842,0,0.6,0.6434018115307755,0.3676707814571025,1,0.06884808573533305,0,0.035532690277777765,-0.0011303750000001903,0,12.205302331468083,5.946244,2.3357807818586456,0.12854156407187095,0,0.31098499999999984,0.31098499999999984,0.2368045468769742,NORMAL,LATENT_ANOMALY,PASS,NORMAL,Multivariate lot comparison (Isolation Forest) flags the full trajectory shape as unusual
RF_MMIC_0126,LOT_G07,RF MMIC,Supply Current (mA),mA,35.0,65.0,latent_defect,46.770179,48.390134,55.27817,62.550597,74.8501905,76.66852750000001,81.991973,87.308147,28.2904,29.294553,32.358587,35.252264,-0.6694747434729282,-0.651094253207858,-0.55682942132109,-0.473692659917666,1.6199550000000045,3.463649348017258,0.0674981250000001,58.10986400000003,62.550597,15.780418000000004,0.0939310595238095,0.1348156845238095,-0.0408846249999999,0.6694747434729282,1,31.5,0,NORMAL,PASS,Abnormal early drift,train,-0.7954246983912682,-0.47369265991766607,0,0.0,0.23122278592336168,0.11081494351980428,0,0.13864357639445749,0,0.09498576805555557,0.03350780555555538,0,33.74034125462724,15.780418000000004,6.249418493422129,0.14540081300743643,0,0.8367064666666668,0.8367064666666668,0.2671247012990381,NORMAL,NORMAL,PASS,NORMAL,Measurement is approaching the datasheet limit
RF_MMIC_0130,LOT_G07,RF MMIC,Supply Current (mA),mA,35.0,65.0,healthy,46.349402,47.59692,51.384929,55.118357,74.8501905,76.66852750000001,81.991973,87.308147,28.2904,29.294553,32.358587,35.252264,-0.6795067754802623,-0.6693575635675509,-0.6379811440126718,-0.6158956458652447,1.2475179999999997,2.6915514465537216,0.0519799166666666,55.082028,55.118357,8.768955000000005,0.0521961607142857,0.1348156845238095,-0.0826195238095237,0.6795067754802623,0,26.2,0,NORMAL,PASS,Abnormal early drift,train,-0.9634619485981621,-0.6158956458652447,0,0.4,0.0,0.13389086901320893,0,0.056765104840440256,0,0.052244876388888924,-0.00012674999999993247,0,18.91924085665659,8.768955000000005,3.433901903086271,0.0,0,0.3412238000000003,0.3412238000000003,0.14450714954145974,NORMAL,NORMAL,PASS,NORMAL,No significant population or temporal deviation detected
RF_MMIC_0134,LOT_G07,RF MMIC,Supply Current (mA),mA,35.0,65.0,healthy,47.343451,47.689661,47.881843,48.477418,74.8501905,76.66852750000001,81.991973,87.308147,28.2904,29.294553,32.358587,35.252264,-0.6558069739586524,-0.6672222537191767,-0.7110003749405187,-0.7429584634405284,0.3462099999999992,0.7312732652294384,0.0144254166666666,49.766921,48.477418,1.1339669999999984,0.0067498035714285,0.1348156845238095,-0.1280658809523809,0.6672222537191767,0,12.35,0,NORMAL,PASS,Within learned lot behavior,train,-1.113608489661384,-0.7429584634405284,0,0.8,0.6728439182175088,0.4268620410162989,1,0.14764930713939872,0,0.006085888888888884,-0.006153541666666682,0,2.395192948650909,1.1339669999999984,0.41138584835673075,0.5498884797474423,0,0.10150546666666671,0.10150546666666671,0.2501056325956124,NORMAL,LATENT_ANOMALY,PASS,NORMAL,Multivariate lot comparison (Isolation Forest) flags the full trajectory shape as unusual
RF_MMIC_0138,LOT_G07,RF MMIC,Supply Current (mA),mA,35.0,65.0,sudden_jump,45.391059,46.436367,55.946276,61.048319,74.8501905,76.66852750000001,81.991973,87.308147,28.2904,29.294553,32.358587,35.252264,-0.7023552858551272,-0.6960786497156427,-0.5429032469998545,-0.5024361366250055,1.0453079999999986,2.302894056734827,0.0435544999999999,52.70821499999999,61.048319,15.65726,0.0931979761904761,0.1348156845238095,-0.0416177083333333,0.7023552858551272,0,23.73,0,NORMAL,QA REVIEW,Abnormal early drift,train,-0.8293900526002702,-0.5024361366250055,0,0.19999999999999996,0.592284676753084,0.2616485649806132,0,0.14269274612389168,0,0.09874116805555556,0.027307208333333416,0,34.49415004836085,15.65726,6.555691318674881,0.15350884835024428,0,0.7365546000000001,0.7365546000000001,0.309047444441802,WARNING,NORMAL,PASS,ANOMALOUS,Measurement is approaching the datasheet limit
RF_MMIC_0141,LOT_H08,RF MMIC,Supply Current (mA),mA,35.0,65.0,healthy,47.285313,47.981157,50.848427,53.634902,75.8337185,77.4476835,82.541493,88.2837965,28.8837595,29.0642315,31.074785,34.1056155,-0.6666596052892909,-0.6838267799415999,-0.6879107983042154,-0.6852349334182056,0.695844000000001,1.4715859023709985,0.0289935,52.15622100000001,53.634902,6.349588999999995,0.0377951726190475,0.1348156845238095,-0.0970205119047619,0.6838267799415999,0,17.71,0,NORMAL,PASS,Abnormal early drift,train,-1.0363795177667827,-0.6852349334182056,0,0.6,0.0044651300516757985,0.18129759568959572,0,0.0410557849971766,0,0.03829136388888887,0.009707541666666566,0,13.428247794404987,6.349588999999995,2.518032136185453,0.0,0,0.24232679999999984,0.24232679999999984,0.1374067122747089,NORMAL,NORMAL,PASS,NORMAL,No significant population or temporal deviation detected
RF_MMIC_0145,LOT_H08,RF MMIC,Supply Current (mA),mA,35.0,65.0,healthy,48.64497,49.142222,52.084989,54.72146,75.8337185,77.4476835,82.541493,88.2837965,28.8837595,29.0642315,31.074785,34.1056155,-0.6349090264715416,-0.6568820587762841,-0.6610707206489751,-0.6637465855349847,0.497251999999996,1.022206406952242,0.0207188333333331,52.12573399999997,54.72146,6.07649,0.0361695833333333,0.1348156845238095,-0.0986461011904761,0.6568820587762841,0,14.27,0,NORMAL,PASS,Within learned lot behavior,train,-1.008619236731993,-0.6637465855349847,0,0.4,0.25054913840696047,0.21324256775639933,0,0.04850502479760371,0,0.037154826388888895,0.01589881944444461,0,12.491507343924766,6.07649,2.4462148643713193,0.03892252898129603,0,0.31476400000000004,0.31476400000000004,0.16765183702160125,NORMAL,NORMAL,PASS,NORMAL,No significant population or temporal deviation detected
RF_MMIC_0149,LOT_H08,RF MMIC,Supply Current (mA),mA,35.0,65.0,latent_defect,46.959909,48.717617,56.094388,64.105292,75.8337185,77.4476835,82.541493,88.2837965,28.8837595,29.0642315,31.074785,34.1056155,-0.6742584080385218,-0.6667358252151993,-0.5740450959646948,-0.4781669418402159,1.7577079999999938,3.74299703178725,0.073237833333333,59.26386499999996,64.105292,17.145383000000002,0.1020558511904762,0.1348156845238095,-0.0327598333333333,0.6742584080385218,1,33.51,0,NORMAL,QA REVIEW,Abnormal early drift; Predicted value near limit,train,-0.7688733478763121,-0.47816694184021596,0,0.0,0.315742242506403,0.13656228016293978,0,0.360309014922094,1,0.10305638194444447,0.03802472222222253,1,36.510681909541184,17.145383000000002,6.78170460421215,0.4986223122930403,0,0.9403528000000003,0.9403528000000003,0.3868190780340136,WARNING,DEGRADATION_RISK,PASS,ANOMALOUS,1 sudden jump(s) detected in the burn-in trajectory | Degradation rate is accelerating (late-stage slope differs from early-stage slope) | Measurement is approaching the datasheet limit
RF_MMIC_0153,LOT_H08,RF MMIC,Supply Current (mA),mA,35.0,65.0,sudden_jump,48.479483,48.930546,55.976465,58.524987,75.8337185,77.4476835,82.541493,88.2837965,28.8837595,29.0642315,31.074785,34.1056155,-0.6387734628969142,-0.6617944028719113,-0.5766046623085894,-0.5885260162149636,0.4510629999999977,0.9304204007291036,0.0187942916666665,51.63692399999999,58.524987,10.045504,0.0597946666666666,0.1348156845238095,-0.0750210178571428,0.6617944028719113,0,13.68,0,NORMAL,PASS,Within learned lot behavior,train,-0.9114435880842358,-0.5885260162149636,0,0.19999999999999996,0.11761377586582374,0.12678015917855642,0,0.09895997088266256,0,0.06496787777777778,0.01660184722222239,0,20.721145066666658,10.045504000000001,4.369736724004627,0.14414672054638109,0,0.5683324666666669,0.5683324666666669,0.203962545357821,NORMAL,NORMAL,PASS,NORMAL,No significant population or temporal deviation detected
RF_MMIC_0157,LOT_H08,RF MMIC,Supply Current (mA),mA,35.0,65.0,healthy,46.830314,48.049287,50.384316,53.105279,75.8337185,77.4476835,82.541493,88.2837965,28.8837595,29.0642315,31.074785,34.1056155,-0.6772846979497907,-0.6822456937379913,-0.6979845150128409,-0.6957090390535744,1.2189729999999983,2.6029571358415367,0.0507905416666666,55.36312499999999,53.105279,6.274965000000002,0.0373509821428571,0.1348156845238095,-0.0974647023809523,0.6822456937379913,0,25.61,0,NORMAL,PASS,Abnormal early drift,train,-1.0499107635194145,-0.6957090390535744,0,0.8,0.07067113181337122,0.24207588046119916,0,0.06023022751544031,0,0.036410994444444456,-0.012999388888888755,0,13.39936563312388,6.274965000000002,2.3967564843480664,0.07578953064761214,0,0.20701860000000027,0.20701860000000027,0.16232616319065585,NORMAL,NORMAL,PASS,NORMAL,No significant population or temporal deviation detected
RF_MMIC_0164,LOT_I09,RF MMIC,Supply Current (mA),mA,35.0,65.0,healthy,45.234586,45.97525,48.476317,50.934095,73.9866755,75.878016,80.15915700000001,83.28946400000001,27.6516305,28.282459000000003,29.705351,30.84101249999999,-0.7013336404663025,-0.7131324525137969,-0.7193916952530018,-0.7076096288977379,0.7406640000000024,1.6373842793653566,0.0308610000000001,50.41923400000002,50.934095,5.699508999999999,0.0339256488095238,0.1348156845238095,-0.1008900357142857,0.7131324525137969,0,19.19,0,NORMAL,PASS,Abnormal early drift,validation,-1.0533646745314345,-0.7076096288977379,0,0.6,0.7830195604667509,0.4168217106685773,1,0.06790830044660394,0,0.03410894305555555,0.0032748055555554233,0,12.59989203836197,5.699508999999999,2.242040901279122,0.11926598908233692,0,0.06227300000000002,0.06227300000000002,0.20634660444607253,NORMAL,LATENT_ANOMALY,PASS,NORMAL,Multivariate lot comparison (Isolation Forest) flags the full trajectory shape as unusual
RF_MMIC_0168,LOT_I09,RF MMIC,Supply Current (mA),mA,35.0,65.0,healthy,46.615166,47.519172,50.980824,54.303454,73.9866755,75.878016,80.15915700000001,83.28946400000001,27.6516305,28.282459000000003,29.705351,30.84101249999999,-0.6676579245725074,-0.6763124177935974,-0.6625242699684312,-0.6339219861571079,0.9040059999999954,1.9392958935295763,0.0376669166666664,52.94320799999997,54.303454,7.688288,0.045763619047619,0.1348156845238095,-0.0890520654761904,0.6763124177935974,0,20.9,0,NORMAL,PASS,Abnormal early drift,validation,-0.946580475053234,-0.6339219861571079,0,0.0,0.0006151166800652516,0.055652708792766514,0,0.05676735646889131,0,0.04626499722222224,0.008480722222222466,0,16.493104411555674,7.688288,3.041744523434209,0.026921684644728022,0,0.28689693333333355,0.28689693333333355,0.10234741277132985,NORMAL,NORMAL,PASS,NORMAL,No significant population or temporal deviation detected
RF_MMIC_0172,LOT_I09,RF MMIC,Supply Current (mA),mA,35.0,65.0,lot_outlier,50.085366,50.662655,52.005794,53.424042,73.9866755,75.878016,80.15915700000001,83.28946400000001,27.6516305,28.282459000000003,29.705351,30.84101249999999,-0.5830112765733712,-0.6013454484762629,-0.6392512645849658,-0.6531546643246238,0.5772890000000004,1.1526101256802246,0.0240537083333333,54.126389,53.424042,3.3386759999999995,0.0198730714285714,0.1348156845238095,-0.1149426130952381,0.6013454484762629,0,14.58,0,NORMAL,PASS,Within learned lot behavior,validation,-0.9744514458911658,-0.6531546643246238,0,0.4,0.9535762427907488,0.42322390596562925,1,0.11348664791364961,0,0.01961188055555555,-0.004355819444444485,0,6.665971054299573,3.3386759999999995,1.289592272102771,0.3712528036623984,0,0.2282694666666667,0.2282694666666667,0.2603381148850449,NORMAL,LATENT_ANOMALY,PASS,NORMAL,Multivariate lot comparison (Isolation Forest) flags the full trajectory shape as unusual
RF_MMIC_0176,LOT_I09,RF MMIC,Supply Current (mA),mA,35.0,65.0,healthy,46.850676,47.750342,50.83525,54.025618,73.9866755,75.878016,80.15915700000001,83.28946400000001,27.6516305,28.282459000000003,29.705351,30.84101249999999,-0.6619132608441124,-0.6707993883618847,-0.6658296784054513,-0.6399982398031236,0.8996660000000034,1.920283925038784,0.0374860833333334,53.14833800000002,54.025618,7.1749420000000015,0.0427079880952381,0.1348156845238095,-0.0921076964285714,0.6707993883618847,0,20.71,0,NORMAL,PASS,Abnormal early drift,validation,-0.9553858575744273,-0.6399982398031236,0,0.19999999999999996,0.0,0.09599984598277331,0,0.04642747879473863,0,0.04289584722222223,0.006824583333333183,0,15.31448980586748,7.1749420000000015,2.820020121786146,0.0,0,0.2683745333333334,0.2683745333333334,0.11064583657767146,NORMAL,NORMAL,PASS,NORMAL,No significant population or temporal deviation detected
RF_MMIC_0180,LOT_I09,RF MMIC,Supply Current (mA),mA,35.0,65.0,healthy,46.746786,47.507338,49.04644,50.82592,73.9866755,75.878016,80.15915700000001,83.28946400000001,27.6516305,28.282459000000003,29.705351,30.84101249999999,-0.6644473915168777,-0.6765946394931902,-0.7064464620771652,-0.7099754084877037,0.760551999999997,1.6269610492580109,0.0316896666666665,52.07064999999998,50.82592,4.079134000000003,0.0242805595238095,0.1348156845238095,-0.1105351249999999,0.6765946394931902,0,18.72,0,NORMAL,PASS,Abnormal early drift,validation,-1.0567930360620859,-0.7099754084877037,0,0.8,0.29191550594637594,0.30969750002658686,0,0.05832397339821233,0,0.023743175000000023,-0.006974666666666449,0,8.726020223080157,4.079134000000003,1.5623410435525928,0.12501226054310746,0,0.05506133333333363,0.05506133333333363,0.1582208560365864,NORMAL,NORMAL,PASS,NORMAL,No significant population or temporal deviation detected
RF_MMIC_0183,LOT_J10,RF MMIC,Supply Current (mA),mA,35.0,65.0,latent_defect,46.858589,48.513001,55.192782,62.287279,77.772313,79.484622,82.7617995,86.8653165,27.5570355,27.8530605,28.019669999999994,26.263994000000004,-0.7566496468391837,-0.7500099377054549,-0.6636426321794134,-0.6311933813196591,1.6544120000000009,3.5306483513620117,0.0689338333333333,58.43947300000001,62.287279,15.428689999999996,0.0918374404761904,0.1348156845238095,-0.042978244047619,0.7566496468391837,1,32.91,0,NORMAL,QA REVIEW,Abnormal early drift,validation,-0.991324989722587,-0.6311933813196591,0,0.4,0.47417796544368995,0.27748281049857715,0,0.13660155423907505,0,0.0926946236111111,0.029600847222222157,0,32.9260661263189,15.428689999999996,6.097757904833478,0.14740991834501824,0,0.8191519333333332,0.8191519333333332,0.3294641325617276,WARNING,NORMAL,PASS,ANOMALOUS,Measurement is approaching the datasheet limit
RF_MMIC_0187,LOT_J10,RF MMIC,Supply Current (mA),mA,35.0,65.0,healthy,47.44284,49.151317,54.291477,59.541015,77.772313,79.484622,82.7617995,86.8653165,27.5570355,27.8530605,28.019669999999994,26.263994000000004,-0.7423494184740913,-0.7345524534686307,-0.6853388867737771,-0.7017207234704085,1.708477000000002,3.6011271669234013,0.0711865416666667,59.40217900000001,59.541015,12.098175000000005,0.0720129464285714,0.1348156845238095,-0.062802738095238,0.7423494184740913,0,33.25,0,NORMAL,QA REVIEW,Abnormal early drift; Predicted value near limit,validation,-1.0805133869305172,-0.7017207234704085,0,0.8,0.539142992146666,0.3831434609476605,0,0.08766802104376355,0,0.07197830972222224,0.0017237083333332542,0,25.500528636144054,12.098175000000005,4.730970297664709,0.04437426410236527,0,0.6360676666666667,0.6360676666666667,0.315538126129903,WARNING,NORMAL,PASS,ANOMALOUS,Measurement is approaching the datasheet limit
RF_MMIC_0191,LOT_J10,RF MMIC,Supply Current (mA),mA,35.0,65.0,lot_outlier,52.173726,53.546588,57.87638,61.66163,77.772313,79.484622,82.7617995,86.8653165,27.5570355,27.8530605,28.019669999999994,26.263994000000004,-0.6265554358035971,-0.6281164058071734,-0.5990429401362927,-0.6472607954827818,1.3728619999999978,2.631328266645165,0.0572025833333332,61.78375999999999,61.66163,9.487904,0.056475619047619,0.1348156845238095,-0.0783400654761904,0.6281164058071734,0,25.22,0,NORMAL,QA REVIEW,Abnormal early drift; Predicted value near limit,validation,-1.0116437323943563,-0.6472607954827818,0,0.6,0.4750932651144518,0.3191632991390789,0,0.11191925683983575,0,0.056817425000000005,-0.004629666666666511,0,18.185214527327414,9.487904,3.736261985724368,0.22846315949895005,0,0.7774420000000002,0.7774420000000002,0.32792142239156596,WARNING,NORMAL,PASS,ANOMALOUS,Measurement is approaching the datasheet limit
RF_MMIC_0195,LOT_J10,RF MMIC,Supply Current (mA),mA,35.0,65.0,latent_defect,47.664981,49.501546,57.736871,66.065367,77.772313,79.484622,82.7617995,86.8653165,27.5570355,27.8530605,28.019669999999994,26.263994000000004,-0.7369122569985439,-0.7260712948469156,-0.6024012070739053,-0.5341675655016458,1.836565,3.853069824993742,0.0765235416666666,60.520936,66.065367,18.400386,0.1095261071428571,0.1348156845238095,-0.0252895773809523,0.7369122569985439,1,34.95,1,CRITICAL,HOLD / REJECT,Abnormal early drift; Predicted value near limit,validation,-0.8686268029384633,-0.5341675655016458,0,0.0,0.4477735686114432,0.18107173256482695,0,0.20648718616452952,0,0.1111115333333333,0.03915001388888879,0,38.6035735543459,18.400385999999997,7.30981674581348,0.3584212119366754,1,1.0,1.0,0.8,CRITICAL,SPECIFICATION_FAILURE,FAIL,ANOMALOUS,"Measurement is OUTSIDE the datasheet limit [35.0, 65.0]"
RF_MMIC_0199,LOT_J10,RF MMIC,Supply Current (mA),mA,35.0,65.0,lot_outlier,52.274952,53.927267,59.194901,64.740881,77.772313,79.484622,82.7617995,86.8653165,27.5570355,27.8530605,28.019669999999994,26.263994000000004,-0.6240778107477823,-0.6188978688414855,-0.5673034431801957,-0.5681819491500776,1.6523150000000015,3.1608159104574622,0.0688464583333334,63.84115700000001,64.740881,12.465929000000004,0.0742019583333333,0.1348156845238095,-0.0606137261904761,0.6240778107477823,0,28.89,0,NORMAL,QA REVIEW,Abnormal early drift; Predicted value near limit,validation,-0.9116411611590648,-0.5681819491500776,0,0.19999999999999996,0.6040519626609272,0.2709315093489099,1,0.07187564947537683,0,0.07427643750000003,0.008181041666666597,0,23.846849252008884,12.465929000000003,4.8827203913022394,0.0,0,0.9827254000000001,0.9827254000000001,0.33366794352971474,WARNING,LATENT_ANOMALY,PASS,ANOMALOUS,Multivariate lot comparison (Isolation Forest) flags the full trajectory shape as unusual | Measurement is approaching the datasheet limit
RF_MMIC_0202,LOT_K11,RF MMIC,Supply Current (mA),mA,35.0,65.0,sudden_jump,47.077451,47.419791,54.696749,56.833811,75.383627,76.4921145,82.0986445,87.8515675,27.9853855,28.7926415,29.293296,32.4378495,-0.6822223030702284,-0.6810425350263285,-0.6309404481794504,-0.6449623036491707,0.342339999999993,0.7271846557707488,0.0142641666666663,49.473830999999954,56.833811,9.756359999999994,0.0580735714285713,0.1348156845238095,-0.0767421130952381,0.6822223030702284,0,12.48,0,NORMAL,PASS,Within learned lot behavior,test,-0.9439517041733623,-0.6449623036491707,0,0.4,0.0,0.13643420156930244,0,0.10393748213696694,0,0.06383341388888887,0.015417250000000294,0,20.72406171693534,9.756359999999994,4.326534290168141,0.16421045423445574,0,0.45558739999999975,0.45558739999999975,0.1872661534825077,NORMAL,NORMAL,PASS,NORMAL,No significant population or temporal deviation detected
RF_MMIC_0206,LOT_K11,RF MMIC,Supply Current (mA),mA,35.0,65.0,healthy,45.569677,45.949332,47.288474,48.489988,75.383627,76.4921145,82.0986445,87.8515675,27.9853855,28.7926415,29.293296,32.4378495,-0.7185619715153555,-0.7154892184849891,-0.8015191714191114,-0.8184581302516181,0.3796549999999996,0.8331307680763234,0.0158189583333333,48.227262,48.489988,2.920310999999998,0.0173828035714285,0.1348156845238095,-0.1174328809523809,0.7185619715153555,0,13.62,0,NORMAL,PASS,Within learned lot behavior,test,-1.1509019105294784,-0.8184581302516181,0,0.8,0.9999999927580473,0.5316150842244307,1,0.1462931093100479,0,0.01755657083333333,0.0008687361111110702,0,6.408452269696794,2.920310999999998,1.15429869080892,0.5076689229596918,0,0.10066746666666693,0.10066746666666693,0.29129677074712484,NORMAL,LATENT_ANOMALY,PASS,NORMAL,Multivariate lot comparison (Isolation Forest) flags the full trajectory shape as unusual
RF_MMIC_0210,LOT_K11,RF MMIC,Supply Current (mA),mA,35.0,65.0,gradual_drift,46.949249,49.864206,58.83688,67.423767,75.383627,76.4921145,82.0986445,87.8515675,27.9853855,28.7926415,29.293296,32.4378495,-0.6853121681123383,-0.6237801497802237,-0.5356121484031945,-0.424761902717422,2.914957000000001,6.208740420959664,0.1214565416666667,67.353948,67.423767,20.474518,0.1218721309523809,0.1348156845238095,-0.0129435535714285,0.6853121681123383,1,42.42,1,CRITICAL,HOLD / REJECT,Abnormal early drift; Predicted value near limit,test,-0.6812911012935805,-0.424761902717422,0,0.0,0.557206574252091,0.2043286387634017,0,0.265624659515894,0,0.12216081805555556,-0.0021942222222223057,0,43.60989459064616,20.474517999999996,8.02963387245217,0.5389612905724361,1,1.0,1.0,0.8,CRITICAL,SPECIFICATION_FAILURE,FAIL,ANOMALOUS,"Measurement is OUTSIDE the datasheet limit [35.0, 65.0]"
RF_MMIC_0214,LOT_K11,RF MMIC,Supply Current (mA),mA,35.0,65.0,lot_outlier,49.268899,50.563405,54.624129,58.295054,75.383627,76.4921145,82.0986445,87.8515675,27.9853855,28.7926415,29.293296,32.4378495,-0.6294050415079939,-0.6074008514607112,-0.6326125549629679,-0.6145782024821109,1.2945060000000057,2.627430338964964,0.0539377500000002,58.33044100000004,58.295054,9.026155000000005,0.0537271130952381,0.1348156845238095,-0.0810885714285714,0.6294050415079939,0,25.21,0,NORMAL,PASS,Abnormal early drift,test,-0.9077087804696319,-0.6145782024821109,0,0.19999999999999996,0.5198101198618571,0.24971862867574182,0,0.06753180316689962,0,0.053987275000000015,-0.0029526805555558297,0,18.320188157644854,9.026155000000003,3.5493773594811935,0.049619445437264424,0,0.5530036,0.5530036,0.2375008927370566,NORMAL,NORMAL,PASS,NORMAL,No significant population or temporal deviation detected
RF_MMIC_0218,LOT_K11,RF MMIC,Supply Current (mA),mA,35.0,65.0,healthy,47.365477,48.361077,51.224522,53.993625,75.383627,76.4921145,82.0986445,87.8515675,27.9853855,28.7926415,29.293296,32.4378495,-0.6752804342334027,-0.6589921542363378,-0.7108899706335006,-0.7040192153040198,0.9956000000000031,2.1019528632636875,0.0414833333333334,54.33467700000002,53.993625,6.628148000000003,0.0394532619047619,0.1348156845238095,-0.0953624226190476,0.6752804342334027,0,22.03,0,NORMAL,PASS,Abnormal early drift,test,-1.0143962808128417,-0.7040192153040198,0,0.6,0.1503906287697567,0.2267188699700287,0,0.04221427412567915,0,0.03941727361111113,-0.0030235694444445543,0,13.993626623880518,6.628148000000003,2.5909534833588177,0.0,0,0.2662416666666667,0.2662416666666667,0.1608215909716165,NORMAL,NORMAL,PASS,NORMAL,No significant population or temporal deviation detected
RF_MMIC_0221,LOT_L12,RF MMIC,Supply Current (mA),mA,35.0,65.0,latent_defect,48.502538,49.992606,56.96075,64.66658,76.024201,77.4027985,85.1287215,94.5769145,28.510897499999995,29.090079000000003,28.675515,28.967648,-0.6510881454689006,-0.6355404382616037,-0.6625525815299251,-0.6964405336982834,1.4900680000000008,3.072144389639983,0.0620861666666667,58.93301400000001,64.66658,16.164041999999995,0.0962145357142856,0.1348156845238095,-0.0386011488095238,0.6510881454689006,1,28.56,0,NORMAL,QA REVIEW,Abnormal early drift; Predicted value near limit,test,-0.8798959324011137,-0.6964405336982834,0,0.19999999999999996,0.3986803294608151,0.2205426455368443,0,0.16038015572344147,0,0.0974086722222222,0.04493924999999995,0,33.32617769404148,16.164041999999995,6.414330958903876,0.23600163565125096,0,0.9777719999999996,0.9777719999999996,0.34792352050411424,WARNING,NORMAL,PASS,ANOMALOUS,Measurement is approaching the datasheet limit
RF_MMIC_0225,LOT_L12,RF MMIC,Supply Current (mA),mA,35.0,65.0,healthy,47.791811,47.900328,49.122705,50.370661,76.024201,77.4027985,85.1287215,94.5769145,28.510897499999995,29.090079000000003,28.675515,28.967648,-0.6679020249341304,-0.6840525848685679,-0.8469150567936379,-1.0293106812410142,0.108516999999999,0.227061912343098,0.0045215416666666,48.55143,50.370661,2.578849999999996,0.0153502976190475,0.1348156845238095,-0.1194653869047619,0.6840525848685679,0,9.0,0,NORMAL,PASS,Within learned lot behavior,test,-1.3645798934521218,-1.0293106812410142,0,0.8,0.6579151876773608,0.447439240911797,1,0.16908692032248906,1,0.015873972222222203,0.012811180555555524,0,5.396008115281497,2.5788499999999956,1.0484413115423699,0.6018201825024065,0,0.02471073333333318,0.02471073333333318,0.2515526111603811,NORMAL,HIGH_RISK_COMPONENT,PASS,NORMAL,Degradation rate is accelerating (late-stage slope differs from early-stage slope) | Multivariate lot comparison (Isolation Forest) flags the full trajectory shape as unusual
RF_MMIC_0229,LOT_L12,RF MMIC,Supply Current (mA),mA,35.0,65.0,healthy,47.472669,48.909553,53.648183,58.43319,76.024201,77.4027985,85.1287215,94.5769145,28.510897499999995,29.090079000000003,28.675515,28.967648,-0.6754520618966946,-0.6606524099590131,-0.7404690838716304,-0.8415805172832058,1.4368839999999992,3.0267605135072544,0.0598701666666666,57.530857,58.43319,10.960521,0.0652411964285714,0.1348156845238095,-0.069574488095238,0.6754520618966946,0,28.5,0,NORMAL,PASS,Abnormal early drift,test,-1.0912306605830333,-0.8415805172832058,0,0.6,0.0,0.1936382952622805,0,0.08295881779786582,0,0.06547754166666667,0.006588263888888925,0,23.08806568259307,10.960521,4.30396036633566,0.05355388764214079,0,0.5622126666666669,0.5622126666666669,0.2230813785573919,NORMAL,NORMAL,PASS,NORMAL,No significant population or temporal deviation detected
RF_MMIC_0233,LOT_L12,RF MMIC,Supply Current (mA),mA,35.0,65.0,sudden_jump,46.26964,47.249789,55.945663,59.808379,76.024201,77.4027985,85.1287215,94.5769145,28.510897499999995,29.090079000000003,28.675515,28.967648,-0.7039124758097386,-0.6991361652252643,-0.6864289374232653,-0.8095602347585819,0.9801489999999972,2.1183415302128936,0.0408395416666665,53.13068299999998,59.808379,13.538739,0.0805877321428571,0.1348156845238095,-0.0542279523809523,0.7039124758097386,0,22.45,0,NORMAL,PASS,Abnormal early drift,test,-1.0446067218412307,-0.8095602347585819,0,0.4,0.4076895000601071,0.27314337055940807,0,0.11049673842658925,0,0.08593150138888889,0.012809291666666764,0,29.260523747321137,13.538739,5.734438448845074,0.08907367047568321,0,0.6538919333333335,0.6538919333333335,0.28423443026106565,NORMAL,NORMAL,PASS,NORMAL,Measurement is approaching the datasheet limit
RF_MMIC_0237,LOT_L12,RF MMIC,Supply Current (mA),mA,35.0,65.0,accelerating_drift,46.913509,49.47649,61.398255,76.137082,76.024201,77.4027985,85.1287215,94.5769145,28.510897499999995,29.090079000000003,28.675515,28.967648,-0.6886802758829059,-0.6475072491051914,-0.5581758644027457,-0.4293581801168739,2.5629810000000006,5.4632046389878886,0.106790875,64.854376,76.137082,29.22357300000001,0.1739498392857143,0.1348156845238095,0.0391341547619048,0.6886802758829059,1,42.46,1,CRITICAL,HOLD / REJECT,Abnormal early drift; Predicted value near limit; Drift above learned safety slope,test,-0.49100394549187654,-0.4293581801168739,0,0.0,0.6019376782758008,0.2181501442429667,1,0.6885704217918539,1,0.1753514944444445,0.09791505555555564,3,62.292447576240804,29.22357300000001,11.566499646119244,0.9999999961843359,1,1.0,1.0,0.8,CRITICAL,SPECIFICATION_FAILURE,FAIL,ANOMALOUS,"Supply Current (mA) changed 62% during burn-in (0h→168h) | 3 sudden jump(s) detected in the burn-in trajectory | Degradation rate is accelerating (late-stage slope differs from early-stage slope) | Multivariate lot comparison (Isolation Forest) flags the full trajectory shape as unusual | Measurement is OUTSIDE the datasheet limit [35.0, 65.0]"
