component_id,lot_id,component_type,parameter,unit,temperature_C,time_h,parameter_value,datasheet_min,datasheet_max,failure_mode,lot_median,lot_mad,robust_z,anomaly_label_early,anomaly_score,future_failure_label_168h,risk_level_168h,qa_recommendation,split,observed_early_measurement,prediction_target,datasheet_pass
FPGA_0001,LOT_A01,FPGA,Leakage Current (µA),µA,121.74,0,10.417137,0.0,50.0,accelerating_drift,10.404641,0.2359620000000006,0.0357194655513169,1,100.0,1,CRITICAL,HOLD / REJECT,train,True,,True
FPGA_0001,LOT_A01,FPGA,Leakage Current (µA),µA,121.99,24,13.278739,0.0,50.0,accelerating_drift,11.285488,0.1667780000000007,8.061191409043616,1,100.0,1,CRITICAL,HOLD / REJECT,train,True,,True
FPGA_0001,LOT_A01,FPGA,Leakage Current (µA),µA,121.35,96,25.804767,0.0,50.0,accelerating_drift,14.54341,0.1187509999999996,63.9630928216781,1,100.0,1,CRITICAL,HOLD / REJECT,train,False,,True
FPGA_0001,LOT_A01,FPGA,Leakage Current (µA),µA,122.15,168,40.716318,0.0,50.0,accelerating_drift,17.83988,0.6050269999999998,25.502904896375284,1,100.0,1,CRITICAL,HOLD / REJECT,train,False,40.716318,True
FPGA_0005,LOT_A01,FPGA,Leakage Current (µA),µA,121.74,0,10.071377,0.0,50.0,healthy,10.404641,0.2359620000000006,-0.9526257976547378,0,45.32,0,REVIEW,QA REVIEW,train,True,,True
FPGA_0005,LOT_A01,FPGA,Leakage Current (µA),µA,121.59,24,11.11871,0.0,50.0,healthy,11.285488,0.1667780000000007,-0.6744907594765952,0,45.32,0,REVIEW,QA REVIEW,train,True,,True
FPGA_0005,LOT_A01,FPGA,Leakage Current (µA),µA,121.53,96,14.61832,0.0,50.0,healthy,14.54341,0.1187509999999996,0.4254793878989864,0,45.32,0,REVIEW,QA REVIEW,train,False,,True
FPGA_0005,LOT_A01,FPGA,Leakage Current (µA),µA,121.26,168,17.83988,0.0,50.0,healthy,17.83988,0.6050269999999998,0.0,0,45.32,0,REVIEW,QA REVIEW,train,False,17.83988,True
FPGA_0009,LOT_A01,FPGA,Leakage Current (µA),µA,121.1,0,9.49175,0.0,50.0,healthy,10.404641,0.2359620000000006,-2.609473321591387,0,63.27,0,HIGH,QA REVIEW,train,True,,True
FPGA_0009,LOT_A01,FPGA,Leakage Current (µA),µA,121.09,24,10.721567,0.0,50.0,healthy,11.285488,0.1667780000000007,-2.2806335582318997,0,63.27,0,HIGH,QA REVIEW,train,True,,True
FPGA_0009,LOT_A01,FPGA,Leakage Current (µA),µA,122.43,96,14.424659,0.0,50.0,healthy,14.54341,0.1187509999999996,-0.6744907594765952,0,63.27,0,HIGH,QA REVIEW,train,False,,True
FPGA_0009,LOT_A01,FPGA,Leakage Current (µA),µA,121.97,168,18.444907,0.0,50.0,healthy,17.83988,0.6050269999999998,0.6744907594765952,0,63.27,0,HIGH,QA REVIEW,train,False,18.444907,True
FPGA_0013,LOT_A01,FPGA,Leakage Current (µA),µA,122.42,0,10.640603,0.0,50.0,healthy,10.404641,0.2359620000000006,0.6744907594765952,0,42.31,0,REVIEW,QA REVIEW,train,True,,True
FPGA_0013,LOT_A01,FPGA,Leakage Current (µA),µA,121.0,24,11.318488,0.0,50.0,healthy,11.285488,0.1667780000000007,0.1334600190836152,0,42.31,0,REVIEW,QA REVIEW,train,True,,True
FPGA_0013,LOT_A01,FPGA,Leakage Current (µA),µA,121.8,96,13.693177,0.0,50.0,healthy,14.54341,0.1187509999999996,-4.829216612088029,0,42.31,0,REVIEW,QA REVIEW,train,False,,True
FPGA_0013,LOT_A01,FPGA,Leakage Current (µA),µA,121.24,168,16.060996,0.0,50.0,healthy,17.83988,0.6050269999999998,-1.9831194643888044,0,42.31,0,REVIEW,QA REVIEW,train,False,16.060996,True
FPGA_0017,LOT_A01,FPGA,Leakage Current (µA),µA,121.42,0,10.404641,0.0,50.0,healthy,10.404641,0.2359620000000006,0.0,0,35.0,0,REVIEW,QA REVIEW,train,True,,True
FPGA_0017,LOT_A01,FPGA,Leakage Current (µA),µA,122.03,24,11.285488,0.0,50.0,healthy,11.285488,0.1667780000000007,0.0,0,35.0,0,REVIEW,QA REVIEW,train,True,,True
FPGA_0017,LOT_A01,FPGA,Leakage Current (µA),µA,121.28,96,14.54341,0.0,50.0,healthy,14.54341,0.1187509999999996,0.0,0,35.0,0,REVIEW,QA REVIEW,train,False,,True
FPGA_0017,LOT_A01,FPGA,Leakage Current (µA),µA,121.3,168,17.55206,0.0,50.0,healthy,17.83988,0.6050269999999998,-0.320864904198579,0,35.0,0,REVIEW,QA REVIEW,train,False,17.55206,True
FPGA_0024,LOT_B02,FPGA,Leakage Current (µA),µA,124.41,0,9.620889,0.0,50.0,healthy,9.620889,0.7745449999999998,0.0,0,35.0,0,REVIEW,QA REVIEW,train,True,,True
FPGA_0024,LOT_B02,FPGA,Leakage Current (µA),µA,124.09,24,10.60459,0.0,50.0,healthy,10.60459,1.045375,0.0,0,35.0,0,REVIEW,QA REVIEW,train,True,,True
FPGA_0024,LOT_B02,FPGA,Leakage Current (µA),µA,123.9,96,13.137644,0.0,50.0,healthy,13.137644,0.9856440000000006,0.0,0,35.0,0,REVIEW,QA REVIEW,train,False,,True
FPGA_0024,LOT_B02,FPGA,Leakage Current (µA),µA,124.07,168,15.753205,0.0,50.0,healthy,15.753205,1.25061,0.0,0,35.0,0,REVIEW,QA REVIEW,train,False,15.753205,True
FPGA_0028,LOT_B02,FPGA,Leakage Current (µA),µA,123.72,0,10.731802,0.0,50.0,healthy,9.620889,0.7745449999999998,0.9674073850872744,0,45.48,0,REVIEW,QA REVIEW,train,True,,True
FPGA_0028,LOT_B02,FPGA,Leakage Current (µA),µA,123.46,24,11.649965,0.0,50.0,healthy,10.60459,1.045375,0.6744907594765952,0,45.48,0,REVIEW,QA REVIEW,train,True,,True
FPGA_0028,LOT_B02,FPGA,Leakage Current (µA),µA,123.93,96,14.123288,0.0,50.0,healthy,13.137644,0.9856440000000006,0.6744907594765952,0,45.48,0,REVIEW,QA REVIEW,train,False,,True
FPGA_0028,LOT_B02,FPGA,Leakage Current (µA),µA,123.57,168,16.79616,0.0,50.0,healthy,15.753205,1.25061,0.5624963098407282,0,45.48,0,REVIEW,QA REVIEW,train,False,16.79616,True
FPGA_0032,LOT_B02,FPGA,Leakage Current (µA),µA,124.11,0,10.860407,0.0,50.0,healthy,9.620889,0.7745449999999998,1.079399437353428,0,46.69,0,REVIEW,QA REVIEW,train,True,,True
FPGA_0032,LOT_B02,FPGA,Leakage Current (µA),µA,124.2,24,11.963621,0.0,50.0,healthy,10.60459,1.045375,0.8768660541358236,0,46.69,0,REVIEW,QA REVIEW,train,True,,True
FPGA_0032,LOT_B02,FPGA,Leakage Current (µA),µA,123.7,96,14.972326,0.0,50.0,healthy,13.137644,0.9856440000000006,1.255500013775804,0,46.69,0,REVIEW,QA REVIEW,train,False,,True
FPGA_0032,LOT_B02,FPGA,Leakage Current (µA),µA,124.14,168,18.016471,0.0,50.0,healthy,15.753205,1.25061,1.2206459273774843,0,46.69,0,REVIEW,QA REVIEW,train,False,18.016471,True
FPGA_0036,LOT_B02,FPGA,Leakage Current (µA),µA,124.21,0,8.86166,0.0,50.0,healthy,9.620889,0.7745449999999998,-0.6611532510398437,0,43.31,0,REVIEW,QA REVIEW,train,True,,True
FPGA_0036,LOT_B02,FPGA,Leakage Current (µA),µA,124.2,24,9.415057,0.0,50.0,healthy,10.60459,1.045375,-0.7675035433145746,0,43.31,0,REVIEW,QA REVIEW,train,True,,True
FPGA_0036,LOT_B02,FPGA,Leakage Current (µA),µA,122.67,96,11.019819,0.0,50.0,healthy,13.137644,0.9856440000000006,-1.4492589542355243,0,43.31,0,REVIEW,QA REVIEW,train,False,,True
FPGA_0036,LOT_B02,FPGA,Leakage Current (µA),µA,123.58,168,12.540827,0.0,50.0,healthy,15.753205,1.25061,-1.7325299469426163,0,43.31,0,REVIEW,QA REVIEW,train,False,12.540827,True
FPGA_0040,LOT_B02,FPGA,Leakage Current (µA),µA,123.5,0,8.846344,0.0,50.0,healthy,9.620889,0.7745449999999998,-0.6744907594765953,0,42.31,0,REVIEW,QA REVIEW,train,True,,True
FPGA_0040,LOT_B02,FPGA,Leakage Current (µA),µA,124.57,24,9.576276,0.0,50.0,healthy,10.60459,1.045375,-0.6634827605791372,0,42.31,0,REVIEW,QA REVIEW,train,True,,True
FPGA_0040,LOT_B02,FPGA,Leakage Current (µA),µA,124.24,96,12.182286,0.0,50.0,healthy,13.137644,0.9856440000000006,-0.6537656019739794,0,42.31,0,REVIEW,QA REVIEW,train,False,,True
FPGA_0040,LOT_B02,FPGA,Leakage Current (µA),µA,124.09,168,14.502595,0.0,50.0,healthy,15.753205,1.25061,-0.6744907594765952,0,42.31,0,REVIEW,QA REVIEW,train,False,14.502595,True
FPGA_0043,LOT_C03,FPGA,Leakage Current (µA),µA,125.37,0,9.615765,0.0,50.0,healthy,9.76158,0.3136349999999996,-0.3135838477627825,0,42.31,0,REVIEW,QA REVIEW,train,True,,True
FPGA_0043,LOT_C03,FPGA,Leakage Current (µA),µA,125.25,24,10.488421,0.0,50.0,healthy,10.680307,0.1918860000000002,-0.6744907594765952,0,42.31,0,REVIEW,QA REVIEW,train,True,,True
FPGA_0043,LOT_C03,FPGA,Leakage Current (µA),µA,125.57,96,13.069131,0.0,50.0,healthy,13.437858,0.3398129999999995,-0.7318818122600571,0,42.31,0,REVIEW,QA REVIEW,train,False,,True
FPGA_0043,LOT_C03,FPGA,Leakage Current (µA),µA,125.74,168,15.610341,0.0,50.0,healthy,15.962855,0.6864559999999997,-0.3463695205317342,0,42.31,0,REVIEW,QA REVIEW,train,False,15.610341,True
FPGA_0047,LOT_C03,FPGA,Leakage Current (µA),µA,125.35,0,8.671506,0.0,50.0,healthy,9.76158,0.3136349999999996,-2.344269103083809,0,60.4,0,HIGH,QA REVIEW,train,True,,True
FPGA_0047,LOT_C03,FPGA,Leakage Current (µA),µA,125.86,24,10.163019,0.0,50.0,healthy,10.680307,0.1918860000000002,-1.8182982395178853,0,60.4,0,HIGH,QA REVIEW,train,True,,True
FPGA_0047,LOT_C03,FPGA,Leakage Current (µA),µA,125.07,96,13.777671,0.0,50.0,healthy,13.437858,0.3398129999999995,0.6744907594765952,0,60.4,0,HIGH,QA REVIEW,train,False,,True
FPGA_0047,LOT_C03,FPGA,Leakage Current (µA),µA,124.82,168,17.785364,0.0,50.0,healthy,15.962855,0.6864559999999997,1.7907418386071825,0,60.4,0,HIGH,QA REVIEW,train,False,17.785364,True
FPGA_0051,LOT_C03,FPGA,Leakage Current (µA),µA,125.58,0,10.075215,0.0,50.0,healthy,9.76158,0.3136349999999996,0.6744907594765952,0,62.91,0,HIGH,QA REVIEW,train,True,,True
FPGA_0051,LOT_C03,FPGA,Leakage Current (µA),µA,126.33,24,11.413177,0.0,50.0,healthy,10.680307,0.1918860000000002,2.5760818553600084,0,62.91,0,HIGH,QA REVIEW,train,True,,True
FPGA_0051,LOT_C03,FPGA,Leakage Current (µA),µA,125.52,96,15.021492,0.0,50.0,healthy,13.437858,0.3398129999999995,3.1433361860580966,0,62.91,0,HIGH,QA REVIEW,train,False,,True
FPGA_0051,LOT_C03,FPGA,Leakage Current (µA),µA,125.54,168,18.747255,0.0,50.0,healthy,15.962855,0.6864559999999997,2.735866640668349,0,62.91,0,HIGH,QA REVIEW,train,False,18.747255,True
FPGA_0055,LOT_C03,FPGA,Leakage Current (µA),µA,125.83,0,9.76158,0.0,50.0,healthy,9.76158,0.3136349999999996,0.0,0,35.0,0,REVIEW,QA REVIEW,train,True,,True
FPGA_0055,LOT_C03,FPGA,Leakage Current (µA),µA,124.96,24,10.680307,0.0,50.0,healthy,10.680307,0.1918860000000002,0.0,0,35.0,0,REVIEW,QA REVIEW,train,True,,True
FPGA_0055,LOT_C03,FPGA,Leakage Current (µA),µA,125.01,96,13.437858,0.0,50.0,healthy,13.437858,0.3398129999999995,0.0,0,35.0,0,REVIEW,QA REVIEW,train,False,,True
FPGA_0055,LOT_C03,FPGA,Leakage Current (µA),µA,125.51,168,15.962855,0.0,50.0,healthy,15.962855,0.6864559999999997,0.0,0,35.0,0,REVIEW,QA REVIEW,train,False,15.962855,True
FPGA_0059,LOT_C03,FPGA,Leakage Current (µA),µA,124.95,0,10.207078,0.0,50.0,healthy,9.76158,0.3136349999999996,0.9580699997299528,0,45.38,0,REVIEW,QA REVIEW,train,True,,True
FPGA_0059,LOT_C03,FPGA,Leakage Current (µA),µA,125.01,24,10.865767,0.0,50.0,healthy,10.680307,0.1918860000000002,0.6519029853794887,0,45.38,0,REVIEW,QA REVIEW,train,True,,True
FPGA_0059,LOT_C03,FPGA,Leakage Current (µA),µA,125.47,96,13.117095,0.0,50.0,healthy,13.437858,0.3398129999999995,-0.6366786423179546,0,45.38,0,REVIEW,QA REVIEW,train,False,,True
FPGA_0059,LOT_C03,FPGA,Leakage Current (µA),µA,126.58,168,15.276399,0.0,50.0,healthy,15.962855,0.6864559999999997,-0.6744907594765952,0,45.38,0,REVIEW,QA REVIEW,train,False,15.276399,True
FPGA_0062,LOT_D04,FPGA,Leakage Current (µA),µA,124.0,0,10.923944,0.0,50.0,healthy,10.009678,0.3398540000000007,1.814496721249796,0,54.66,0,REVIEW,QA REVIEW,train,True,,True
FPGA_0062,LOT_D04,FPGA,Leakage Current (µA),µA,124.54,24,11.75811,0.0,50.0,healthy,11.857253,0.4310919999999996,-0.1551201074638081,0,54.66,0,REVIEW,QA REVIEW,train,True,,True
FPGA_0062,LOT_D04,FPGA,Leakage Current (µA),µA,124.31,96,14.120501,0.0,50.0,healthy,19.015894,3.4865710000000014,-0.9470328705500062,0,54.66,0,REVIEW,QA REVIEW,train,False,,True
FPGA_0062,LOT_D04,FPGA,Leakage Current (µA),µA,124.69,168,16.482986,0.0,50.0,healthy,26.120531,5.425236999999999,-1.1981845302868546,0,54.66,0,REVIEW,QA REVIEW,train,False,16.482986,True
FPGA_0066,LOT_D04,FPGA,Leakage Current (µA),µA,123.99,0,9.475509,0.0,50.0,gradual_drift,10.009678,0.3398540000000007,-1.0601377488534829,1,46.48,1,CRITICAL,HOLD / REJECT,train,True,,True
FPGA_0066,LOT_D04,FPGA,Leakage Current (µA),µA,124.1,24,11.857253,0.0,50.0,gradual_drift,11.857253,0.4310919999999996,0.0,1,46.48,1,CRITICAL,HOLD / REJECT,train,True,,True
FPGA_0066,LOT_D04,FPGA,Leakage Current (µA),µA,124.6,96,19.015894,0.0,50.0,gradual_drift,19.015894,3.4865710000000014,0.0,1,46.48,1,CRITICAL,HOLD / REJECT,train,False,,True
FPGA_0066,LOT_D04,FPGA,Leakage Current (µA),µA,124.32,168,26.120531,0.0,50.0,gradual_drift,26.120531,5.425236999999999,0.0,1,46.48,1,CRITICAL,HOLD / REJECT,train,False,26.120531,True
FPGA_0070,LOT_D04,FPGA,Leakage Current (µA),µA,124.25,0,10.349532,0.0,50.0,latent_defect,10.009678,0.3398540000000007,0.6744907594765952,1,42.31,1,CRITICAL,HOLD / REJECT,train,True,,True
FPGA_0070,LOT_D04,FPGA,Leakage Current (µA),µA,124.79,24,12.288345,0.0,50.0,latent_defect,11.857253,0.4310919999999996,0.6744907594765952,1,42.31,1,CRITICAL,HOLD / REJECT,train,True,,True
FPGA_0070,LOT_D04,FPGA,Leakage Current (µA),µA,124.23,96,20.067101,0.0,50.0,latent_defect,19.015894,3.4865710000000014,0.2033600944300615,1,42.31,1,CRITICAL,HOLD / REJECT,train,False,,True
FPGA_0070,LOT_D04,FPGA,Leakage Current (µA),µA,124.71,168,28.278348,0.0,50.0,latent_defect,26.120531,5.425236999999999,0.2682698704483342,1,42.31,1,CRITICAL,HOLD / REJECT,train,False,28.278348,True
FPGA_0074,LOT_D04,FPGA,Leakage Current (µA),µA,124.25,0,9.777585,0.0,50.0,healthy,10.009678,0.3398540000000007,-0.4606230435398741,0,53.5,0,REVIEW,QA REVIEW,train,True,,True
FPGA_0074,LOT_D04,FPGA,Leakage Current (µA),µA,124.52,24,10.766046,0.0,50.0,healthy,11.857253,0.4310919999999996,-1.7073131447027043,0,53.5,0,REVIEW,QA REVIEW,train,True,,True
FPGA_0074,LOT_D04,FPGA,Leakage Current (µA),µA,125.22,96,13.457887,0.0,50.0,healthy,19.015894,3.4865710000000014,-1.0752181334056388,0,53.5,0,REVIEW,QA REVIEW,train,False,,True
FPGA_0074,LOT_D04,FPGA,Leakage Current (µA),µA,124.15,168,16.160623,0.0,50.0,healthy,26.120531,5.425236999999999,-1.2382622014922144,0,53.5,0,REVIEW,QA REVIEW,train,False,16.160623,True
FPGA_0078,LOT_D04,FPGA,Leakage Current (µA),µA,124.31,0,10.009678,0.0,50.0,gradual_drift,10.009678,0.3398540000000007,0.0,1,55.96,1,CRITICAL,HOLD / REJECT,train,True,,True
FPGA_0078,LOT_D04,FPGA,Leakage Current (µA),µA,124.54,24,13.094109,0.0,50.0,gradual_drift,11.857253,0.4310919999999996,1.9351969946164256,1,55.96,1,CRITICAL,HOLD / REJECT,train,True,,True
FPGA_0078,LOT_D04,FPGA,Leakage Current (µA),µA,124.58,96,22.502465,0.0,50.0,gradual_drift,19.015894,3.4865710000000014,0.6744907594765952,1,55.96,1,CRITICAL,HOLD / REJECT,train,False,,True
FPGA_0078,LOT_D04,FPGA,Leakage Current (µA),µA,124.39,168,31.545768,0.0,50.0,gradual_drift,26.120531,5.425236999999999,0.6744907594765952,1,55.96,1,CRITICAL,HOLD / REJECT,train,False,31.545768,True
FPGA_0081,LOT_E05,FPGA,Leakage Current (µA),µA,126.05,0,10.46375,0.0,50.0,healthy,9.855918,0.6078319999999984,0.6744907594765952,0,24.05,0,NORMAL,PASS,train,True,,True
FPGA_0081,LOT_E05,FPGA,Leakage Current (µA),µA,125.98,24,10.714025,0.0,50.0,healthy,10.753848,0.1210880000000003,-0.2218241734493632,0,24.05,0,NORMAL,PASS,train,True,,True
FPGA_0081,LOT_E05,FPGA,Leakage Current (µA),µA,126.39,96,11.865496,0.0,50.0,healthy,13.444302,1.714556,-0.6210879423047164,0,24.05,0,NORMAL,PASS,train,False,,True
FPGA_0081,LOT_E05,FPGA,Leakage Current (µA),µA,126.06,168,13.082187,0.0,50.0,healthy,16.384326,2.855884999999997,-0.7798851291306508,0,24.05,0,NORMAL,PASS,train,False,13.082187,True
FPGA_0085,LOT_E05,FPGA,Leakage Current (µA),µA,126.19,0,10.467566,0.0,50.0,healthy,9.855918,0.6078319999999984,0.6787252465357876,1,92.55,0,CRITICAL,HOLD / REJECT,train,True,,True
FPGA_0085,LOT_E05,FPGA,Leakage Current (µA),µA,126.83,24,11.707623,0.0,50.0,healthy,10.753848,0.1210880000000003,5.312767773187997,1,92.55,0,CRITICAL,HOLD / REJECT,train,True,,True
FPGA_0085,LOT_E05,FPGA,Leakage Current (µA),µA,125.89,96,15.523984,0.0,50.0,healthy,13.444302,1.714556,0.8181280119458358,1,92.55,0,CRITICAL,HOLD / REJECT,train,False,,True
FPGA_0085,LOT_E05,FPGA,Leakage Current (µA),µA,125.82,168,19.240211,0.0,50.0,healthy,16.384326,2.855884999999997,0.6744907594765952,1,92.55,0,CRITICAL,HOLD / REJECT,train,False,19.240211,True
FPGA_0089,LOT_E05,FPGA,Leakage Current (µA),µA,125.67,0,9.855918,0.0,50.0,healthy,9.855918,0.6078319999999984,0.0,0,35.0,0,REVIEW,QA REVIEW,train,True,,True
FPGA_0089,LOT_E05,FPGA,Leakage Current (µA),µA,125.75,24,10.753848,0.0,50.0,healthy,10.753848,0.1210880000000003,0.0,0,35.0,0,REVIEW,QA REVIEW,train,True,,True
FPGA_0089,LOT_E05,FPGA,Leakage Current (µA),µA,126.47,96,13.444302,0.0,50.0,healthy,13.444302,1.714556,0.0,0,35.0,0,REVIEW,QA REVIEW,train,False,,True
FPGA_0089,LOT_E05,FPGA,Leakage Current (µA),µA,126.12,168,16.384326,0.0,50.0,healthy,16.384326,2.855884999999997,0.0,0,35.0,0,REVIEW,QA REVIEW,train,False,16.384326,True
FPGA_0093,LOT_E05,FPGA,Leakage Current (µA),µA,125.42,0,9.725598,0.0,50.0,sudden_jump,9.855918,0.6078319999999984,-0.144611727870515,0,42.31,0,REVIEW,QA REVIEW,train,True,,True
FPGA_0093,LOT_E05,FPGA,Leakage Current (µA),µA,126.36,24,10.874936,0.0,50.0,sudden_jump,10.753848,0.1210880000000003,0.6744907594765952,0,42.31,0,REVIEW,QA REVIEW,train,True,,True
FPGA_0093,LOT_E05,FPGA,Leakage Current (µA),µA,126.53,96,18.62079,0.0,50.0,sudden_jump,13.444302,1.714556,2.0363833683714505,0,42.31,0,REVIEW,QA REVIEW,train,False,,True
FPGA_0093,LOT_E05,FPGA,Leakage Current (µA),µA,126.16,168,22.686427,0.0,50.0,sudden_jump,16.384326,2.855884999999997,1.488403381014366,0,42.31,0,REVIEW,QA REVIEW,train,False,22.686427,True
FPGA_0097,LOT_E05,FPGA,Leakage Current (µA),µA,126.74,0,8.81914,0.0,50.0,healthy,9.855918,0.6078319999999984,-1.1504777317229553,1,100.0,0,CRITICAL,HOLD / REJECT,train,True,,True
FPGA_0097,LOT_E05,FPGA,Leakage Current (µA),µA,125.79,24,9.496032,0.0,50.0,healthy,10.753848,0.1210880000000003,-7.006352975702059,1,100.0,0,CRITICAL,HOLD / REJECT,train,True,,True
FPGA_0097,LOT_E05,FPGA,Leakage Current (µA),µA,125.4,96,11.729746,0.0,50.0,healthy,13.444302,1.714556,-0.6744907594765952,1,100.0,0,CRITICAL,HOLD / REJECT,train,False,,True
FPGA_0097,LOT_E05,FPGA,Leakage Current (µA),µA,126.34,168,13.765805,0.0,50.0,healthy,16.384326,2.855884999999997,-0.6184311406080484,1,100.0,0,CRITICAL,HOLD / REJECT,train,False,13.765805,True
FPGA_0104,LOT_F06,FPGA,Leakage Current (µA),µA,125.81,0,10.016182,0.0,50.0,healthy,10.215667,0.1264149999999997,-1.0643577831284925,0,46.53,0,REVIEW,QA REVIEW,train,True,,True
FPGA_0104,LOT_F06,FPGA,Leakage Current (µA),µA,126.68,24,10.717525,0.0,50.0,healthy,10.987906,0.2703810000000004,-0.6744907594765952,0,46.53,0,REVIEW,QA REVIEW,train,True,,True
FPGA_0104,LOT_F06,FPGA,Leakage Current (µA),µA,125.65,96,13.105295,0.0,50.0,healthy,13.307329,0.2020339999999993,-0.6744907594765953,0,46.53,0,REVIEW,QA REVIEW,train,False,,True
FPGA_0104,LOT_F06,FPGA,Leakage Current (µA),µA,125.77,168,15.417457,0.0,50.0,healthy,15.706554,0.2890969999999999,-0.6744907594765952,0,46.53,0,REVIEW,QA REVIEW,train,False,15.417457,True
FPGA_0108,LOT_F06,FPGA,Leakage Current (µA),µA,126.14,0,10.342082,0.0,50.0,healthy,10.215667,0.1264149999999997,0.6744907594765952,0,42.31,0,REVIEW,QA REVIEW,train,True,,True
FPGA_0108,LOT_F06,FPGA,Leakage Current (µA),µA,125.66,24,11.08158,0.0,50.0,healthy,10.987906,0.2703810000000004,0.2336785772787677,0,42.31,0,REVIEW,QA REVIEW,train,True,,True
FPGA_0108,LOT_F06,FPGA,Leakage Current (µA),µA,125.9,96,13.307329,0.0,50.0,healthy,13.307329,0.2020339999999993,0.0,0,42.31,0,REVIEW,QA REVIEW,train,False,,True
FPGA_0108,LOT_F06,FPGA,Leakage Current (µA),µA,125.64,168,15.753143,0.0,50.0,healthy,15.706554,0.2890969999999999,0.1086965620302337,0,42.31,0,REVIEW,QA REVIEW,train,False,15.753143,True
FPGA_0112,LOT_F06,FPGA,Leakage Current (µA),µA,125.82,0,8.436957,0.0,50.0,healthy,10.215667,0.1264149999999997,-9.490356830982222,1,100.0,0,CRITICAL,HOLD / REJECT,train,True,,True
FPGA_0112,LOT_F06,FPGA,Leakage Current (µA),µA,125.87,24,8.742936,0.0,50.0,healthy,10.987906,0.2703810000000004,-5.600288187047795,1,100.0,0,CRITICAL,HOLD / REJECT,train,True,,True
FPGA_0112,LOT_F06,FPGA,Leakage Current (µA),µA,125.84,96,9.469276,0.0,50.0,healthy,13.307329,0.2020339999999993,-12.813344698820158,1,100.0,0,CRITICAL,HOLD / REJECT,train,False,,True
FPGA_0112,LOT_F06,FPGA,Leakage Current (µA),µA,125.94,168,10.237023,0.0,50.0,healthy,15.706554,0.2890969999999999,-12.76093531987804,1,100.0,0,CRITICAL,HOLD / REJECT,train,False,10.237023,True
FPGA_0116,LOT_F06,FPGA,Leakage Current (µA),µA,126.72,0,10.215667,0.0,50.0,healthy,10.215667,0.1264149999999997,0.0,0,47.37,0,REVIEW,QA REVIEW,train,True,,True
FPGA_0116,LOT_F06,FPGA,Leakage Current (µA),µA,125.68,24,11.445475,0.0,50.0,healthy,10.987906,0.2703810000000004,1.141448779030129,0,47.37,0,REVIEW,QA REVIEW,train,True,,True
FPGA_0116,LOT_F06,FPGA,Leakage Current (µA),µA,125.89,96,14.256762,0.0,50.0,healthy,13.307329,0.2020339999999993,3.1696832475828067,0,47.37,0,REVIEW,QA REVIEW,train,False,,True
FPGA_0116,LOT_F06,FPGA,Leakage Current (µA),µA,126.03,168,17.225778,0.0,50.0,healthy,15.706554,0.2890969999999999,3.544493888124296,0,47.37,0,REVIEW,QA REVIEW,train,False,17.225778,True
FPGA_0120,LOT_F06,FPGA,Leakage Current (µA),µA,126.86,0,10.316045,0.0,50.0,healthy,10.215667,0.1264149999999997,0.5355696195446938,0,40.8,0,REVIEW,QA REVIEW,train,True,,True
FPGA_0120,LOT_F06,FPGA,Leakage Current (µA),µA,126.68,24,10.987906,0.0,50.0,healthy,10.987906,0.2703810000000004,0.0,0,40.8,0,REVIEW,QA REVIEW,train,True,,True
FPGA_0120,LOT_F06,FPGA,Leakage Current (µA),µA,125.38,96,13.372961,0.0,50.0,healthy,13.307329,0.2020339999999993,0.2191125133688813,0,40.8,0,REVIEW,QA REVIEW,train,False,,True
FPGA_0120,LOT_F06,FPGA,Leakage Current (µA),µA,126.05,168,15.706554,0.0,50.0,healthy,15.706554,0.2890969999999999,0.0,0,40.8,0,REVIEW,QA REVIEW,train,False,15.706554,True
FPGA_0123,LOT_G07,FPGA,Leakage Current (µA),µA,125.74,0,10.809516,0.0,50.0,healthy,10.649934,0.431464,0.2494682856015663,0,12.28,0,NORMAL,PASS,train,True,,True
FPGA_0123,LOT_G07,FPGA,Leakage Current (µA),µA,125.02,24,10.886385,0.0,50.0,healthy,11.643199,0.7568139999999985,-0.6744907594765952,0,12.28,0,NORMAL,PASS,train,True,,True
FPGA_0123,LOT_G07,FPGA,Leakage Current (µA),µA,125.38,96,12.25496,0.0,50.0,healthy,15.66871,2.8184250000000013,-0.8169608310184681,0,12.28,0,NORMAL,PASS,train,False,,True
FPGA_0123,LOT_G07,FPGA,Leakage Current (µA),µA,125.59,168,13.589171,0.0,50.0,healthy,18.229086,4.639914999999999,-0.6744907594765952,0,12.28,0,NORMAL,PASS,train,False,13.589171,True
FPGA_0127,LOT_G07,FPGA,Leakage Current (µA),µA,125.4,0,9.286994,0.0,50.0,gradual_drift,10.649934,0.431464,-2.130630680012772,1,58.08,0,REVIEW,QA REVIEW,train,True,,True
FPGA_0127,LOT_G07,FPGA,Leakage Current (µA),µA,124.9,24,11.643199,0.0,50.0,gradual_drift,11.643199,0.7568139999999985,0.0,1,58.08,0,REVIEW,QA REVIEW,train,True,,True
FPGA_0127,LOT_G07,FPGA,Leakage Current (µA),µA,125.93,96,18.460586,0.0,50.0,gradual_drift,15.66871,2.8184250000000013,0.6681371913762036,1,58.08,0,REVIEW,QA REVIEW,train,False,,True
FPGA_0127,LOT_G07,FPGA,Leakage Current (µA),µA,125.45,168,25.339137,0.0,50.0,gradual_drift,18.229086,4.639914999999999,1.0335671448522932,1,58.08,0,REVIEW,QA REVIEW,train,False,25.339137,True
FPGA_0131,LOT_G07,FPGA,Leakage Current (µA),µA,125.13,0,10.21847,0.0,50.0,gradual_drift,10.649934,0.431464,-0.6744907594765952,1,46.13,1,CRITICAL,HOLD / REJECT,train,True,,True
FPGA_0131,LOT_G07,FPGA,Leakage Current (µA),µA,125.2,24,12.795716,0.0,50.0,gradual_drift,11.643199,0.7568139999999985,1.0271507485851077,1,46.13,1,CRITICAL,HOLD / REJECT,train,True,,True
FPGA_0131,LOT_G07,FPGA,Leakage Current (µA),µA,124.81,96,19.867285,0.0,50.0,gradual_drift,15.66871,2.8184250000000013,1.0047810534143868,1,46.13,1,CRITICAL,HOLD / REJECT,train,False,,True
FPGA_0131,LOT_G07,FPGA,Leakage Current (µA),µA,124.97,168,26.764586,0.0,50.0,gradual_drift,18.229086,4.639914999999999,1.2407804620370162,1,46.13,1,CRITICAL,HOLD / REJECT,train,False,26.764586,True
FPGA_0135,LOT_G07,FPGA,Leakage Current (µA),µA,125.6,0,10.649934,0.0,50.0,healthy,10.649934,0.431464,0.0,0,37.47,0,REVIEW,QA REVIEW,train,True,,True
FPGA_0135,LOT_G07,FPGA,Leakage Current (µA),µA,125.76,24,11.147187,0.0,50.0,healthy,11.643199,0.7568139999999985,-0.442057771908956,0,37.47,0,REVIEW,QA REVIEW,train,True,,True
FPGA_0135,LOT_G07,FPGA,Leakage Current (µA),µA,124.62,96,12.850285,0.0,50.0,healthy,15.66871,2.8184250000000013,-0.6744907594765952,0,37.47,0,REVIEW,QA REVIEW,train,False,,True
FPGA_0135,LOT_G07,FPGA,Leakage Current (µA),µA,124.94,168,14.590543,0.0,50.0,healthy,18.229086,4.639914999999999,-0.5289242650906857,0,37.47,0,REVIEW,QA REVIEW,train,False,14.590543,True
FPGA_0139,LOT_G07,FPGA,Leakage Current (µA),µA,124.62,0,12.247399,0.0,50.0,lot_outlier,10.649934,0.431464,2.497254420038008,0,62.05,0,HIGH,QA REVIEW,train,True,,True
FPGA_0139,LOT_G07,FPGA,Leakage Current (µA),µA,125.36,24,13.063728,0.0,50.0,lot_outlier,11.643199,0.7568139999999985,1.266009460803487,0,62.05,0,HIGH,QA REVIEW,train,True,,True
FPGA_0139,LOT_G07,FPGA,Leakage Current (µA),µA,125.65,96,15.66871,0.0,50.0,lot_outlier,15.66871,2.8184250000000013,0.0,0,62.05,0,HIGH,QA REVIEW,train,False,,True
FPGA_0139,LOT_G07,FPGA,Leakage Current (µA),µA,126.44,168,18.229086,0.0,50.0,lot_outlier,18.229086,4.639914999999999,0.0,0,62.05,0,HIGH,QA REVIEW,train,False,18.229086,True
FPGA_0142,LOT_H08,FPGA,Leakage Current (µA),µA,121.18,0,10.542907,0.0,50.0,gradual_drift,9.632099,0.3702380000000005,1.6592882947113952,1,77.58,1,CRITICAL,HOLD / REJECT,train,True,,True
FPGA_0142,LOT_H08,FPGA,Leakage Current (µA),µA,120.54,24,13.60734,0.0,50.0,gradual_drift,10.728248,0.4940460000000009,3.9306480564218433,1,77.58,1,CRITICAL,HOLD / REJECT,train,True,,True
FPGA_0142,LOT_H08,FPGA,Leakage Current (µA),µA,120.93,96,22.459252,0.0,50.0,gradual_drift,15.145993,1.5099719999999976,3.2667662825264654,1,77.58,1,CRITICAL,HOLD / REJECT,train,False,,True
FPGA_0142,LOT_H08,FPGA,Leakage Current (µA),µA,120.94,168,31.385653,0.0,50.0,gradual_drift,19.442677,2.5025720000000007,3.218859218696105,1,77.58,1,CRITICAL,HOLD / REJECT,train,False,31.385653,True
FPGA_0146,LOT_H08,FPGA,Leakage Current (µA),µA,121.22,0,9.308732,0.0,50.0,healthy,9.632099,0.3702380000000005,-0.5891022893913337,0,42.31,0,REVIEW,QA REVIEW,train,True,,True
FPGA_0146,LOT_H08,FPGA,Leakage Current (µA),µA,121.57,24,10.234202,0.0,50.0,healthy,10.728248,0.4940460000000009,-0.6744907594765952,0,42.31,0,REVIEW,QA REVIEW,train,True,,True
FPGA_0146,LOT_H08,FPGA,Leakage Current (µA),µA,121.65,96,12.077973,0.0,50.0,healthy,15.145993,1.5099719999999976,-1.370456630910631,0,42.31,0,REVIEW,QA REVIEW,train,False,,True
FPGA_0146,LOT_H08,FPGA,Leakage Current (µA),µA,120.81,168,14.322549,0.0,50.0,healthy,19.442677,2.5025720000000007,-1.379971894250147,0,42.31,0,REVIEW,QA REVIEW,train,False,14.322549,True
FPGA_0150,LOT_H08,FPGA,Leakage Current (µA),µA,120.91,0,9.261861,0.0,50.0,healthy,9.632099,0.3702380000000005,-0.6744907594765953,0,42.31,0,REVIEW,QA REVIEW,train,True,,True
FPGA_0150,LOT_H08,FPGA,Leakage Current (µA),µA,121.23,24,10.728248,0.0,50.0,healthy,10.728248,0.4940460000000009,0.0,0,42.31,0,REVIEW,QA REVIEW,train,True,,True
FPGA_0150,LOT_H08,FPGA,Leakage Current (µA),µA,121.0,96,15.145993,0.0,50.0,healthy,15.145993,1.5099719999999976,0.0,0,42.31,0,REVIEW,QA REVIEW,train,False,,True
FPGA_0150,LOT_H08,FPGA,Leakage Current (µA),µA,121.34,168,19.442677,0.0,50.0,healthy,19.442677,2.5025720000000007,0.0,0,42.31,0,REVIEW,QA REVIEW,train,False,19.442677,True
FPGA_0154,LOT_H08,FPGA,Leakage Current (µA),µA,120.54,0,10.957734,0.0,50.0,healthy,9.632099,0.3702380000000005,2.415010231091231,0,61.16,0,HIGH,QA REVIEW,train,True,,True
FPGA_0154,LOT_H08,FPGA,Leakage Current (µA),µA,120.94,24,12.285206,0.0,50.0,healthy,10.728248,0.4940460000000009,2.125619444126982,0,61.16,0,HIGH,QA REVIEW,train,True,,True
FPGA_0154,LOT_H08,FPGA,Leakage Current (µA),µA,121.09,96,16.655965,0.0,50.0,healthy,15.145993,1.5099719999999976,0.6744907594765952,0,61.16,0,HIGH,QA REVIEW,train,False,,True
FPGA_0154,LOT_H08,FPGA,Leakage Current (µA),µA,120.8,168,20.757285,0.0,50.0,healthy,19.442677,2.5025720000000007,0.3543118632886516,0,61.16,0,HIGH,QA REVIEW,train,False,20.757285,True
FPGA_0158,LOT_H08,FPGA,Leakage Current (µA),µA,121.39,0,9.632099,0.0,50.0,healthy,9.632099,0.3702380000000005,0.0,0,36.12,0,REVIEW,QA REVIEW,train,True,,True
FPGA_0158,LOT_H08,FPGA,Leakage Current (µA),µA,120.55,24,10.652313,0.0,50.0,healthy,10.728248,0.4940460000000009,-0.103669406939548,0,36.12,0,REVIEW,QA REVIEW,train,True,,True
FPGA_0158,LOT_H08,FPGA,Leakage Current (µA),µA,120.75,96,13.923441,0.0,50.0,healthy,15.145993,1.5099719999999976,-0.5461028595097339,0,36.12,0,REVIEW,QA REVIEW,train,False,,True
FPGA_0158,LOT_H08,FPGA,Leakage Current (µA),µA,121.47,168,16.940105,0.0,50.0,healthy,19.442677,2.5025720000000007,-0.6744907594765952,0,36.12,0,REVIEW,QA REVIEW,train,False,16.940105,True
FPGA_0161,LOT_I09,FPGA,Leakage Current (µA),µA,127.68,0,9.751096,0.0,50.0,sudden_jump,9.751096,0.1754949999999997,0.0,0,42.31,0,REVIEW,QA REVIEW,validation,True,,True
FPGA_0161,LOT_I09,FPGA,Leakage Current (µA),µA,127.48,24,10.393348,0.0,50.0,sudden_jump,10.923572,0.5302240000000005,-0.6744907594765952,0,42.31,0,REVIEW,QA REVIEW,validation,True,,True
FPGA_0161,LOT_I09,FPGA,Leakage Current (µA),µA,127.03,96,16.088701,0.0,50.0,sudden_jump,17.388778,2.0261200000000024,-0.4327926890352255,0,42.31,0,REVIEW,QA REVIEW,validation,False,,True
FPGA_0161,LOT_I09,FPGA,Leakage Current (µA),µA,127.19,168,18.416697,0.0,50.0,sudden_jump,24.572242,6.155545,-0.6744907594765952,0,42.31,0,REVIEW,QA REVIEW,validation,False,18.416697,True
FPGA_0165,LOT_I09,FPGA,Leakage Current (µA),µA,127.33,0,10.185902,0.0,50.0,accelerating_drift,9.751096,0.1754949999999997,1.6711167222141994,1,53.49,1,CRITICAL,HOLD / REJECT,validation,True,,True
FPGA_0165,LOT_I09,FPGA,Leakage Current (µA),µA,127.13,24,12.265277,0.0,50.0,accelerating_drift,10.923572,0.5302240000000005,1.7067647342322183,1,53.49,1,CRITICAL,HOLD / REJECT,validation,True,,True
FPGA_0165,LOT_I09,FPGA,Leakage Current (µA),µA,127.68,96,21.597729,0.0,50.0,accelerating_drift,17.388778,2.0261200000000024,1.4011502559521516,1,53.49,1,CRITICAL,HOLD / REJECT,validation,False,,True
FPGA_0165,LOT_I09,FPGA,Leakage Current (µA),µA,127.23,168,33.79544,0.0,50.0,accelerating_drift,24.572242,6.155545,1.0106273000722137,1,53.49,1,CRITICAL,HOLD / REJECT,validation,False,33.79544,True
FPGA_0169,LOT_I09,FPGA,Leakage Current (µA),µA,127.09,0,9.734707,0.0,50.0,gradual_drift,9.751096,0.1754949999999997,-0.062988854708465,1,53.88,1,CRITICAL,HOLD / REJECT,validation,True,,True
FPGA_0169,LOT_I09,FPGA,Leakage Current (µA),µA,127.43,24,12.293927,0.0,50.0,gradual_drift,10.923572,0.5302240000000005,1.7432100106795407,1,53.88,1,CRITICAL,HOLD / REJECT,validation,True,,True
FPGA_0169,LOT_I09,FPGA,Leakage Current (µA),µA,127.11,96,19.414898,0.0,50.0,gradual_drift,17.388778,2.0261200000000024,0.6744907594765952,1,53.88,1,CRITICAL,HOLD / REJECT,validation,False,,True
FPGA_0169,LOT_I09,FPGA,Leakage Current (µA),µA,127.6,168,26.405498,0.0,50.0,gradual_drift,24.572242,6.155545,0.2008781077475717,1,53.88,1,CRITICAL,HOLD / REJECT,validation,False,26.405498,True
FPGA_0173,LOT_I09,FPGA,Leakage Current (µA),µA,126.98,0,10.304031,0.0,50.0,healthy,9.751096,0.1754949999999997,2.1251291950835727,0,52.71,0,REVIEW,QA REVIEW,validation,True,,True
FPGA_0173,LOT_I09,FPGA,Leakage Current (µA),µA,128.58,24,10.740982,0.0,50.0,healthy,10.923572,0.5302240000000005,-0.2322702627056319,0,52.71,0,REVIEW,QA REVIEW,validation,True,,True
FPGA_0173,LOT_I09,FPGA,Leakage Current (µA),µA,127.41,96,12.576282,0.0,50.0,healthy,17.388778,2.0261200000000024,-1.602069019612891,0,52.71,0,REVIEW,QA REVIEW,validation,False,,True
FPGA_0173,LOT_I09,FPGA,Leakage Current (µA),µA,127.37,168,14.16786,0.0,50.0,healthy,24.572242,6.155545,-1.1400549451047173,0,52.71,0,REVIEW,QA REVIEW,validation,False,14.16786,True
FPGA_0177,LOT_I09,FPGA,Leakage Current (µA),µA,127.64,0,9.575601,0.0,50.0,latent_defect,9.751096,0.1754949999999997,-0.6744907594765952,1,42.31,0,REVIEW,QA REVIEW,validation,True,,True
FPGA_0177,LOT_I09,FPGA,Leakage Current (µA),µA,127.94,24,10.923572,0.0,50.0,latent_defect,10.923572,0.5302240000000005,0.0,1,42.31,0,REVIEW,QA REVIEW,validation,True,,True
FPGA_0177,LOT_I09,FPGA,Leakage Current (µA),µA,127.56,96,17.388778,0.0,50.0,latent_defect,17.388778,2.0261200000000024,0.0,1,42.31,0,REVIEW,QA REVIEW,validation,False,,True
FPGA_0177,LOT_I09,FPGA,Leakage Current (µA),µA,127.67,168,24.572242,0.0,50.0,latent_defect,24.572242,6.155545,0.0,1,42.31,0,REVIEW,QA REVIEW,validation,False,24.572242,True
FPGA_0184,LOT_J10,FPGA,Leakage Current (µA),µA,124.0,0,8.611946,0.0,50.0,healthy,9.932008,0.1067750000000007,-8.338746157210839,1,100.0,0,CRITICAL,HOLD / REJECT,validation,True,,True
FPGA_0184,LOT_J10,FPGA,Leakage Current (µA),µA,123.67,24,9.224359,0.0,50.0,healthy,10.704569,0.4897800000000014,-2.038441682152901,1,100.0,0,CRITICAL,HOLD / REJECT,validation,True,,True
FPGA_0184,LOT_J10,FPGA,Leakage Current (µA),µA,124.15,96,11.059099,0.0,50.0,healthy,13.389481,1.3216509999999992,-1.1892860710207065,1,100.0,0,CRITICAL,HOLD / REJECT,validation,False,,True
FPGA_0184,LOT_J10,FPGA,Leakage Current (µA),µA,124.9,168,13.09457,0.0,50.0,healthy,16.086077,2.146535,-0.9400004325154498,1,100.0,0,CRITICAL,HOLD / REJECT,validation,False,13.09457,True
FPGA_0188,LOT_J10,FPGA,Leakage Current (µA),µA,123.91,0,10.038783,0.0,50.0,healthy,9.932008,0.1067750000000007,0.6744907594765952,0,42.31,0,REVIEW,QA REVIEW,validation,True,,True
FPGA_0188,LOT_J10,FPGA,Leakage Current (µA),µA,124.14,24,10.704569,0.0,50.0,healthy,10.704569,0.4897800000000014,0.0,0,42.31,0,REVIEW,QA REVIEW,validation,True,,True
FPGA_0188,LOT_J10,FPGA,Leakage Current (µA),µA,124.27,96,12.433052,0.0,50.0,healthy,13.389481,1.3216509999999992,-0.4881035330775226,0,42.31,0,REVIEW,QA REVIEW,validation,False,,True
FPGA_0188,LOT_J10,FPGA,Leakage Current (µA),µA,124.66,168,13.939542,0.0,50.0,healthy,16.086077,2.146535,-0.6744907594765952,0,42.31,0,REVIEW,QA REVIEW,validation,False,13.939542,True
FPGA_0192,LOT_J10,FPGA,Leakage Current (µA),µA,124.12,0,9.864509,0.0,50.0,healthy,9.932008,0.1067750000000007,-0.426386811275207,0,39.62,0,REVIEW,QA REVIEW,validation,True,,True
FPGA_0192,LOT_J10,FPGA,Leakage Current (µA),µA,123.76,24,10.583994,0.0,50.0,healthy,10.704569,0.4897800000000014,-0.166047456661949,0,39.62,0,REVIEW,QA REVIEW,validation,True,,True
FPGA_0192,LOT_J10,FPGA,Leakage Current (µA),µA,124.4,96,13.389481,0.0,50.0,healthy,13.389481,1.3216509999999992,0.0,0,39.62,0,REVIEW,QA REVIEW,validation,False,,True
FPGA_0192,LOT_J10,FPGA,Leakage Current (µA),µA,125.04,168,16.086077,0.0,50.0,healthy,16.086077,2.146535,0.0,0,39.62,0,REVIEW,QA REVIEW,validation,False,16.086077,True
FPGA_0196,LOT_J10,FPGA,Leakage Current (µA),µA,123.72,0,9.932008,0.0,50.0,healthy,9.932008,0.1067750000000007,0.0,0,42.31,0,REVIEW,QA REVIEW,validation,True,,True
FPGA_0196,LOT_J10,FPGA,Leakage Current (µA),µA,124.08,24,11.194349,0.0,50.0,healthy,10.704569,0.4897800000000014,0.6744907594765952,0,42.31,0,REVIEW,QA REVIEW,validation,True,,True
FPGA_0196,LOT_J10,FPGA,Leakage Current (µA),µA,123.63,96,15.050728,0.0,50.0,healthy,13.389481,1.3216509999999992,0.8478000248993234,0,42.31,0,REVIEW,QA REVIEW,validation,False,,True
FPGA_0196,LOT_J10,FPGA,Leakage Current (µA),µA,123.55,168,18.883081,0.0,50.0,healthy,16.086077,2.146535,0.8788831079945473,0,42.31,0,REVIEW,QA REVIEW,validation,False,18.883081,True
FPGA_0200,LOT_J10,FPGA,Leakage Current (µA),µA,124.76,0,10.538737,0.0,50.0,healthy,9.932008,0.1067750000000007,3.832667796829521,1,76.52,0,HIGH,QA REVIEW,validation,True,,True
FPGA_0200,LOT_J10,FPGA,Leakage Current (µA),µA,124.77,24,11.531112,0.0,50.0,healthy,10.704569,0.4897800000000014,1.1382572089715024,1,76.52,0,HIGH,QA REVIEW,validation,True,,True
FPGA_0200,LOT_J10,FPGA,Leakage Current (µA),µA,124.56,96,14.711132,0.0,50.0,healthy,13.389481,1.3216509999999992,0.6744907594765952,1,76.52,0,HIGH,QA REVIEW,validation,False,,True
FPGA_0200,LOT_J10,FPGA,Leakage Current (µA),µA,124.3,168,17.961986,0.0,50.0,healthy,16.086077,2.146535,0.5894538342579927,1,76.52,0,HIGH,QA REVIEW,validation,False,17.961986,True
FPGA_0203,LOT_K11,FPGA,Leakage Current (µA),µA,125.52,0,9.104705,0.0,50.0,healthy,9.512526,0.4078210000000002,-0.6744907594765952,0,42.31,0,REVIEW,QA REVIEW,test,True,,True
FPGA_0203,LOT_K11,FPGA,Leakage Current (µA),µA,125.84,24,10.138678,0.0,50.0,healthy,10.138678,0.4766750000000002,0.0,0,42.31,0,REVIEW,QA REVIEW,test,True,,True
FPGA_0203,LOT_K11,FPGA,Leakage Current (µA),µA,125.82,96,12.960147,0.0,50.0,healthy,12.486959,0.7522159999999989,0.4242942632105813,0,42.31,0,REVIEW,QA REVIEW,test,False,,True
FPGA_0203,LOT_K11,FPGA,Leakage Current (µA),µA,125.87,168,15.511525,0.0,50.0,healthy,14.433029,0.8727159999999987,0.8335307088817805,0,42.31,0,REVIEW,QA REVIEW,test,False,15.511525,True
FPGA_0207,LOT_K11,FPGA,Leakage Current (µA),µA,125.57,0,10.097991,0.0,50.0,healthy,9.512526,0.4078210000000002,0.9682942577674158,0,45.49,0,REVIEW,QA REVIEW,test,True,,True
FPGA_0207,LOT_K11,FPGA,Leakage Current (µA),µA,126.36,24,10.615353,0.0,50.0,healthy,10.138678,0.4766750000000002,0.6744907594765952,0,45.49,0,REVIEW,QA REVIEW,test,True,,True
FPGA_0207,LOT_K11,FPGA,Leakage Current (µA),µA,125.45,96,12.486959,0.0,50.0,healthy,12.486959,0.7522159999999989,0.0,0,45.49,0,REVIEW,QA REVIEW,test,False,,True
FPGA_0207,LOT_K11,FPGA,Leakage Current (µA),µA,125.5,168,14.433029,0.0,50.0,healthy,14.433029,0.8727159999999987,0.0,0,45.49,0,REVIEW,QA REVIEW,test,False,14.433029,True
FPGA_0211,LOT_K11,FPGA,Leakage Current (µA),µA,125.51,0,9.512526,0.0,50.0,healthy,9.512526,0.4078210000000002,0.0,0,13.7,0,NORMAL,PASS,test,True,,True
FPGA_0211,LOT_K11,FPGA,Leakage Current (µA),µA,125.53,24,9.582937,0.0,50.0,healthy,10.138678,0.4766750000000002,-0.7863684253679827,0,13.7,0,NORMAL,PASS,test,True,,True
FPGA_0211,LOT_K11,FPGA,Leakage Current (µA),µA,125.03,96,11.080744,0.0,50.0,healthy,12.486959,0.7522159999999989,-1.2609131198184864,0,13.7,0,NORMAL,PASS,test,False,,True
FPGA_0211,LOT_K11,FPGA,Leakage Current (µA),µA,125.51,168,12.172243,0.0,50.0,healthy,14.433029,0.8727159999999987,-1.7472800615023163,0,13.7,0,NORMAL,PASS,test,False,12.172243,True
FPGA_0215,LOT_K11,FPGA,Leakage Current (µA),µA,125.4,0,10.442536,0.0,50.0,healthy,9.512526,0.4078210000000002,1.5381335223562025,0,51.66,0,REVIEW,QA REVIEW,test,True,,True
FPGA_0215,LOT_K11,FPGA,Leakage Current (µA),µA,125.04,24,11.084341,0.0,50.0,healthy,10.138678,0.4766750000000002,1.3381044843528924,0,51.66,0,REVIEW,QA REVIEW,test,True,,True
FPGA_0215,LOT_K11,FPGA,Leakage Current (µA),µA,125.55,96,13.239175,0.0,50.0,healthy,12.486959,0.7522159999999989,0.6744907594765952,0,51.66,0,REVIEW,QA REVIEW,test,False,,True
FPGA_0215,LOT_K11,FPGA,Leakage Current (µA),µA,125.95,168,15.227304,0.0,50.0,healthy,14.433029,0.8727159999999987,0.6138665361735937,0,51.66,0,REVIEW,QA REVIEW,test,False,15.227304,True
FPGA_0219,LOT_K11,FPGA,Leakage Current (µA),µA,126.31,0,9.246612,0.0,50.0,healthy,9.512526,0.4078210000000002,-0.4397923005815256,0,40.98,0,REVIEW,QA REVIEW,test,True,,True
FPGA_0219,LOT_K11,FPGA,Leakage Current (µA),µA,126.34,24,9.748704,0.0,50.0,healthy,10.138678,0.4766750000000002,-0.5518096385086819,0,40.98,0,REVIEW,QA REVIEW,test,True,,True
FPGA_0219,LOT_K11,FPGA,Leakage Current (µA),µA,125.95,96,11.5711,0.0,50.0,healthy,12.486959,0.7522159999999989,-0.821224797775475,0,40.98,0,REVIEW,QA REVIEW,test,False,,True
FPGA_0219,LOT_K11,FPGA,Leakage Current (µA),µA,125.95,168,13.560313,0.0,50.0,healthy,14.433029,0.8727159999999987,-0.6744907594765952,0,40.98,0,REVIEW,QA REVIEW,test,False,13.560313,True
FPGA_0222,LOT_L12,FPGA,Leakage Current (µA),µA,130.1,0,10.636351,0.0,50.0,gradual_drift,10.547977,0.0883739999999999,0.6744907594765951,1,42.31,1,CRITICAL,HOLD / REJECT,test,True,,True
FPGA_0222,LOT_L12,FPGA,Leakage Current (µA),µA,129.7,24,13.548818,0.0,50.0,gradual_drift,12.749115,0.7997030000000009,0.6744907594765952,1,42.31,1,CRITICAL,HOLD / REJECT,test,True,,True
FPGA_0222,LOT_L12,FPGA,Leakage Current (µA),µA,129.77,96,22.974659,0.0,50.0,gradual_drift,22.358086,1.7964839999999995,0.2314926217226327,1,42.31,1,CRITICAL,HOLD / REJECT,test,False,,True
FPGA_0222,LOT_L12,FPGA,Leakage Current (µA),µA,129.7,168,32.395247,0.0,50.0,gradual_drift,32.007026,5.796579999999999,0.0451734431569579,1,42.31,1,CRITICAL,HOLD / REJECT,test,False,32.395247,True
FPGA_0226,LOT_L12,FPGA,Leakage Current (µA),µA,129.87,0,10.601349,0.0,50.0,accelerating_drift,10.547977,0.0883739999999999,0.4073474190914266,1,39.41,1,CRITICAL,HOLD / REJECT,test,True,,True
FPGA_0226,LOT_L12,FPGA,Leakage Current (µA),µA,130.82,24,13.141638,0.0,50.0,accelerating_drift,12.749115,0.7997030000000009,0.3310643281093501,1,39.41,1,CRITICAL,HOLD / REJECT,test,True,,True
FPGA_0226,LOT_L12,FPGA,Leakage Current (µA),µA,130.27,96,24.15457,0.0,50.0,accelerating_drift,22.358086,1.7964839999999995,0.6744907594765952,1,39.41,1,CRITICAL,HOLD / REJECT,test,False,,True
FPGA_0226,LOT_L12,FPGA,Leakage Current (µA),µA,129.9,168,37.803606,0.0,50.0,accelerating_drift,32.007026,5.796579999999999,0.6744907594765952,1,39.41,1,CRITICAL,HOLD / REJECT,test,False,37.803606,True
FPGA_0230,LOT_L12,FPGA,Leakage Current (µA),µA,129.77,0,10.547977,0.0,50.0,healthy,10.547977,0.0883739999999999,0.0,0,47.86,0,REVIEW,QA REVIEW,test,True,,True
FPGA_0230,LOT_L12,FPGA,Leakage Current (µA),µA,129.61,24,11.342062,0.0,50.0,healthy,12.749115,0.7997030000000009,-1.1867458876530663,0,47.86,0,REVIEW,QA REVIEW,test,True,,True
FPGA_0230,LOT_L12,FPGA,Leakage Current (µA),µA,129.56,96,14.288177,0.0,50.0,healthy,22.358086,1.7964839999999995,-3.029851114909464,0,47.86,0,REVIEW,QA REVIEW,test,False,,True
FPGA_0230,LOT_L12,FPGA,Leakage Current (µA),µA,129.5,168,17.071956,0.0,50.0,healthy,32.007026,5.796579999999999,-1.7378465762805166,0,47.86,0,REVIEW,QA REVIEW,test,False,17.071956,True
FPGA_0234,LOT_L12,FPGA,Leakage Current (µA),µA,129.6,0,10.289447,0.0,50.0,healthy,10.547977,0.0883739999999999,-1.973160613387246,0,56.38,0,REVIEW,QA REVIEW,test,True,,True
FPGA_0234,LOT_L12,FPGA,Leakage Current (µA),µA,129.45,24,11.150355,0.0,50.0,healthy,12.749115,0.7997030000000009,-1.3484366653880258,0,56.38,0,REVIEW,QA REVIEW,test,True,,True
FPGA_0234,LOT_L12,FPGA,Leakage Current (µA),µA,129.68,96,14.219377,0.0,50.0,healthy,22.358086,1.7964839999999995,-3.055682107143177,0,56.38,0,REVIEW,QA REVIEW,test,False,,True
FPGA_0234,LOT_L12,FPGA,Leakage Current (µA),µA,129.89,168,17.401515,0.0,50.0,healthy,32.007026,5.796579999999999,-1.69949905063568,0,56.38,0,REVIEW,QA REVIEW,test,False,17.401515,True
FPGA_0238,LOT_L12,FPGA,Leakage Current (µA),µA,129.75,0,9.444045,0.0,50.0,gradual_drift,10.547977,0.0883739999999999,-8.425463746017124,1,100.0,1,CRITICAL,HOLD / REJECT,test,True,,True
FPGA_0238,LOT_L12,FPGA,Leakage Current (µA),µA,130.11,24,12.749115,0.0,50.0,gradual_drift,12.749115,0.7997030000000009,0.0,1,100.0,1,CRITICAL,HOLD / REJECT,test,True,,True
FPGA_0238,LOT_L12,FPGA,Leakage Current (µA),µA,129.46,96,22.358086,0.0,50.0,gradual_drift,22.358086,1.7964839999999995,0.0,1,100.0,1,CRITICAL,HOLD / REJECT,test,False,,True
FPGA_0238,LOT_L12,FPGA,Leakage Current (µA),µA,129.7,168,32.007026,0.0,50.0,gradual_drift,32.007026,5.796579999999999,0.0,1,100.0,1,CRITICAL,HOLD / REJECT,test,False,32.007026,True
Microprocessor_0002,LOT_A01,Microprocessor,Supply Current (mA),mA,121.58,0,104.691994,80.0,140.0,sudden_jump,74.089505,27.8672405,0.7406939358593523,0,26.36,0,NORMAL,PASS,train,True,,True
Microprocessor_0002,LOT_A01,Microprocessor,Supply Current (mA),mA,121.23,24,107.434627,80.0,140.0,sudden_jump,76.9284575,29.010908,0.709254926966669,0,26.36,0,NORMAL,PASS,train,True,,True
Microprocessor_0002,LOT_A01,Microprocessor,Supply Current (mA),mA,121.03,96,126.299807,80.0,140.0,sudden_jump,86.5037595,33.02880999999999,0.812686448662294,0,26.36,0,NORMAL,PASS,train,False,,True
Microprocessor_0002,LOT_A01,Microprocessor,Supply Current (mA),mA,122.03,168,135.357164,80.0,140.0,sudden_jump,96.8703165,33.808141500000005,0.7678334817705049,0,26.36,0,NORMAL,PASS,train,False,135.357164,True
Microprocessor_0006,LOT_A01,Microprocessor,Supply Current (mA),mA,121.75,0,100.488583,80.0,140.0,healthy,74.089505,27.8672405,0.6389557720902389,0,29.62,0,NORMAL,PASS,train,True,,True
Microprocessor_0006,LOT_A01,Microprocessor,Supply Current (mA),mA,120.69,24,103.746558,80.0,140.0,healthy,76.9284575,29.010908,0.6235089564919739,0,29.62,0,NORMAL,PASS,train,True,,True
Microprocessor_0006,LOT_A01,Microprocessor,Supply Current (mA),mA,121.39,96,111.011365,80.0,140.0,healthy,86.5037595,33.02880999999999,0.5004768093869498,0,29.62,0,NORMAL,PASS,train,False,,True
Microprocessor_0006,LOT_A01,Microprocessor,Supply Current (mA),mA,121.54,168,118.804779,80.0,140.0,healthy,96.8703165,33.808141500000005,0.4376044234888183,0,29.62,0,NORMAL,PASS,train,False,118.804779,True
Microprocessor_0010,LOT_A01,Microprocessor,Supply Current (mA),mA,121.14,0,102.215694,80.0,140.0,sudden_jump,74.089505,27.8672405,0.6807582752871514,0,32.62,1,CRITICAL,HOLD / REJECT,train,True,,True
Microprocessor_0010,LOT_A01,Microprocessor,Supply Current (mA),mA,121.27,24,105.901606,80.0,140.0,sudden_jump,76.9284575,29.010908,0.6736128678286519,0,32.62,1,CRITICAL,HOLD / REJECT,train,True,,True
Microprocessor_0010,LOT_A01,Microprocessor,Supply Current (mA),mA,121.58,96,128.079142,80.0,140.0,sudden_jump,86.5037595,33.02880999999999,0.8490227567373739,0,32.62,1,CRITICAL,HOLD / REJECT,train,False,,True
Microprocessor_0010,LOT_A01,Microprocessor,Supply Current (mA),mA,121.12,168,140.541727,80.0,140.0,sudden_jump,96.8703165,33.808141500000005,0.8712683255765229,0,32.62,1,CRITICAL,HOLD / REJECT,train,False,140.541727,False
Microprocessor_0014,LOT_A01,Microprocessor,Supply Current (mA),mA,121.22,0,103.675144,80.0,140.0,healthy,74.089505,27.8672405,0.7160823878026378,0,21.07,0,NORMAL,PASS,train,True,,True
Microprocessor_0014,LOT_A01,Microprocessor,Supply Current (mA),mA,121.64,24,105.647376,80.0,140.0,healthy,76.9284575,29.010908,0.6677021329498354,0,21.07,0,NORMAL,PASS,train,True,,True
Microprocessor_0014,LOT_A01,Microprocessor,Supply Current (mA),mA,121.32,96,110.489569,80.0,140.0,healthy,86.5037595,33.02880999999999,0.4898210642864801,0,21.07,0,NORMAL,PASS,train,False,,True
Microprocessor_0014,LOT_A01,Microprocessor,Supply Current (mA),mA,122.11,168,116.41016,80.0,140.0,healthy,96.8703165,33.808141500000005,0.3898304756671943,0,21.07,0,NORMAL,PASS,train,False,116.41016,True
Microprocessor_0018,LOT_A01,Microprocessor,Supply Current (mA),mA,121.16,0,104.857802,80.0,140.0,healthy,74.089505,27.8672405,0.7447071055109116,0,26.17,0,NORMAL,PASS,train,True,,True
Microprocessor_0018,LOT_A01,Microprocessor,Supply Current (mA),mA,121.01,24,107.568941,80.0,140.0,healthy,76.9284575,29.010908,0.7123776679669966,0,26.17,0,NORMAL,PASS,train,True,,True
Microprocessor_0018,LOT_A01,Microprocessor,Supply Current (mA),mA,121.23,96,116.688707,80.0,140.0,healthy,86.5037595,33.02880999999999,0.6164154313775202,0,26.17,0,NORMAL,PASS,train,False,,True
Microprocessor_0018,LOT_A01,Microprocessor,Supply Current (mA),mA,121.59,168,125.999752,80.0,140.0,healthy,96.8703165,33.808141500000005,0.5811480371826855,0,26.17,0,NORMAL,PASS,train,False,125.999752,True
Microprocessor_0021,LOT_B02,Microprocessor,Supply Current (mA),mA,122.9,0,104.965659,80.0,140.0,healthy,74.2285325,28.3434895,0.7314522016462787,0,24.28,0,NORMAL,PASS,train,True,,True
Microprocessor_0021,LOT_B02,Microprocessor,Supply Current (mA),mA,123.46,24,107.418555,80.0,140.0,healthy,76.25891899999999,29.11558949999999,0.721843071412113,0,24.28,0,NORMAL,PASS,train,True,,True
Microprocessor_0021,LOT_B02,Microprocessor,Supply Current (mA),mA,123.52,96,114.95714,80.0,140.0,healthy,81.74678449999999,32.77209199999999,0.6835107720215949,0,24.28,0,NORMAL,PASS,train,False,,True
Microprocessor_0021,LOT_B02,Microprocessor,Supply Current (mA),mA,123.36,168,122.799804,80.0,140.0,healthy,87.21253,35.6832935,0.6726757850410217,0,24.28,0,NORMAL,PASS,train,False,122.799804,True
Microprocessor_0025,LOT_B02,Microprocessor,Supply Current (mA),mA,124.22,0,100.772402,80.0,140.0,healthy,74.2285325,28.3434895,0.6316651553614325,0,31.97,0,NORMAL,PASS,train,True,,True
Microprocessor_0025,LOT_B02,Microprocessor,Supply Current (mA),mA,123.95,24,104.358997,80.0,140.0,healthy,76.25891899999999,29.11558949999999,0.6509654544886195,0,31.97,0,NORMAL,PASS,train,True,,True
Microprocessor_0025,LOT_B02,Microprocessor,Supply Current (mA),mA,123.5,96,115.478912,80.0,140.0,healthy,81.74678449999999,32.77209199999999,0.6942494942415136,0,31.97,0,NORMAL,PASS,train,False,,True
Microprocessor_0025,LOT_B02,Microprocessor,Supply Current (mA),mA,124.61,168,126.063636,80.0,140.0,healthy,87.21253,35.6832935,0.7343692081686828,0,31.97,0,NORMAL,PASS,train,False,126.063636,True
Microprocessor_0029,LOT_B02,Microprocessor,Supply Current (mA),mA,123.48,0,105.621571,80.0,140.0,healthy,74.2285325,28.3434895,0.7470609566314337,0,26.46,0,NORMAL,PASS,train,True,,True
Microprocessor_0029,LOT_B02,Microprocessor,Supply Current (mA),mA,124.0,24,108.392238,80.0,140.0,healthy,76.25891899999999,29.11558949999999,0.7443993787868772,0,26.46,0,NORMAL,PASS,train,True,,True
Microprocessor_0029,LOT_B02,Microprocessor,Supply Current (mA),mA,123.88,96,117.846222,80.0,140.0,healthy,81.74678449999999,32.77209199999999,0.7429717033643412,0,26.46,0,NORMAL,PASS,train,False,,True
Microprocessor_0029,LOT_B02,Microprocessor,Supply Current (mA),mA,123.19,168,127.053459,80.0,140.0,healthy,87.21253,35.6832935,0.7530789852529478,0,26.46,0,NORMAL,PASS,train,False,127.053459,True
Microprocessor_0033,LOT_B02,Microprocessor,Supply Current (mA),mA,124.31,0,103.247181,80.0,140.0,healthy,74.2285325,28.3434895,0.6905575358231512,0,13.07,0,NORMAL,PASS,train,True,,True
Microprocessor_0033,LOT_B02,Microprocessor,Supply Current (mA),mA,123.82,24,104.071017,80.0,140.0,healthy,76.25891899999999,29.11558949999999,0.6442941195697757,0,13.07,0,NORMAL,PASS,train,True,,True
Microprocessor_0033,LOT_B02,Microprocessor,Supply Current (mA),mA,124.05,96,108.056563,80.0,140.0,healthy,81.74678449999999,32.77209199999999,0.541488241950682,0,13.07,0,NORMAL,PASS,train,False,,True
Microprocessor_0033,LOT_B02,Microprocessor,Supply Current (mA),mA,123.33,168,110.811601,80.0,140.0,healthy,87.21253,35.6832935,0.4460730431660432,0,13.07,0,NORMAL,PASS,train,False,110.811601,True
Microprocessor_0037,LOT_B02,Microprocessor,Supply Current (mA),mA,123.5,0,103.917369,80.0,140.0,gradual_drift,74.2285325,28.3434895,0.7065060171529499,1,43.64,1,CRITICAL,HOLD / REJECT,train,True,,True
Microprocessor_0037,LOT_B02,Microprocessor,Supply Current (mA),mA,123.59,24,110.673694,80.0,140.0,gradual_drift,76.25891899999999,29.11558949999999,0.7972515111523383,1,43.64,1,CRITICAL,HOLD / REJECT,train,True,,True
Microprocessor_0037,LOT_B02,Microprocessor,Supply Current (mA),mA,122.79,96,131.316851,80.0,140.0,gradual_drift,81.74678449999999,32.77209199999999,1.020214144427837,1,43.64,1,CRITICAL,HOLD / REJECT,train,False,,True
Microprocessor_0037,LOT_B02,Microprocessor,Supply Current (mA),mA,123.87,168,151.909219,80.0,140.0,gradual_drift,87.21253,35.6832935,1.222906145118894,1,43.64,1,CRITICAL,HOLD / REJECT,train,False,151.909219,False
Microprocessor_0044,LOT_C03,Microprocessor,Supply Current (mA),mA,125.29,0,103.260095,80.0,140.0,healthy,73.881106,27.872337,0.7109506677988479,0,28.97,0,NORMAL,PASS,train,True,,True
Microprocessor_0044,LOT_C03,Microprocessor,Supply Current (mA),mA,125.35,24,106.397571,80.0,140.0,healthy,76.695573,29.394579999999998,0.6815448014223138,0,28.97,0,NORMAL,PASS,train,True,,True
Microprocessor_0044,LOT_C03,Microprocessor,Supply Current (mA),mA,125.29,96,116.346287,80.0,140.0,healthy,86.9983025,33.06388749999999,0.5986877482120745,0,28.97,0,NORMAL,PASS,train,False,,True
Microprocessor_0044,LOT_C03,Microprocessor,Supply Current (mA),mA,125.44,168,126.489697,80.0,140.0,healthy,96.4695165,35.924873500000004,0.5636299413850261,0,28.97,0,NORMAL,PASS,train,False,126.489697,True
Microprocessor_0048,LOT_C03,Microprocessor,Supply Current (mA),mA,125.51,0,100.280364,80.0,140.0,healthy,73.881106,27.872337,0.6388432939096058,0,31.37,0,NORMAL,PASS,train,True,,True
Microprocessor_0048,LOT_C03,Microprocessor,Supply Current (mA),mA,125.36,24,103.78349,80.0,140.0,healthy,76.695573,29.394579999999998,0.6215618563003444,0,31.37,0,NORMAL,PASS,train,True,,True
Microprocessor_0048,LOT_C03,Microprocessor,Supply Current (mA),mA,125.39,96,113.82099,80.0,140.0,healthy,86.9983025,33.06388749999999,0.5471726475925852,0,31.37,0,NORMAL,PASS,train,False,,True
Microprocessor_0048,LOT_C03,Microprocessor,Supply Current (mA),mA,125.49,168,123.953127,80.0,140.0,healthy,96.4695165,35.924873500000004,0.5160057507037269,0,31.37,0,NORMAL,PASS,train,False,123.953127,True
Microprocessor_0052,LOT_C03,Microprocessor,Supply Current (mA),mA,124.94,0,101.10257,80.0,140.0,latent_defect,73.881106,27.872337,0.6587400951497103,1,39.0,1,CRITICAL,HOLD / REJECT,train,True,,True
Microprocessor_0052,LOT_C03,Microprocessor,Supply Current (mA),mA,125.77,24,105.694512,80.0,140.0,latent_defect,76.695573,29.394579999999998,0.6654123443888453,1,39.0,1,CRITICAL,HOLD / REJECT,train,True,,True
Microprocessor_0052,LOT_C03,Microprocessor,Supply Current (mA),mA,125.34,96,123.670406,80.0,140.0,latent_defect,86.9983025,33.06388749999999,0.7480969968010965,1,39.0,1,CRITICAL,HOLD / REJECT,train,False,,True
Microprocessor_0052,LOT_C03,Microprocessor,Supply Current (mA),mA,125.44,168,143.446616,80.0,140.0,latent_defect,96.4695165,35.924873500000004,0.8819966901139564,1,39.0,1,CRITICAL,HOLD / REJECT,train,False,143.446616,False
Microprocessor_0056,LOT_C03,Microprocessor,Supply Current (mA),mA,125.06,0,102.527978,80.0,140.0,gradual_drift,73.881106,27.872337,0.6932339563743366,1,43.25,1,CRITICAL,HOLD / REJECT,train,True,,True
Microprocessor_0056,LOT_C03,Microprocessor,Supply Current (mA),mA,125.38,24,109.894635,80.0,140.0,gradual_drift,76.695573,29.394579999999998,0.7617887563724528,1,43.25,1,CRITICAL,HOLD / REJECT,train,True,,True
Microprocessor_0056,LOT_C03,Microprocessor,Supply Current (mA),mA,125.41,96,132.850759,80.0,140.0,gradual_drift,86.9983025,33.06388749999999,0.9353727146740553,1,43.25,1,CRITICAL,HOLD / REJECT,train,False,,True
Microprocessor_0056,LOT_C03,Microprocessor,Supply Current (mA),mA,125.06,168,154.941186,80.0,140.0,gradual_drift,96.4695165,35.924873500000004,1.0978076448597505,1,43.25,1,CRITICAL,HOLD / REJECT,train,False,154.941186,False
Microprocessor_0060,LOT_C03,Microprocessor,Supply Current (mA),mA,125.42,0,106.758168,80.0,140.0,healthy,73.881106,27.872337,0.7956015499431964,0,20.96,0,NORMAL,PASS,train,True,,True
Microprocessor_0060,LOT_C03,Microprocessor,Supply Current (mA),mA,125.02,24,108.64063,80.0,140.0,healthy,76.695573,29.394579999999998,0.7330142413143216,0,20.96,0,NORMAL,PASS,train,True,,True
Microprocessor_0060,LOT_C03,Microprocessor,Supply Current (mA),mA,125.1,96,114.989981,80.0,140.0,healthy,86.9983025,33.06388749999999,0.5710196204390573,0,20.96,0,NORMAL,PASS,train,False,,True
Microprocessor_0060,LOT_C03,Microprocessor,Supply Current (mA),mA,126.11,168,122.242198,80.0,140.0,healthy,96.4695165,35.924873500000004,0.4838829987441263,0,20.96,0,NORMAL,PASS,train,False,122.242198,True
Microprocessor_0063,LOT_D04,Microprocessor,Supply Current (mA),mA,124.45,0,109.240329,80.0,140.0,lot_outlier,74.25391450000001,26.865483000000008,0.878376662257215,0,18.27,0,NORMAL,PASS,train,True,,True
Microprocessor_0063,LOT_D04,Microprocessor,Supply Current (mA),mA,124.51,24,110.606154,80.0,140.0,lot_outlier,75.728733,27.37565900000001,0.859321712725708,0,18.27,0,NORMAL,PASS,train,True,,True
Microprocessor_0063,LOT_D04,Microprocessor,Supply Current (mA),mA,124.26,96,114.867395,80.0,140.0,lot_outlier,83.821222,30.933135,0.6769555302303424,0,18.27,0,NORMAL,PASS,train,False,,True
Microprocessor_0063,LOT_D04,Microprocessor,Supply Current (mA),mA,124.71,168,119.059817,80.0,140.0,lot_outlier,93.3472895,30.816577499999998,0.562777037830948,0,18.27,0,NORMAL,PASS,train,False,119.059817,True
Microprocessor_0067,LOT_D04,Microprocessor,Supply Current (mA),mA,124.58,0,99.357735,80.0,140.0,healthy,74.25391450000001,26.865483000000008,0.6302620710302924,0,20.1,0,NORMAL,PASS,train,True,,True
Microprocessor_0067,LOT_D04,Microprocessor,Supply Current (mA),mA,124.84,24,101.241747,80.0,140.0,healthy,75.728733,27.37565900000001,0.6285982810275728,0,20.1,0,NORMAL,PASS,train,True,,True
Microprocessor_0067,LOT_D04,Microprocessor,Supply Current (mA),mA,124.25,96,105.028971,80.0,140.0,healthy,83.821222,30.933135,0.4624306824962615,0,20.1,0,NORMAL,PASS,train,False,,True
Microprocessor_0067,LOT_D04,Microprocessor,Supply Current (mA),mA,124.63,168,109.736341,80.0,140.0,healthy,93.3472895,30.816577499999998,0.3587115990844872,0,20.1,0,NORMAL,PASS,train,False,109.736341,True
Microprocessor_0071,LOT_D04,Microprocessor,Supply Current (mA),mA,124.12,0,99.748116,80.0,140.0,healthy,74.25391450000001,26.865483000000008,0.6400630627777785,0,15.69,0,NORMAL,PASS,train,True,,True
Microprocessor_0071,LOT_D04,Microprocessor,Supply Current (mA),mA,124.6,24,100.995133,80.0,140.0,healthy,75.728733,27.37565900000001,0.622522121759313,0,15.69,0,NORMAL,PASS,train,True,,True
Microprocessor_0071,LOT_D04,Microprocessor,Supply Current (mA),mA,124.89,96,105.051475,80.0,140.0,healthy,83.821222,30.933135,0.4629213776699405,0,15.69,0,NORMAL,PASS,train,False,,True
Microprocessor_0071,LOT_D04,Microprocessor,Supply Current (mA),mA,124.12,168,108.90703,80.0,140.0,healthy,93.3472895,30.816577499999998,0.3405602451181914,0,15.69,0,NORMAL,PASS,train,False,108.90703,True
Microprocessor_0075,LOT_D04,Microprocessor,Supply Current (mA),mA,124.88,0,106.176383,80.0,140.0,healthy,74.25391450000001,26.865483000000008,0.8014525561640815,0,26.41,0,NORMAL,PASS,train,True,,True
Microprocessor_0075,LOT_D04,Microprocessor,Supply Current (mA),mA,124.4,24,108.841714,80.0,140.0,healthy,75.728733,27.37565900000001,0.8158488423319437,0,26.41,0,NORMAL,PASS,train,True,,True
Microprocessor_0075,LOT_D04,Microprocessor,Supply Current (mA),mA,124.19,96,117.488796,80.0,140.0,healthy,83.821222,30.933135,0.7341146494525841,0,26.41,0,NORMAL,PASS,train,False,,True
Microprocessor_0075,LOT_D04,Microprocessor,Supply Current (mA),mA,124.08,168,125.568328,80.0,140.0,healthy,93.3472895,30.816577499999998,0.7052305769188553,0,26.41,0,NORMAL,PASS,train,False,125.568328,True
Microprocessor_0079,LOT_D04,Microprocessor,Supply Current (mA),mA,123.91,0,112.403207,80.0,140.0,lot_outlier,74.25391450000001,26.865483000000008,0.9577845770284406,0,17.94,0,NORMAL,PASS,train,True,,True
Microprocessor_0079,LOT_D04,Microprocessor,Supply Current (mA),mA,123.17,24,113.617907,80.0,140.0,lot_outlier,75.728733,27.37565900000001,0.9335263033193412,0,17.94,0,NORMAL,PASS,train,True,,True
Microprocessor_0079,LOT_D04,Microprocessor,Supply Current (mA),mA,124.33,96,118.035169,80.0,140.0,lot_outlier,83.821222,30.933135,0.7460282023377833,0,17.94,0,NORMAL,PASS,train,False,,True
Microprocessor_0079,LOT_D04,Microprocessor,Supply Current (mA),mA,124.38,168,122.759406,80.0,140.0,lot_outlier,93.3472895,30.816577499999998,0.6437509420343352,0,17.94,0,NORMAL,PASS,train,False,122.759406,True
Microprocessor_0082,LOT_E05,Microprocessor,Supply Current (mA),mA,126.36,0,103.400181,80.0,140.0,healthy,72.821643,26.689767,0.7727658813695877,0,23.81,0,NORMAL,PASS,train,True,,True
Microprocessor_0082,LOT_E05,Microprocessor,Supply Current (mA),mA,126.26,24,105.681111,80.0,140.0,healthy,75.428572,28.2637205,0.7219522994577205,0,23.81,0,NORMAL,PASS,train,True,,True
Microprocessor_0082,LOT_E05,Microprocessor,Supply Current (mA),mA,126.17,96,111.82073,80.0,140.0,healthy,83.521536,27.751222,0.6878091657958525,0,23.81,0,NORMAL,PASS,train,False,,True
Microprocessor_0082,LOT_E05,Microprocessor,Supply Current (mA),mA,126.0,168,117.541072,80.0,140.0,healthy,91.562936,25.947177999999997,0.6752955053696504,0,23.81,0,NORMAL,PASS,train,False,117.541072,True
Microprocessor_0086,LOT_E05,Microprocessor,Supply Current (mA),mA,126.58,0,102.316861,80.0,140.0,healthy,72.821643,26.689767,0.7453887472958363,0,21.65,0,NORMAL,PASS,train,True,,True
Microprocessor_0086,LOT_E05,Microprocessor,Supply Current (mA),mA,125.56,24,104.301414,80.0,140.0,healthy,75.428572,28.2637205,0.6890269498959888,0,21.65,0,NORMAL,PASS,train,True,,True
Microprocessor_0086,LOT_E05,Microprocessor,Supply Current (mA),mA,125.8,96,110.360583,80.0,140.0,healthy,83.521536,27.751222,0.652320434561694,0,21.65,0,NORMAL,PASS,train,False,,True
Microprocessor_0086,LOT_E05,Microprocessor,Supply Current (mA),mA,125.85,168,116.858737,80.0,140.0,healthy,91.562936,25.947177999999997,0.6575583683149981,0,21.65,0,NORMAL,PASS,train,False,116.858737,True
Microprocessor_0090,LOT_E05,Microprocessor,Supply Current (mA),mA,125.6,0,102.602398,80.0,140.0,healthy,72.821643,26.689767,0.7526046989371025,0,21.73,0,NORMAL,PASS,train,True,,True
Microprocessor_0090,LOT_E05,Microprocessor,Supply Current (mA),mA,126.4,24,104.592364,80.0,140.0,healthy,75.428572,28.2637205,0.6959702355992889,0,21.73,0,NORMAL,PASS,train,True,,True
Microprocessor_0090,LOT_E05,Microprocessor,Supply Current (mA),mA,126.31,96,110.724786,80.0,140.0,healthy,83.521536,27.751222,0.661172353157338,0,21.73,0,NORMAL,PASS,train,False,,True
Microprocessor_0090,LOT_E05,Microprocessor,Supply Current (mA),mA,126.1,168,117.479156,80.0,140.0,healthy,91.562936,25.947177999999997,0.6736860135835399,0,21.73,0,NORMAL,PASS,train,False,117.479156,True
Microprocessor_0094,LOT_E05,Microprocessor,Supply Current (mA),mA,125.82,0,99.048063,80.0,140.0,healthy,72.821643,26.689767,0.6627812803368487,0,21.92,0,NORMAL,PASS,train,True,,True
Microprocessor_0094,LOT_E05,Microprocessor,Supply Current (mA),mA,125.87,24,101.133209,80.0,140.0,healthy,75.428572,28.2637205,0.6134203079244356,0,21.92,0,NORMAL,PASS,train,True,,True
Microprocessor_0094,LOT_E05,Microprocessor,Supply Current (mA),mA,126.02,96,107.766806,80.0,140.0,healthy,83.521536,27.751222,0.5892789361137003,0,21.92,0,NORMAL,PASS,train,False,,True
Microprocessor_0094,LOT_E05,Microprocessor,Supply Current (mA),mA,125.78,168,114.152337,80.0,140.0,healthy,91.562936,25.947177999999997,0.5872061399745035,0,21.92,0,NORMAL,PASS,train,False,114.152337,True
Microprocessor_0098,LOT_E05,Microprocessor,Supply Current (mA),mA,126.34,0,104.753552,80.0,140.0,healthy,72.821643,26.689767,0.8069676124541489,0,27.73,0,NORMAL,PASS,train,True,,True
Microprocessor_0098,LOT_E05,Microprocessor,Supply Current (mA),mA,125.57,24,107.594451,80.0,140.0,healthy,75.428572,28.2637205,0.7676126062717846,0,27.73,0,NORMAL,PASS,train,True,,True
Microprocessor_0098,LOT_E05,Microprocessor,Supply Current (mA),mA,125.58,96,117.604471,80.0,140.0,healthy,83.521536,27.751222,0.8283824299103454,0,27.73,0,NORMAL,PASS,train,False,,True
Microprocessor_0098,LOT_E05,Microprocessor,Supply Current (mA),mA,125.56,168,127.143237,80.0,140.0,healthy,91.562936,25.947177999999997,0.9249015150663344,0,27.73,0,NORMAL,PASS,train,False,127.143237,True
Microprocessor_0101,LOT_F06,Microprocessor,Supply Current (mA),mA,126.4,0,103.769687,80.0,140.0,healthy,75.9371085,28.73251700000001,0.6533648622101905,0,25.4,0,NORMAL,PASS,train,True,,True
Microprocessor_0101,LOT_F06,Microprocessor,Supply Current (mA),mA,126.83,24,106.453047,80.0,140.0,healthy,77.7877175,28.703573,0.6735920947925838,0,25.4,0,NORMAL,PASS,train,True,,True
Microprocessor_0101,LOT_F06,Microprocessor,Supply Current (mA),mA,126.11,96,115.414609,80.0,140.0,healthy,85.35840449999999,29.62176850000001,0.6843829125255927,0,25.4,0,NORMAL,PASS,train,False,,True
Microprocessor_0101,LOT_F06,Microprocessor,Supply Current (mA),mA,125.93,168,123.941585,80.0,140.0,healthy,94.1789295,28.8701245,0.6953429006596512,0,25.4,0,NORMAL,PASS,train,False,123.941585,True
Microprocessor_0105,LOT_F06,Microprocessor,Supply Current (mA),mA,126.1,0,104.54695,80.0,140.0,healthy,75.9371085,28.73251700000001,0.6716109737911234,0,21.94,0,NORMAL,PASS,train,True,,True
Microprocessor_0105,LOT_F06,Microprocessor,Supply Current (mA),mA,126.01,24,106.724037,80.0,140.0,healthy,77.7877175,28.703573,0.6799599518851681,0,21.94,0,NORMAL,PASS,train,True,,True
Microprocessor_0105,LOT_F06,Microprocessor,Supply Current (mA),mA,126.33,96,114.545737,80.0,140.0,healthy,85.35840449999999,29.62176850000001,0.6645986064275977,0,21.94,0,NORMAL,PASS,train,False,,True
Microprocessor_0105,LOT_F06,Microprocessor,Supply Current (mA),mA,125.78,168,122.156523,80.0,140.0,healthy,94.1789295,28.8701245,0.6536386182935393,0,21.94,0,NORMAL,PASS,train,False,122.156523,True
Microprocessor_0109,LOT_F06,Microprocessor,Supply Current (mA),mA,125.84,0,104.649417,80.0,140.0,healthy,75.9371085,28.73251700000001,0.6740163685099813,0,17.4,0,NORMAL,PASS,train,True,,True
Microprocessor_0109,LOT_F06,Microprocessor,Supply Current (mA),mA,126.15,24,106.159287,80.0,140.0,healthy,77.7877175,28.703573,0.6666891769745185,0,17.4,0,NORMAL,PASS,train,True,,True
Microprocessor_0109,LOT_F06,Microprocessor,Supply Current (mA),mA,126.28,96,109.618963,80.0,140.0,healthy,85.35840449999999,29.62176850000001,0.5524154483886188,0,17.4,0,NORMAL,PASS,train,False,,True
Microprocessor_0109,LOT_F06,Microprocessor,Supply Current (mA),mA,126.49,168,113.104287,80.0,140.0,healthy,94.1789295,28.8701245,0.4421518429385738,0,17.4,0,NORMAL,PASS,train,False,113.104287,True
Microprocessor_0113,LOT_F06,Microprocessor,Supply Current (mA),mA,126.02,0,104.689834,80.0,140.0,healthy,75.9371085,28.73251700000001,0.6749651504432093,0,19.62,0,NORMAL,PASS,train,True,,True
Microprocessor_0113,LOT_F06,Microprocessor,Supply Current (mA),mA,125.88,24,106.529534,80.0,140.0,healthy,77.7877175,28.703573,0.6753894241606067,0,19.62,0,NORMAL,PASS,train,True,,True
Microprocessor_0113,LOT_F06,Microprocessor,Supply Current (mA),mA,126.38,96,114.151514,80.0,140.0,healthy,85.35840449999999,29.62176850000001,0.6556221075844196,0,19.62,0,NORMAL,PASS,train,False,,True
Microprocessor_0113,LOT_F06,Microprocessor,Supply Current (mA),mA,125.73,168,121.223159,80.0,140.0,healthy,94.1789295,28.8701245,0.631832498502538,0,19.62,0,NORMAL,PASS,train,False,121.223159,True
Microprocessor_0117,LOT_F06,Microprocessor,Supply Current (mA),mA,126.67,0,104.127291,80.0,140.0,healthy,75.9371085,28.73251700000001,0.6617595529207839,0,19.37,0,NORMAL,PASS,train,True,,True
Microprocessor_0117,LOT_F06,Microprocessor,Supply Current (mA),mA,126.35,24,105.94195,80.0,140.0,healthy,77.7877175,28.703573,0.6615820846208117,0,19.37,0,NORMAL,PASS,train,True,,True
Microprocessor_0117,LOT_F06,Microprocessor,Supply Current (mA),mA,125.93,96,111.849179,80.0,140.0,healthy,85.35840449999999,29.62176850000001,0.6031976994090757,0,19.37,0,NORMAL,PASS,train,False,,True
Microprocessor_0117,LOT_F06,Microprocessor,Supply Current (mA),mA,125.79,168,117.536819,80.0,140.0,healthy,94.1789295,28.8701245,0.5457087872490949,0,19.37,0,NORMAL,PASS,train,False,117.536819,True
Microprocessor_0124,LOT_G07,Microprocessor,Supply Current (mA),mA,125.55,0,110.312241,80.0,140.0,lot_outlier,74.8501905,28.2904,0.8454749800053155,0,24.58,0,NORMAL,PASS,train,True,,True
Microprocessor_0124,LOT_G07,Microprocessor,Supply Current (mA),mA,125.8,24,112.741873,80.0,140.0,lot_outlier,76.66852750000001,29.294553,0.8305686795479217,0,24.58,0,NORMAL,PASS,train,True,,True
Microprocessor_0124,LOT_G07,Microprocessor,Supply Current (mA),mA,125.04,96,121.10236,80.0,140.0,lot_outlier,81.991973,32.358587,0.8152270255513184,0,24.58,0,NORMAL,PASS,train,False,,True
Microprocessor_0124,LOT_G07,Microprocessor,Supply Current (mA),mA,125.27,168,129.08436,80.0,140.0,lot_outlier,87.308147,35.252264,0.7993151768756188,0,24.58,0,NORMAL,PASS,train,False,129.08436,True
Microprocessor_0128,LOT_G07,Microprocessor,Supply Current (mA),mA,125.09,0,102.486664,80.0,140.0,healthy,74.8501905,28.2904,0.6589000509101959,0,15.92,0,NORMAL,PASS,train,True,,True
Microprocessor_0128,LOT_G07,Microprocessor,Supply Current (mA),mA,125.51,24,103.77271,80.0,140.0,healthy,76.66852750000001,29.294553,0.624058699220201,0,15.92,0,NORMAL,PASS,train,True,,True
Microprocessor_0128,LOT_G07,Microprocessor,Supply Current (mA),mA,125.87,96,108.03767,80.0,140.0,healthy,81.991973,32.358587,0.5429032469998545,0,15.92,0,NORMAL,PASS,train,False,,True
Microprocessor_0128,LOT_G07,Microprocessor,Supply Current (mA),mA,125.36,168,112.065697,80.0,140.0,healthy,87.308147,35.252264,0.4736926599176659,0,15.92,0,NORMAL,PASS,train,False,112.065697,True
Microprocessor_0132,LOT_G07,Microprocessor,Supply Current (mA),mA,125.37,0,104.740729,80.0,140.0,accelerating_drift,74.8501905,28.2904,0.7126407549567845,1,43.37,1,CRITICAL,HOLD / REJECT,train,True,,True
Microprocessor_0132,LOT_G07,Microprocessor,Supply Current (mA),mA,124.89,24,110.217637,80.0,140.0,accelerating_drift,76.66852750000001,29.294553,0.7724495521887105,1,43.37,1,CRITICAL,HOLD / REJECT,train,True,,True
Microprocessor_0132,LOT_G07,Microprocessor,Supply Current (mA),mA,125.0,96,135.520571,80.0,140.0,accelerating_drift,81.991973,32.358587,1.1157639460195634,1,43.37,1,CRITICAL,HOLD / REJECT,train,False,,True
Microprocessor_0132,LOT_G07,Microprocessor,Supply Current (mA),mA,125.33,168,166.373398,80.0,140.0,accelerating_drift,87.308147,35.252264,1.5127760644024917,1,43.37,1,CRITICAL,HOLD / REJECT,train,False,166.373398,False
Microprocessor_0136,LOT_G07,Microprocessor,Supply Current (mA),mA,125.48,0,100.98185,80.0,140.0,accelerating_drift,74.8501905,28.2904,0.6230227519773063,1,42.36,1,CRITICAL,HOLD / REJECT,train,True,,True
Microprocessor_0136,LOT_G07,Microprocessor,Supply Current (mA),mA,125.37,24,106.186026,80.0,140.0,accelerating_drift,76.66852750000001,29.294553,0.6796239553856395,1,42.36,1,CRITICAL,HOLD / REJECT,train,True,,True
Microprocessor_0136,LOT_G07,Microprocessor,Supply Current (mA),mA,125.5,96,131.233138,80.0,140.0,accelerating_drift,81.991973,32.358587,1.0263955832917655,1,42.36,1,CRITICAL,HOLD / REJECT,train,False,,True
Microprocessor_0136,LOT_G07,Microprocessor,Supply Current (mA),mA,125.25,168,162.767838,80.0,140.0,accelerating_drift,87.308147,35.252264,1.4437899447382785,1,42.36,1,CRITICAL,HOLD / REJECT,train,False,162.767838,False
Microprocessor_0140,LOT_G07,Microprocessor,Supply Current (mA),mA,124.8,0,106.728188,80.0,140.0,healthy,74.8501905,28.2904,0.7600251231643247,0,25.85,0,NORMAL,PASS,train,True,,True
Microprocessor_0140,LOT_G07,Microprocessor,Supply Current (mA),mA,125.58,24,109.414648,80.0,140.0,healthy,76.66852750000001,29.294553,0.7539611779007891,0,25.85,0,NORMAL,PASS,train,True,,True
Microprocessor_0140,LOT_G07,Microprocessor,Supply Current (mA),mA,124.97,96,117.629568,80.0,140.0,healthy,81.991973,32.358587,0.7428392505973551,0,25.85,0,NORMAL,PASS,train,False,,True
Microprocessor_0140,LOT_G07,Microprocessor,Supply Current (mA),mA,125.03,168,125.169303,80.0,140.0,healthy,87.308147,35.252264,0.7244073704061064,0,25.85,0,NORMAL,PASS,train,False,125.169303,True
Microprocessor_0143,LOT_H08,Microprocessor,Supply Current (mA),mA,120.66,0,103.022467,80.0,140.0,healthy,75.8337185,28.8837595,0.6349090264715416,0,25.67,0,NORMAL,PASS,train,True,,True
Microprocessor_0143,LOT_H08,Microprocessor,Supply Current (mA),mA,121.66,24,105.753145,80.0,140.0,healthy,77.4476835,29.0642315,0.6568820587762843,0,25.67,0,NORMAL,PASS,train,True,,True
Microprocessor_0143,LOT_H08,Microprocessor,Supply Current (mA),mA,121.35,96,112.736951,80.0,140.0,healthy,82.541493,31.074785,0.6554046117829498,0,25.67,0,NORMAL,PASS,train,False,,True
Microprocessor_0143,LOT_H08,Microprocessor,Supply Current (mA),mA,121.5,168,120.427726,80.0,140.0,healthy,88.2837965,34.1056155,0.6356954156425397,0,25.67,0,NORMAL,PASS,train,False,120.427726,True
Microprocessor_0147,LOT_H08,Microprocessor,Supply Current (mA),mA,121.18,0,105.02575,80.0,140.0,healthy,75.8337185,28.8837595,0.6816894974180798,0,13.55,0,NORMAL,PASS,train,True,,True
Microprocessor_0147,LOT_H08,Microprocessor,Supply Current (mA),mA,121.06,24,105.950533,80.0,140.0,healthy,77.4476835,29.0642315,0.6614628226623536,0,13.55,0,NORMAL,PASS,train,True,,True
Microprocessor_0147,LOT_H08,Microprocessor,Supply Current (mA),mA,120.83,96,108.988598,80.0,140.0,healthy,82.541493,31.074785,0.5740450959646947,0,13.55,0,NORMAL,PASS,train,False,,True
Microprocessor_0147,LOT_H08,Microprocessor,Supply Current (mA),mA,121.07,168,112.462301,80.0,140.0,healthy,88.2837965,34.1056155,0.4781669418402162,0,13.55,0,NORMAL,PASS,train,False,112.462301,True
Microprocessor_0151,LOT_H08,Microprocessor,Supply Current (mA),mA,120.96,0,104.727428,80.0,140.0,gradual_drift,75.8337185,28.8837595,0.6747231109146686,1,43.8,1,CRITICAL,HOLD / REJECT,train,True,,True
Microprocessor_0151,LOT_H08,Microprocessor,Supply Current (mA),mA,120.39,24,112.464965,80.0,140.0,gradual_drift,77.4476835,29.0642315,0.812642604836833,1,43.8,1,CRITICAL,HOLD / REJECT,train,True,,True
Microprocessor_0151,LOT_H08,Microprocessor,Supply Current (mA),mA,121.15,96,135.330387,80.0,140.0,gradual_drift,82.541493,31.074785,1.1458042656124403,1,43.8,1,CRITICAL,HOLD / REJECT,train,False,,True
Microprocessor_0151,LOT_H08,Microprocessor,Supply Current (mA),mA,120.47,168,158.004558,80.0,140.0,gradual_drift,88.2837965,34.1056155,1.378834795560912,1,43.8,1,CRITICAL,HOLD / REJECT,train,False,158.004558,False
Microprocessor_0155,LOT_H08,Microprocessor,Supply Current (mA),mA,120.74,0,107.489537,80.0,140.0,healthy,75.8337185,28.8837595,0.7392236132529164,0,31.93,0,NORMAL,PASS,train,True,,True
Microprocessor_0155,LOT_H08,Microprocessor,Supply Current (mA),mA,120.94,24,111.094144,80.0,140.0,healthy,77.4476835,29.0642315,0.7808300968268941,0,31.93,0,NORMAL,PASS,train,True,,True
Microprocessor_0155,LOT_H08,Microprocessor,Supply Current (mA),mA,121.36,96,119.123129,80.0,140.0,healthy,82.541493,31.074785,0.7940191846391329,0,31.93,0,NORMAL,PASS,train,False,,True
Microprocessor_0155,LOT_H08,Microprocessor,Supply Current (mA),mA,120.65,168,127.734198,80.0,140.0,healthy,88.2837965,34.1056155,0.7801920850656286,0,31.93,0,NORMAL,PASS,train,False,127.734198,True
Microprocessor_0159,LOT_H08,Microprocessor,Supply Current (mA),mA,120.72,0,107.831459,80.0,140.0,latent_defect,75.8337185,28.8837595,0.7472081427412524,1,27.93,0,NORMAL,PASS,train,True,,True
Microprocessor_0159,LOT_H08,Microprocessor,Supply Current (mA),mA,121.17,24,110.839977,80.0,140.0,latent_defect,77.4476835,29.0642315,0.7749316682768778,1,27.93,0,NORMAL,PASS,train,True,,True
Microprocessor_0159,LOT_H08,Microprocessor,Supply Current (mA),mA,121.07,96,124.336072,80.0,140.0,latent_defect,82.541493,31.074785,0.9071682179527406,1,27.93,0,NORMAL,PASS,train,False,,True
Microprocessor_0159,LOT_H08,Microprocessor,Supply Current (mA),mA,120.16,168,139.274951,80.0,140.0,latent_defect,88.2837965,34.1056155,1.0084281436085916,1,27.93,0,NORMAL,PASS,train,False,139.274951,True
Microprocessor_0162,LOT_I09,Microprocessor,Supply Current (mA),mA,127.34,0,97.887985,80.0,140.0,healthy,73.9866755,27.6516305,0.5830112765733709,0,29.44,0,NORMAL,PASS,validation,True,,True
Microprocessor_0162,LOT_I09,Microprocessor,Supply Current (mA),mA,127.71,24,101.093377,80.0,140.0,healthy,75.878016,28.282459000000003,0.6013454484762629,0,29.44,0,NORMAL,PASS,validation,True,,True
Microprocessor_0162,LOT_I09,Microprocessor,Supply Current (mA),mA,127.15,96,110.845758,80.0,140.0,healthy,80.15915700000001,29.705351,0.6967710569804493,0,29.44,0,NORMAL,PASS,validation,False,,True
Microprocessor_0162,LOT_I09,Microprocessor,Supply Current (mA),mA,128.17,168,120.434567,80.0,140.0,healthy,83.28946400000001,30.84101249999999,0.812360772309481,0,29.44,0,NORMAL,PASS,validation,False,120.434567,True
Microprocessor_0166,LOT_I09,Microprocessor,Supply Current (mA),mA,127.94,0,103.55776,80.0,140.0,healthy,73.9866755,27.6516305,0.7213109275039522,0,17.78,0,NORMAL,PASS,validation,True,,True
Microprocessor_0166,LOT_I09,Microprocessor,Supply Current (mA),mA,127.66,24,105.031918,80.0,140.0,healthy,75.878016,28.282459000000003,0.695273261129318,0,17.78,0,NORMAL,PASS,validation,True,,True
Microprocessor_0166,LOT_I09,Microprocessor,Supply Current (mA),mA,127.75,96,110.927163,80.0,140.0,healthy,80.15915700000001,29.705351,0.6986194418143866,0,17.78,0,NORMAL,PASS,validation,False,,True
Microprocessor_0166,LOT_I09,Microprocessor,Supply Current (mA),mA,126.99,168,117.224702,80.0,140.0,healthy,83.28946400000001,30.84101249999999,0.7421612520548413,0,17.78,0,NORMAL,PASS,validation,False,117.224702,True
Microprocessor_0170,LOT_I09,Microprocessor,Supply Current (mA),mA,127.64,0,101.918427,80.0,140.0,healthy,73.9866755,27.6516305,0.681323594380683,0,21.07,0,NORMAL,PASS,validation,True,,True
Microprocessor_0170,LOT_I09,Microprocessor,Supply Current (mA),mA,127.72,24,103.911346,80.0,140.0,healthy,75.878016,28.282459000000003,0.6685494370329685,0,21.07,0,NORMAL,PASS,validation,True,,True
Microprocessor_0170,LOT_I09,Microprocessor,Supply Current (mA),mA,127.34,96,108.31252,80.0,140.0,healthy,80.15915700000001,29.705351,0.6392512645849657,0,21.07,0,NORMAL,PASS,validation,False,,True
Microprocessor_0170,LOT_I09,Microprocessor,Supply Current (mA),mA,127.42,168,113.615773,80.0,140.0,healthy,83.28946400000001,30.84101249999999,0.663234230378523,0,21.07,0,NORMAL,PASS,validation,False,113.615773,True
Microprocessor_0174,LOT_I09,Microprocessor,Supply Current (mA),mA,127.4,0,102.945283,80.0,140.0,healthy,73.9866755,27.6516305,0.7063711185515671,0,15.4,0,NORMAL,PASS,validation,True,,True
Microprocessor_0174,LOT_I09,Microprocessor,Supply Current (mA),mA,127.8,24,104.08409,80.0,140.0,healthy,75.878016,28.282459000000003,0.6726691011595931,0,15.4,0,NORMAL,PASS,validation,True,,True
Microprocessor_0174,LOT_I09,Microprocessor,Supply Current (mA),mA,127.5,96,108.347672,80.0,140.0,healthy,80.15915700000001,29.705351,0.6400494271509329,0,15.4,0,NORMAL,PASS,validation,False,,True
Microprocessor_0174,LOT_I09,Microprocessor,Supply Current (mA),mA,127.42,168,112.275474,80.0,140.0,healthy,83.28946400000001,30.84101249999999,0.6339219861571077,0,15.4,0,NORMAL,PASS,validation,False,112.275474,True
Microprocessor_0178,LOT_I09,Microprocessor,Supply Current (mA),mA,127.61,0,104.257921,80.0,140.0,healthy,73.9866755,27.6516305,0.7383895632338014,0,20.7,0,NORMAL,PASS,validation,True,,True
Microprocessor_0178,LOT_I09,Microprocessor,Supply Current (mA),mA,127.37,24,106.149022,80.0,140.0,healthy,75.878016,28.282459000000003,0.7219143790524215,0,20.7,0,NORMAL,PASS,validation,True,,True
Microprocessor_0178,LOT_I09,Microprocessor,Supply Current (mA),mA,127.59,96,110.245952,80.0,140.0,healthy,80.15915700000001,29.705351,0.6831518405477393,0,20.7,0,NORMAL,PASS,validation,False,,True
Microprocessor_0178,LOT_I09,Microprocessor,Supply Current (mA),mA,127.85,168,114.64518,80.0,140.0,healthy,83.28946400000001,30.84101249999999,0.6857472885746674,0,20.7,0,NORMAL,PASS,validation,False,114.64518,True
Microprocessor_0181,LOT_J10,Microprocessor,Supply Current (mA),mA,124.27,0,104.4654,80.0,140.0,healthy,77.772313,27.5570355,0.6533446068030371,0,10.94,0,NORMAL,PASS,validation,True,,True
Microprocessor_0181,LOT_J10,Microprocessor,Supply Current (mA),mA,124.43,24,105.041977,80.0,140.0,healthy,79.484622,27.8530605,0.6188978688414855,0,10.94,0,NORMAL,PASS,validation,True,,True
Microprocessor_0181,LOT_J10,Microprocessor,Supply Current (mA),mA,124.14,96,106.328698,80.0,140.0,healthy,82.7617995,28.019669999999994,0.567303443180196,0,10.94,0,NORMAL,PASS,validation,False,,True
Microprocessor_0181,LOT_J10,Microprocessor,Supply Current (mA),mA,124.18,168,107.665266,80.0,140.0,healthy,86.8653165,26.263994000000004,0.5341675655016453,0,10.94,0,NORMAL,PASS,validation,False,107.665266,True
Microprocessor_0185,LOT_J10,Microprocessor,Supply Current (mA),mA,124.17,0,104.869632,80.0,140.0,healthy,77.772313,27.5570355,0.6632386590382544,0,24.61,0,NORMAL,PASS,validation,True,,True
Microprocessor_0185,LOT_J10,Microprocessor,Supply Current (mA),mA,124.7,24,107.456517,80.0,140.0,healthy,79.484622,27.8530605,0.6773684601930757,0,24.61,0,NORMAL,PASS,validation,True,,True
Microprocessor_0185,LOT_J10,Microprocessor,Supply Current (mA),mA,124.23,96,115.299109,80.0,140.0,healthy,82.7617995,28.019669999999994,0.7832395811934989,0,24.61,0,NORMAL,PASS,validation,False,,True
Microprocessor_0185,LOT_J10,Microprocessor,Supply Current (mA),mA,124.28,168,123.120481,80.0,140.0,healthy,86.8653165,26.263994000000004,0.9310759604405134,0,24.61,0,NORMAL,PASS,validation,False,123.120481,True
Microprocessor_0189,LOT_J10,Microprocessor,Supply Current (mA),mA,124.56,0,105.789065,80.0,140.0,sudden_jump,77.772313,27.5570355,0.6857428599149359,0,16.89,0,NORMAL,PASS,validation,True,,True
Microprocessor_0189,LOT_J10,Microprocessor,Supply Current (mA),mA,124.29,24,107.218848,80.0,140.0,sudden_jump,79.484622,27.8530605,0.6716130587601147,0,16.89,0,NORMAL,PASS,validation,True,,True
Microprocessor_0189,LOT_J10,Microprocessor,Supply Current (mA),mA,124.19,96,123.259644,80.0,140.0,sudden_jump,82.7617995,28.019669999999994,0.9748659386056316,0,16.89,0,NORMAL,PASS,validation,False,,True
Microprocessor_0189,LOT_J10,Microprocessor,Supply Current (mA),mA,123.72,168,130.023293,80.0,140.0,sudden_jump,86.8653165,26.263994000000004,1.1083484235854622,0,16.89,0,NORMAL,PASS,validation,False,130.023293,True
Microprocessor_0193,LOT_J10,Microprocessor,Supply Current (mA),mA,123.67,0,103.269674,80.0,140.0,latent_defect,77.772313,27.5570355,0.6240778107477823,1,28.94,0,NORMAL,PASS,validation,True,,True
Microprocessor_0193,LOT_J10,Microprocessor,Supply Current (mA),mA,124.79,24,106.493144,80.0,140.0,latent_defect,79.484622,27.8530605,0.6540393834322203,1,28.94,0,NORMAL,PASS,validation,True,,True
Microprocessor_0193,LOT_J10,Microprocessor,Supply Current (mA),mA,124.56,96,120.68499,80.0,140.0,latent_defect,82.7617995,28.019669999999994,0.9128887514421336,1,28.94,0,NORMAL,PASS,validation,False,,True
Microprocessor_0193,LOT_J10,Microprocessor,Supply Current (mA),mA,124.34,168,135.841806,80.0,140.0,latent_defect,86.8653165,26.263994000000004,1.2577747923393705,1,28.94,0,NORMAL,PASS,validation,False,135.841806,True
Microprocessor_0197,LOT_J10,Microprocessor,Supply Current (mA),mA,124.42,0,108.03037,80.0,140.0,healthy,77.772313,27.5570355,0.7406014281258996,0,17.99,0,NORMAL,PASS,validation,True,,True
Microprocessor_0197,LOT_J10,Microprocessor,Supply Current (mA),mA,124.56,24,109.568228,80.0,140.0,healthy,79.484622,27.8530605,0.7285057331037162,0,17.99,0,NORMAL,PASS,validation,True,,True
Microprocessor_0197,LOT_J10,Microprocessor,Supply Current (mA),mA,124.28,96,113.338459,80.0,140.0,healthy,82.7617995,28.019669999999994,0.7360427259997087,0,17.99,0,NORMAL,PASS,validation,False,,True
Microprocessor_0197,LOT_J10,Microprocessor,Supply Current (mA),mA,123.93,168,117.17177,80.0,140.0,healthy,86.8653165,26.263994000000004,0.7783059514199213,0,17.99,0,NORMAL,PASS,validation,False,117.17177,True
Microprocessor_0204,LOT_K11,Microprocessor,Supply Current (mA),mA,126.57,0,105.020526,80.0,140.0,healthy,75.383627,27.9853855,0.7142947705702016,0,40.38,0,REVIEW,QA REVIEW,test,True,,True
Microprocessor_0204,LOT_K11,Microprocessor,Supply Current (mA),mA,126.15,24,109.810547,80.0,140.0,healthy,76.4921145,28.7926415,0.7805110497240997,0,40.38,0,REVIEW,QA REVIEW,test,True,,True
Microprocessor_0204,LOT_K11,Microprocessor,Supply Current (mA),mA,126.08,96,122.810724,80.0,140.0,healthy,82.0986445,29.293296,0.937413168590742,0,40.38,0,REVIEW,QA REVIEW,test,False,,True
Microprocessor_0204,LOT_K11,Microprocessor,Supply Current (mA),mA,125.63,168,136.439536,80.0,140.0,healthy,87.8515675,32.4378495,1.010305438866713,0,40.38,0,REVIEW,QA REVIEW,test,False,136.439536,True
Microprocessor_0208,LOT_K11,Microprocessor,Supply Current (mA),mA,125.53,0,103.336248,80.0,140.0,healthy,75.383627,27.9853855,0.6737010847197878,0,18.6,0,NORMAL,PASS,test,True,,True
Microprocessor_0208,LOT_K11,Microprocessor,Supply Current (mA),mA,125.38,24,105.005074,80.0,140.0,healthy,76.4921145,28.7926415,0.6679389839268619,0,18.6,0,NORMAL,PASS,test,True,,True
Microprocessor_0208,LOT_K11,Microprocessor,Supply Current (mA),mA,126.05,96,109.811114,80.0,140.0,healthy,82.0986445,29.293296,0.6380915483196898,0,18.6,0,NORMAL,PASS,test,False,,True
Microprocessor_0208,LOT_K11,Microprocessor,Supply Current (mA),mA,125.3,168,114.619991,80.0,140.0,healthy,87.8515675,32.4378495,0.5566045399065723,0,18.6,0,NORMAL,PASS,test,False,114.619991,True
Microprocessor_0212,LOT_K11,Microprocessor,Supply Current (mA),mA,126.4,0,101.498355,80.0,140.0,gradual_drift,75.383627,27.9853855,0.6294050415079938,1,43.29,1,CRITICAL,HOLD / REJECT,test,True,,True
Microprocessor_0212,LOT_K11,Microprocessor,Supply Current (mA),mA,125.79,24,109.148681,80.0,140.0,gradual_drift,76.4921145,28.7926415,0.7650063069233484,1,43.29,1,CRITICAL,HOLD / REJECT,test,True,,True
Microprocessor_0212,LOT_K11,Microprocessor,Supply Current (mA),mA,125.51,96,131.722262,80.0,140.0,gradual_drift,82.0986445,29.293296,1.1426051699867117,1,43.29,1,CRITICAL,HOLD / REJECT,test,False,,True
Microprocessor_0212,LOT_K11,Microprocessor,Supply Current (mA),mA,126.03,168,154.22355,80.0,140.0,gradual_drift,87.8515675,32.4378495,1.3800942286384392,1,43.29,1,CRITICAL,HOLD / REJECT,test,False,154.22355,False
Microprocessor_0216,LOT_K11,Microprocessor,Supply Current (mA),mA,126.15,0,101.937086,80.0,140.0,healthy,75.383627,27.9853855,0.6399791322381686,0,10.25,0,NORMAL,PASS,test,True,,True
Microprocessor_0216,LOT_K11,Microprocessor,Supply Current (mA),mA,125.61,24,102.420824,80.0,140.0,healthy,76.4921145,28.7926415,0.6074008514607112,0,10.25,0,NORMAL,PASS,test,True,,True
Microprocessor_0216,LOT_K11,Microprocessor,Supply Current (mA),mA,125.49,96,105.360409,80.0,140.0,healthy,82.0986445,29.293296,0.5356121484031943,0,10.25,0,NORMAL,PASS,test,False,,True
Microprocessor_0216,LOT_K11,Microprocessor,Supply Current (mA),mA,125.99,168,108.279368,80.0,140.0,healthy,87.8515675,32.4378495,0.424761902717422,0,10.25,0,NORMAL,PASS,test,False,108.279368,True
Microprocessor_0220,LOT_K11,Microprocessor,Supply Current (mA),mA,126.21,0,101.889806,80.0,140.0,latent_defect,75.383627,27.9853855,0.6388396116441767,1,42.88,1,CRITICAL,HOLD / REJECT,test,True,,True
Microprocessor_0220,LOT_K11,Microprocessor,Supply Current (mA),mA,125.99,24,107.5415,80.0,140.0,latent_defect,76.4921145,28.7926415,0.7273568007706617,1,42.88,1,CRITICAL,HOLD / REJECT,test,True,,True
Microprocessor_0220,LOT_K11,Microprocessor,Supply Current (mA),mA,124.89,96,128.106898,80.0,140.0,latent_defect,82.0986445,29.293296,1.0593598564465645,1,42.88,1,CRITICAL,HOLD / REJECT,test,False,,True
Microprocessor_0220,LOT_K11,Microprocessor,Supply Current (mA),mA,125.19,168,150.322077,80.0,140.0,latent_defect,87.8515675,32.4378495,1.298969631064626,1,42.88,1,CRITICAL,HOLD / REJECT,test,False,150.322077,False
Microprocessor_0223,LOT_L12,Microprocessor,Supply Current (mA),mA,129.9,0,103.545864,80.0,140.0,healthy,76.024201,28.510897499999995,0.6510881454689003,0,15.62,0,NORMAL,PASS,test,True,,True
Microprocessor_0223,LOT_L12,Microprocessor,Supply Current (mA),mA,130.03,24,104.812991,80.0,140.0,healthy,77.4027985,29.090079000000003,0.6355404382616034,0,15.62,0,NORMAL,PASS,test,True,,True
Microprocessor_0223,LOT_L12,Microprocessor,Supply Current (mA),mA,129.84,96,108.859188,80.0,140.0,healthy,85.1287215,28.675515,0.5581758644027459,0,15.62,0,NORMAL,PASS,test,False,,True
Microprocessor_0223,LOT_L12,Microprocessor,Supply Current (mA),mA,130.01,168,113.016747,80.0,140.0,healthy,94.5769145,28.967648,0.4293581801168739,0,15.62,0,NORMAL,PASS,test,False,113.016747,True
Microprocessor_0227,LOT_L12,Microprocessor,Supply Current (mA),mA,129.59,0,104.976998,80.0,140.0,healthy,76.024201,28.510897499999995,0.684944907030783,0,17.81,0,NORMAL,PASS,test,True,,True
Microprocessor_0227,LOT_L12,Microprocessor,Supply Current (mA),mA,129.22,24,106.535509,80.0,140.0,healthy,77.4027985,29.090079000000003,0.6754792254347876,0,17.81,0,NORMAL,PASS,test,True,,True
Microprocessor_0227,LOT_L12,Microprocessor,Supply Current (mA),mA,130.17,96,111.65595,80.0,140.0,healthy,85.1287215,28.675515,0.6239598660311484,0,17.81,0,NORMAL,PASS,test,False,,True
Microprocessor_0227,LOT_L12,Microprocessor,Supply Current (mA),mA,130.73,168,116.899623,80.0,140.0,healthy,94.5769145,28.967648,0.5197681430587549,0,17.81,0,NORMAL,PASS,test,False,116.899623,True
Microprocessor_0231,LOT_L12,Microprocessor,Supply Current (mA),mA,129.51,0,105.353748,80.0,140.0,healthy,76.024201,28.510897499999995,0.6938577935378741,0,26.39,0,NORMAL,PASS,test,True,,True
Microprocessor_0231,LOT_L12,Microprocessor,Supply Current (mA),mA,129.58,24,108.163294,80.0,140.0,healthy,77.4027985,29.090079000000003,0.7132215066061313,0,26.39,0,NORMAL,PASS,test,True,,True
Microprocessor_0231,LOT_L12,Microprocessor,Supply Current (mA),mA,129.82,96,115.625188,80.0,140.0,healthy,85.1287215,28.675515,0.7173222469042855,0,26.39,0,NORMAL,PASS,test,False,,True
Microprocessor_0231,LOT_L12,Microprocessor,Supply Current (mA),mA,129.49,168,124.212775,80.0,140.0,healthy,94.5769145,28.967648,0.6900496048691087,0,26.39,0,NORMAL,PASS,test,False,124.212775,True
Microprocessor_0235,LOT_L12,Microprocessor,Supply Current (mA),mA,129.54,0,104.494464,80.0,140.0,healthy,76.024201,28.510897499999995,0.6735294570564958,0,29.1,0,NORMAL,PASS,test,True,,True
Microprocessor_0235,LOT_L12,Microprocessor,Supply Current (mA),mA,129.75,24,107.702019,80.0,140.0,healthy,77.4027985,29.090079000000003,0.7025262546242595,0,29.1,0,NORMAL,PASS,test,True,,True
Microprocessor_0235,LOT_L12,Microprocessor,Supply Current (mA),mA,130.2,96,115.263033,80.0,140.0,healthy,85.1287215,28.675515,0.7088038227016775,0,29.1,0,NORMAL,PASS,test,False,,True
Microprocessor_0235,LOT_L12,Microprocessor,Supply Current (mA),mA,129.14,168,122.87635,80.0,140.0,healthy,94.5769145,28.967648,0.6589319140840818,0,29.1,0,NORMAL,PASS,test,False,122.87635,True
Microprocessor_0239,LOT_L12,Microprocessor,Supply Current (mA),mA,129.83,0,104.423768,80.0,140.0,healthy,76.024201,28.510897499999995,0.6718569808136151,0,20.88,0,NORMAL,PASS,test,True,,True
Microprocessor_0239,LOT_L12,Microprocessor,Supply Current (mA),mA,129.96,24,106.450246,80.0,140.0,healthy,77.4027985,29.090079000000003,0.6735022935184029,0,20.88,0,NORMAL,PASS,test,True,,True
Microprocessor_0239,LOT_L12,Microprocessor,Supply Current (mA),mA,129.58,96,113.002851,80.0,140.0,healthy,85.1287215,28.675515,0.6556409806834846,0,20.88,0,NORMAL,PASS,test,False,,True
Microprocessor_0239,LOT_L12,Microprocessor,Supply Current (mA),mA,129.93,168,119.772724,80.0,140.0,healthy,94.5769145,28.967648,0.5866662245164886,0,20.88,0,NORMAL,PASS,test,False,119.772724,True
Power_MOSFET_0003,LOT_A01,Power MOSFET,Threshold Voltage (V),V,121.12,0,3.217471,2.0,4.5,healthy,3.191466,0.026005,0.6744907594765952,0,13.8,1,CRITICAL,HOLD / REJECT,train,True,,True
Power_MOSFET_0003,LOT_A01,Power MOSFET,Threshold Voltage (V),V,121.46,24,3.187641,2.0,4.5,healthy,3.172453,0.0548489999999999,0.1867703268050589,0,13.8,1,CRITICAL,HOLD / REJECT,train,True,,True
Power_MOSFET_0003,LOT_A01,Power MOSFET,Threshold Voltage (V),V,120.92,96,3.100672,2.0,4.5,healthy,3.100672,0.0996220000000001,0.0,0,13.8,1,CRITICAL,HOLD / REJECT,train,False,,True
Power_MOSFET_0003,LOT_A01,Power MOSFET,Threshold Voltage (V),V,121.13,168,3.013703,2.0,4.5,healthy,3.013703,0.126503,0.0,0,13.8,1,CRITICAL,HOLD / REJECT,train,False,3.013703,True
Power_MOSFET_0007,LOT_A01,Power MOSFET,Threshold Voltage (V),V,120.8,0,3.170136,2.0,4.5,healthy,3.191466,0.026005,-0.5532354508608323,0,21.57,1,CRITICAL,HOLD / REJECT,train,True,,True
Power_MOSFET_0007,LOT_A01,Power MOSFET,Threshold Voltage (V),V,121.44,24,3.110081,2.0,4.5,healthy,3.172453,0.0548489999999999,-0.7670028195605055,0,21.57,1,CRITICAL,HOLD / REJECT,train,True,,True
Power_MOSFET_0007,LOT_A01,Power MOSFET,Threshold Voltage (V),V,120.59,96,2.924796,2.0,4.5,healthy,3.100672,0.0996220000000001,-1.1907684729648609,0,21.57,1,CRITICAL,HOLD / REJECT,train,False,,True
Power_MOSFET_0007,LOT_A01,Power MOSFET,Threshold Voltage (V),V,121.4,168,2.734122,2.0,4.5,healthy,3.013703,0.126503,-1.490674537562159,0,21.57,1,CRITICAL,HOLD / REJECT,train,False,2.734122,True
Power_MOSFET_0011,LOT_A01,Power MOSFET,Threshold Voltage (V),V,121.46,0,3.15672,2.0,4.5,healthy,3.191466,0.026005,-0.901205765382574,0,20.77,1,CRITICAL,HOLD / REJECT,train,True,,True
Power_MOSFET_0011,LOT_A01,Power MOSFET,Threshold Voltage (V),V,121.01,24,3.107075,2.0,4.5,healthy,3.172453,0.0548489999999999,-0.8039682924585837,0,20.77,1,CRITICAL,HOLD / REJECT,train,True,,True
Power_MOSFET_0011,LOT_A01,Power MOSFET,Threshold Voltage (V),V,121.61,96,2.990244,2.0,4.5,healthy,3.100672,0.0996220000000001,-0.7476527833960492,0,20.77,1,CRITICAL,HOLD / REJECT,train,False,,True
Power_MOSFET_0011,LOT_A01,Power MOSFET,Threshold Voltage (V),V,121.86,168,2.8872,2.0,4.5,healthy,3.013703,0.126503,-0.6744907594765952,0,20.77,1,CRITICAL,HOLD / REJECT,train,False,2.8872,True
Power_MOSFET_0015,LOT_A01,Power MOSFET,Threshold Voltage (V),V,121.81,0,3.242466,2.0,4.5,healthy,3.191466,0.026005,1.322785184899292,0,17.6,0,NORMAL,PASS,train,True,,True
Power_MOSFET_0015,LOT_A01,Power MOSFET,Threshold Voltage (V),V,121.61,24,3.227302,2.0,4.5,healthy,3.172453,0.0548489999999999,0.6744907594765952,0,17.6,0,NORMAL,PASS,train,True,,True
Power_MOSFET_0015,LOT_A01,Power MOSFET,Threshold Voltage (V),V,120.98,96,3.200294,2.0,4.5,healthy,3.100672,0.0996220000000001,0.6744907594765953,0,17.6,0,NORMAL,PASS,train,False,,True
Power_MOSFET_0015,LOT_A01,Power MOSFET,Threshold Voltage (V),V,122.06,168,3.166401,2.0,4.5,healthy,3.013703,0.126503,0.8141576878853237,0,17.6,0,NORMAL,PASS,train,False,3.166401,True
Power_MOSFET_0019,LOT_A01,Power MOSFET,Threshold Voltage (V),V,121.82,0,3.191466,2.0,4.5,healthy,3.191466,0.026005,0.0,0,4.17,0,NORMAL,PASS,train,True,,True
Power_MOSFET_0019,LOT_A01,Power MOSFET,Threshold Voltage (V),V,121.9,24,3.172453,2.0,4.5,healthy,3.172453,0.0548489999999999,0.0,0,4.17,0,NORMAL,PASS,train,True,,True
Power_MOSFET_0019,LOT_A01,Power MOSFET,Threshold Voltage (V),V,121.05,96,3.116503,2.0,4.5,healthy,3.100672,0.0996220000000001,0.1071837868470209,0,4.17,0,NORMAL,PASS,train,False,,True
Power_MOSFET_0019,LOT_A01,Power MOSFET,Threshold Voltage (V),V,121.99,168,3.052708,2.0,4.5,healthy,3.013703,0.126503,0.2079674954221209,0,4.17,0,NORMAL,PASS,train,False,3.052708,True
Power_MOSFET_0022,LOT_B02,Power MOSFET,Threshold Voltage (V),V,124.33,0,3.208018,2.0,4.5,healthy,3.122538,0.0433159999999999,1.331043266230942,0,32.21,0,NORMAL,PASS,train,True,,True
Power_MOSFET_0022,LOT_B02,Power MOSFET,Threshold Voltage (V),V,124.3,24,3.184749,2.0,4.5,healthy,3.099977,0.0228269999999999,2.504837721222682,0,32.21,0,NORMAL,PASS,train,True,,True
Power_MOSFET_0022,LOT_B02,Power MOSFET,Threshold Voltage (V),V,124.51,96,3.131807,2.0,4.5,healthy,2.994704,0.039079,2.3663529413884508,0,32.21,0,NORMAL,PASS,train,False,,True
Power_MOSFET_0022,LOT_B02,Power MOSFET,Threshold Voltage (V),V,124.05,168,3.0904,2.0,4.5,healthy,2.917358,0.064877,1.799023228591776,0,32.21,0,NORMAL,PASS,train,False,3.0904,True
Power_MOSFET_0026,LOT_B02,Power MOSFET,Threshold Voltage (V),V,123.56,0,3.067881,2.0,4.5,healthy,3.122538,0.0433159999999999,-0.8510860061111936,0,31.6,1,CRITICAL,HOLD / REJECT,train,True,,True
Power_MOSFET_0026,LOT_B02,Power MOSFET,Threshold Voltage (V),V,124.36,24,3.028992,2.0,4.5,healthy,3.099977,0.0228269999999999,-2.0974603128508416,0,31.6,1,CRITICAL,HOLD / REJECT,train,True,,True
Power_MOSFET_0026,LOT_B02,Power MOSFET,Threshold Voltage (V),V,124.07,96,2.890572,2.0,4.5,healthy,2.994704,0.039079,-1.797284264331651,0,31.6,1,CRITICAL,HOLD / REJECT,train,False,,True
Power_MOSFET_0026,LOT_B02,Power MOSFET,Threshold Voltage (V),V,123.82,168,2.757118,2.0,4.5,healthy,2.917358,0.064877,-1.6659278218556568,0,31.6,1,CRITICAL,HOLD / REJECT,train,False,2.757118,True
Power_MOSFET_0030,LOT_B02,Power MOSFET,Threshold Voltage (V),V,124.04,0,3.109877,2.0,4.5,healthy,3.122538,0.0433159999999999,-0.1971494945455077,0,13.36,0,NORMAL,PASS,train,True,,True
Power_MOSFET_0030,LOT_B02,Power MOSFET,Threshold Voltage (V),V,124.05,24,3.079554,2.0,4.5,healthy,3.099977,0.0228269999999999,-0.6034575187624568,0,13.36,0,NORMAL,PASS,train,True,,True
Power_MOSFET_0030,LOT_B02,Power MOSFET,Threshold Voltage (V),V,123.5,96,2.994704,2.0,4.5,healthy,2.994704,0.039079,0.0,0,13.36,0,NORMAL,PASS,train,False,,True
Power_MOSFET_0030,LOT_B02,Power MOSFET,Threshold Voltage (V),V,124.17,168,2.917358,2.0,4.5,healthy,2.917358,0.064877,0.0,0,13.36,0,NORMAL,PASS,train,False,2.917358,True
Power_MOSFET_0034,LOT_B02,Power MOSFET,Threshold Voltage (V),V,124.43,0,3.122538,2.0,4.5,healthy,3.122538,0.0433159999999999,0.0,0,5.06,0,NORMAL,PASS,train,True,,True
Power_MOSFET_0034,LOT_B02,Power MOSFET,Threshold Voltage (V),V,123.43,24,3.099977,2.0,4.5,healthy,3.099977,0.0228269999999999,0.0,0,5.06,0,NORMAL,PASS,train,True,,True
Power_MOSFET_0034,LOT_B02,Power MOSFET,Threshold Voltage (V),V,123.6,96,3.033783,2.0,4.5,healthy,2.994704,0.039079,0.6744907594765952,0,5.06,0,NORMAL,PASS,train,False,,True
Power_MOSFET_0034,LOT_B02,Power MOSFET,Threshold Voltage (V),V,123.94,168,2.963535,2.0,4.5,healthy,2.917358,0.064877,0.4800770658376696,0,5.06,0,NORMAL,PASS,train,False,2.963535,True
Power_MOSFET_0038,LOT_B02,Power MOSFET,Threshold Voltage (V),V,124.1,0,3.165854,2.0,4.5,healthy,3.122538,0.0433159999999999,0.6744907594765952,0,16.83,1,CRITICAL,HOLD / REJECT,train,True,,True
Power_MOSFET_0038,LOT_B02,Power MOSFET,Threshold Voltage (V),V,122.91,24,3.122804,2.0,4.5,healthy,3.099977,0.0228269999999999,0.6744907594765952,0,16.83,1,CRITICAL,HOLD / REJECT,train,True,,True
Power_MOSFET_0038,LOT_B02,Power MOSFET,Threshold Voltage (V),V,123.97,96,2.990273,2.0,4.5,healthy,2.994704,0.039079,-0.0764776108713295,0,16.83,1,CRITICAL,HOLD / REJECT,train,False,,True
Power_MOSFET_0038,LOT_B02,Power MOSFET,Threshold Voltage (V),V,124.34,168,2.852481,2.0,4.5,healthy,2.917358,0.064877,-0.6744907594765952,0,16.83,1,CRITICAL,HOLD / REJECT,train,False,2.852481,True
Power_MOSFET_0041,LOT_C03,Power MOSFET,Threshold Voltage (V),V,125.39,0,3.164491,2.0,4.5,healthy,3.117714,0.046777,0.6744907594765952,0,15.0,0,NORMAL,PASS,train,True,,True
Power_MOSFET_0041,LOT_C03,Power MOSFET,Threshold Voltage (V),V,125.65,24,3.129723,2.0,4.5,healthy,3.09102,0.0454309999999997,0.5746035936700216,0,15.0,0,NORMAL,PASS,train,True,,True
Power_MOSFET_0041,LOT_C03,Power MOSFET,Threshold Voltage (V),V,125.9,96,3.065453,2.0,4.5,healthy,2.846009,0.163837,0.903415896424996,0,15.0,0,NORMAL,PASS,train,False,,True
Power_MOSFET_0041,LOT_C03,Power MOSFET,Threshold Voltage (V),V,125.22,168,2.99881,2.0,4.5,healthy,2.759504,0.239306,0.6744907594765952,0,15.0,0,NORMAL,PASS,train,False,2.99881,True
Power_MOSFET_0045,LOT_C03,Power MOSFET,Threshold Voltage (V),V,125.93,0,3.177526,2.0,4.5,sudden_jump,3.117714,0.046777,0.8624461018409483,0,14.58,1,CRITICAL,HOLD / REJECT,train,True,,True
Power_MOSFET_0045,LOT_C03,Power MOSFET,Threshold Voltage (V),V,125.64,24,3.166333,2.0,4.5,sudden_jump,3.09102,0.0454309999999997,1.1181334896537836,0,14.58,1,CRITICAL,HOLD / REJECT,train,True,,True
Power_MOSFET_0045,LOT_C03,Power MOSFET,Threshold Voltage (V),V,126.5,96,2.846009,2.0,4.5,sudden_jump,2.846009,0.163837,0.0,0,14.58,1,CRITICAL,HOLD / REJECT,train,False,,True
Power_MOSFET_0045,LOT_C03,Power MOSFET,Threshold Voltage (V),V,125.9,168,2.759504,2.0,4.5,sudden_jump,2.759504,0.239306,0.0,0,14.58,1,CRITICAL,HOLD / REJECT,train,False,2.759504,True
Power_MOSFET_0049,LOT_C03,Power MOSFET,Threshold Voltage (V),V,125.68,0,3.102812,2.0,4.5,accelerating_drift,3.117714,0.046777,-0.2148761420723868,1,20.22,1,CRITICAL,HOLD / REJECT,train,True,,True
Power_MOSFET_0049,LOT_C03,Power MOSFET,Threshold Voltage (V),V,125.88,24,3.045589,2.0,4.5,accelerating_drift,3.09102,0.0454309999999997,-0.6744907594765953,1,20.22,1,CRITICAL,HOLD / REJECT,train,True,,True
Power_MOSFET_0049,LOT_C03,Power MOSFET,Threshold Voltage (V),V,125.64,96,2.732328,2.0,4.5,accelerating_drift,2.846009,0.163837,-0.4680065188453091,1,20.22,1,CRITICAL,HOLD / REJECT,train,False,,True
Power_MOSFET_0049,LOT_C03,Power MOSFET,Threshold Voltage (V),V,125.55,168,2.298348,2.0,4.5,accelerating_drift,2.759504,0.239306,-1.299781287043321,1,20.22,1,CRITICAL,HOLD / REJECT,train,False,2.298348,True
Power_MOSFET_0053,LOT_C03,Power MOSFET,Threshold Voltage (V),V,125.58,0,3.064286,2.0,4.5,latent_defect,3.117714,0.046777,-0.7703934048210733,1,34.02,1,CRITICAL,HOLD / REJECT,train,True,,True
Power_MOSFET_0053,LOT_C03,Power MOSFET,Threshold Voltage (V),V,125.42,24,2.987948,2.0,4.5,latent_defect,3.09102,0.0454309999999997,-1.5302571275290442,1,34.02,1,CRITICAL,HOLD / REJECT,train,True,,True
Power_MOSFET_0053,LOT_C03,Power MOSFET,Threshold Voltage (V),V,125.44,96,2.628092,2.0,4.5,latent_defect,2.846009,0.163837,-0.8971294813312081,1,34.02,1,CRITICAL,HOLD / REJECT,train,False,,True
Power_MOSFET_0053,LOT_C03,Power MOSFET,Threshold Voltage (V),V,126.14,168,2.250793,2.0,4.5,latent_defect,2.759504,0.239306,-1.4338164055397626,1,34.02,1,CRITICAL,HOLD / REJECT,train,False,2.250793,True
Power_MOSFET_0057,LOT_C03,Power MOSFET,Threshold Voltage (V),V,125.74,0,3.117714,2.0,4.5,healthy,3.117714,0.046777,0.0,0,5.99,0,NORMAL,PASS,train,True,,True
Power_MOSFET_0057,LOT_C03,Power MOSFET,Threshold Voltage (V),V,125.83,24,3.09102,2.0,4.5,healthy,3.09102,0.0454309999999997,0.0,0,5.99,0,NORMAL,PASS,train,True,,True
Power_MOSFET_0057,LOT_C03,Power MOSFET,Threshold Voltage (V),V,126.02,96,3.009846,2.0,4.5,healthy,2.846009,0.163837,0.6744907594765952,0,5.99,0,NORMAL,PASS,train,False,,True
Power_MOSFET_0057,LOT_C03,Power MOSFET,Threshold Voltage (V),V,124.83,168,2.953415,2.0,4.5,healthy,2.759504,0.239306,0.5465436623438861,0,5.99,0,NORMAL,PASS,train,False,2.953415,True
Power_MOSFET_0064,LOT_D04,Power MOSFET,Threshold Voltage (V),V,124.6,0,3.105858,2.0,4.5,healthy,3.162477,0.0566189999999999,-0.6744907594765952,0,9.6,0,NORMAL,PASS,train,True,,True
Power_MOSFET_0064,LOT_D04,Power MOSFET,Threshold Voltage (V),V,124.63,24,3.095684,2.0,4.5,healthy,3.112567,0.023727,-0.4799354108080802,0,9.6,0,NORMAL,PASS,train,True,,True
Power_MOSFET_0064,LOT_D04,Power MOSFET,Threshold Voltage (V),V,125.18,96,3.013443,2.0,4.5,healthy,3.013443,0.0425059999999999,0.0,0,9.6,0,NORMAL,PASS,train,False,,True
Power_MOSFET_0064,LOT_D04,Power MOSFET,Threshold Voltage (V),V,124.4,168,2.95344,2.0,4.5,healthy,2.932915,0.0415830000000001,0.3329226568130523,0,9.6,0,NORMAL,PASS,train,False,2.95344,True
Power_MOSFET_0068,LOT_D04,Power MOSFET,Threshold Voltage (V),V,125.01,0,3.088846,2.0,4.5,healthy,3.162477,0.0566189999999999,-0.8771512939299715,0,19.06,1,CRITICAL,HOLD / REJECT,train,True,,True
Power_MOSFET_0068,LOT_D04,Power MOSFET,Threshold Voltage (V),V,124.4,24,3.066859,2.0,4.5,healthy,3.112567,0.023727,-1.2993477318732267,0,19.06,1,CRITICAL,HOLD / REJECT,train,True,,True
Power_MOSFET_0068,LOT_D04,Power MOSFET,Threshold Voltage (V),V,124.68,96,2.970937,2.0,4.5,healthy,3.013443,0.0425059999999999,-0.6744907594765951,0,19.06,1,CRITICAL,HOLD / REJECT,train,False,,True
Power_MOSFET_0068,LOT_D04,Power MOSFET,Threshold Voltage (V),V,125.05,168,2.884457,2.0,4.5,healthy,2.932915,0.0415830000000001,-0.7860056567038648,0,19.06,1,CRITICAL,HOLD / REJECT,train,False,2.884457,True
Power_MOSFET_0072,LOT_D04,Power MOSFET,Threshold Voltage (V),V,124.42,0,3.258256,2.0,4.5,healthy,3.162477,0.0566189999999999,1.1409959634028988,0,40.71,1,CRITICAL,HOLD / REJECT,train,True,,True
Power_MOSFET_0072,LOT_D04,Power MOSFET,Threshold Voltage (V),V,124.76,24,3.213588,2.0,4.5,healthy,3.112567,0.023727,2.871738146966963,0,40.71,1,CRITICAL,HOLD / REJECT,train,True,,True
Power_MOSFET_0072,LOT_D04,Power MOSFET,Threshold Voltage (V),V,124.81,96,3.091676,2.0,4.5,healthy,3.013443,0.0425059999999999,1.2414114615850127,0,40.71,1,CRITICAL,HOLD / REJECT,train,False,,True
Power_MOSFET_0072,LOT_D04,Power MOSFET,Threshold Voltage (V),V,123.45,168,2.974498,2.0,4.5,healthy,2.932915,0.0415830000000001,0.6744907594765952,0,40.71,1,CRITICAL,HOLD / REJECT,train,False,2.974498,True
Power_MOSFET_0076,LOT_D04,Power MOSFET,Threshold Voltage (V),V,124.19,0,3.162477,2.0,4.5,sudden_jump,3.162477,0.0566189999999999,0.0,0,11.05,1,CRITICAL,HOLD / REJECT,train,True,,True
Power_MOSFET_0076,LOT_D04,Power MOSFET,Threshold Voltage (V),V,125.04,24,3.112567,2.0,4.5,sudden_jump,3.112567,0.023727,0.0,0,11.05,1,CRITICAL,HOLD / REJECT,train,True,,True
Power_MOSFET_0076,LOT_D04,Power MOSFET,Threshold Voltage (V),V,124.63,96,2.623324,2.0,4.5,sudden_jump,3.013443,0.0425059999999999,-6.190459243312713,0,11.05,1,CRITICAL,HOLD / REJECT,train,False,,True
Power_MOSFET_0076,LOT_D04,Power MOSFET,Threshold Voltage (V),V,124.5,168,2.406178,2.0,4.5,sudden_jump,2.932915,0.0415830000000001,-8.543857806661904,0,11.05,1,CRITICAL,HOLD / REJECT,train,False,2.406178,True
Power_MOSFET_0080,LOT_D04,Power MOSFET,Threshold Voltage (V),V,124.57,0,3.184579,2.0,4.5,healthy,3.162477,0.0566189999999999,0.2632966807246968,0,17.92,1,CRITICAL,HOLD / REJECT,train,True,,True
Power_MOSFET_0080,LOT_D04,Power MOSFET,Threshold Voltage (V),V,123.82,24,3.136294,2.0,4.5,healthy,3.112567,0.023727,0.6744907594765952,0,17.92,1,CRITICAL,HOLD / REJECT,train,True,,True
Power_MOSFET_0080,LOT_D04,Power MOSFET,Threshold Voltage (V),V,124.48,96,3.043617,2.0,4.5,healthy,3.013443,0.0425059999999999,0.4788049728613986,0,17.92,1,CRITICAL,HOLD / REJECT,train,False,,True
Power_MOSFET_0080,LOT_D04,Power MOSFET,Threshold Voltage (V),V,124.06,168,2.932915,2.0,4.5,healthy,2.932915,0.0415830000000001,0.0,0,17.92,1,CRITICAL,HOLD / REJECT,train,False,2.932915,True
Power_MOSFET_0083,LOT_E05,Power MOSFET,Threshold Voltage (V),V,126.51,0,3.091427,2.0,4.5,sudden_jump,3.128012,0.0416669999999999,-0.5922251286498034,0,11.72,1,CRITICAL,HOLD / REJECT,train,True,,True
Power_MOSFET_0083,LOT_E05,Power MOSFET,Threshold Voltage (V),V,125.8,24,3.071942,2.0,4.5,sudden_jump,3.103869,0.031927,-0.6744907594765952,0,11.72,1,CRITICAL,HOLD / REJECT,train,True,,True
Power_MOSFET_0083,LOT_E05,Power MOSFET,Threshold Voltage (V),V,126.65,96,2.666243,2.0,4.5,sudden_jump,2.973068,0.1315379999999999,-1.573314382736596,0,11.72,1,CRITICAL,HOLD / REJECT,train,False,,True
Power_MOSFET_0083,LOT_E05,Power MOSFET,Threshold Voltage (V),V,126.23,168,2.512734,2.0,4.5,sudden_jump,2.880691,0.155542,-1.5956050223394935,0,11.72,1,CRITICAL,HOLD / REJECT,train,False,2.512734,True
Power_MOSFET_0087,LOT_E05,Power MOSFET,Threshold Voltage (V),V,126.22,0,3.204844,2.0,4.5,gradual_drift,3.128012,0.0416669999999999,1.243729426935126,1,35.53,1,CRITICAL,HOLD / REJECT,train,True,,True
Power_MOSFET_0087,LOT_E05,Power MOSFET,Threshold Voltage (V),V,125.84,24,3.103869,2.0,4.5,gradual_drift,3.103869,0.031927,0.0,1,35.53,1,CRITICAL,HOLD / REJECT,train,True,,True
Power_MOSFET_0087,LOT_E05,Power MOSFET,Threshold Voltage (V),V,125.8,96,2.77865,2.0,4.5,gradual_drift,2.973068,0.1315379999999999,-0.996922140187025,1,35.53,1,CRITICAL,HOLD / REJECT,train,False,,True
Power_MOSFET_0087,LOT_E05,Power MOSFET,Threshold Voltage (V),V,125.56,168,2.466927,2.0,4.5,gradual_drift,2.880691,0.155542,-1.794242034974951,1,35.53,1,CRITICAL,HOLD / REJECT,train,False,2.466927,True
Power_MOSFET_0091,LOT_E05,Power MOSFET,Threshold Voltage (V),V,125.81,0,3.086345,2.0,4.5,healthy,3.128012,0.0416669999999999,-0.6744907594765952,0,13.5,1,CRITICAL,HOLD / REJECT,train,True,,True
Power_MOSFET_0091,LOT_E05,Power MOSFET,Threshold Voltage (V),V,126.33,24,3.065525,2.0,4.5,healthy,3.103869,0.031927,-0.8100564939195819,0,13.5,1,CRITICAL,HOLD / REJECT,train,True,,True
Power_MOSFET_0091,LOT_E05,Power MOSFET,Threshold Voltage (V),V,125.68,96,2.973068,2.0,4.5,healthy,2.973068,0.1315379999999999,0.0,0,13.5,1,CRITICAL,HOLD / REJECT,train,False,,True
Power_MOSFET_0091,LOT_E05,Power MOSFET,Threshold Voltage (V),V,125.73,168,2.880691,2.0,4.5,healthy,2.880691,0.155542,0.0,0,13.5,1,CRITICAL,HOLD / REJECT,train,False,2.880691,True
Power_MOSFET_0095,LOT_E05,Power MOSFET,Threshold Voltage (V),V,126.01,0,3.128012,2.0,4.5,healthy,3.128012,0.0416669999999999,0.0,0,5.45,0,NORMAL,PASS,train,True,,True
Power_MOSFET_0095,LOT_E05,Power MOSFET,Threshold Voltage (V),V,125.13,24,3.112412,2.0,4.5,healthy,3.103869,0.031927,0.1804796742007869,0,5.45,0,NORMAL,PASS,train,True,,True
Power_MOSFET_0095,LOT_E05,Power MOSFET,Threshold Voltage (V),V,125.97,96,3.060871,2.0,4.5,healthy,2.973068,0.1315379999999999,0.4502296838504734,0,5.45,0,NORMAL,PASS,train,False,,True
Power_MOSFET_0095,LOT_E05,Power MOSFET,Threshold Voltage (V),V,126.12,168,3.015767,2.0,4.5,healthy,2.880691,0.155542,0.5857422035659845,0,5.45,0,NORMAL,PASS,train,False,3.015767,True
Power_MOSFET_0099,LOT_E05,Power MOSFET,Threshold Voltage (V),V,126.51,0,3.191398,2.0,4.5,healthy,3.128012,0.0416669999999999,1.0260703021619877,0,19.93,0,NORMAL,PASS,train,True,,True
Power_MOSFET_0099,LOT_E05,Power MOSFET,Threshold Voltage (V),V,126.04,24,3.180653,2.0,4.5,healthy,3.103869,0.031927,1.6221410867181634,0,19.93,0,NORMAL,PASS,train,True,,True
Power_MOSFET_0099,LOT_E05,Power MOSFET,Threshold Voltage (V),V,126.51,96,3.104606,2.0,4.5,healthy,2.973068,0.1315379999999999,0.6744907594765952,0,19.93,0,NORMAL,PASS,train,False,,True
Power_MOSFET_0099,LOT_E05,Power MOSFET,Threshold Voltage (V),V,126.57,168,3.036233,2.0,4.5,healthy,2.880691,0.155542,0.6744907594765952,0,19.93,0,NORMAL,PASS,train,False,3.036233,True
Power_MOSFET_0102,LOT_F06,Power MOSFET,Threshold Voltage (V),V,125.55,0,3.185721,2.0,4.5,healthy,3.136488,0.0269979999999998,1.2299875383847487,0,16.87,0,NORMAL,PASS,train,True,,True
Power_MOSFET_0102,LOT_F06,Power MOSFET,Threshold Voltage (V),V,125.82,24,3.169598,2.0,4.5,healthy,3.10219,0.0426449999999998,1.0661524941915526,0,16.87,0,NORMAL,PASS,train,True,,True
Power_MOSFET_0102,LOT_F06,Power MOSFET,Threshold Voltage (V),V,126.13,96,3.114626,2.0,4.5,healthy,3.027618,0.032219,1.821474657827356,0,16.87,0,NORMAL,PASS,train,False,,True
Power_MOSFET_0102,LOT_F06,Power MOSFET,Threshold Voltage (V),V,127.07,168,3.051819,2.0,4.5,healthy,2.986493,0.0653260000000002,0.6744907594765952,0,16.87,0,NORMAL,PASS,train,False,3.051819,True
Power_MOSFET_0106,LOT_F06,Power MOSFET,Threshold Voltage (V),V,126.9,0,3.10949,2.0,4.5,accelerating_drift,3.136488,0.0269979999999998,-0.6744907594765952,1,36.41,1,CRITICAL,HOLD / REJECT,train,True,,True
Power_MOSFET_0106,LOT_F06,Power MOSFET,Threshold Voltage (V),V,126.19,24,3.014501,2.0,4.5,accelerating_drift,3.10219,0.0426449999999998,-1.3869250840132064,1,36.41,1,CRITICAL,HOLD / REJECT,train,True,,True
Power_MOSFET_0106,LOT_F06,Power MOSFET,Threshold Voltage (V),V,125.81,96,2.585889,2.0,4.5,accelerating_drift,3.027618,0.032219,-9.24740459644424,1,36.41,1,CRITICAL,HOLD / REJECT,train,False,,True
Power_MOSFET_0106,LOT_F06,Power MOSFET,Threshold Voltage (V),V,126.26,168,2.071362,2.0,4.5,accelerating_drift,2.986493,0.0653260000000002,-9.448724906018642,1,36.41,1,CRITICAL,HOLD / REJECT,train,False,2.071362,True
Power_MOSFET_0110,LOT_F06,Power MOSFET,Threshold Voltage (V),V,125.51,0,3.136488,2.0,4.5,healthy,3.136488,0.0269979999999998,0.0,0,7.65,1,CRITICAL,HOLD / REJECT,train,True,,True
Power_MOSFET_0110,LOT_F06,Power MOSFET,Threshold Voltage (V),V,126.26,24,3.10219,2.0,4.5,healthy,3.10219,0.0426449999999998,0.0,0,7.65,1,CRITICAL,HOLD / REJECT,train,True,,True
Power_MOSFET_0110,LOT_F06,Power MOSFET,Threshold Voltage (V),V,125.55,96,3.007118,2.0,4.5,healthy,3.027618,0.032219,-0.4291585886982845,0,7.65,1,CRITICAL,HOLD / REJECT,train,False,,True
Power_MOSFET_0110,LOT_F06,Power MOSFET,Threshold Voltage (V),V,125.53,168,2.904002,2.0,4.5,healthy,2.986493,0.0653260000000002,-0.8517193344148332,0,7.65,1,CRITICAL,HOLD / REJECT,train,False,2.904002,True
Power_MOSFET_0114,LOT_F06,Power MOSFET,Threshold Voltage (V),V,125.89,0,3.145828,2.0,4.5,healthy,3.136488,0.0269979999999998,0.2333411250282009,0,8.17,0,NORMAL,PASS,train,True,,True
Power_MOSFET_0114,LOT_F06,Power MOSFET,Threshold Voltage (V),V,126.27,24,3.132335,2.0,4.5,healthy,3.10219,0.0426449999999998,0.476785647659095,0,8.17,0,NORMAL,PASS,train,True,,True
Power_MOSFET_0114,LOT_F06,Power MOSFET,Threshold Voltage (V),V,126.15,96,3.059837,2.0,4.5,healthy,3.027618,0.032219,0.6744907594765952,0,8.17,0,NORMAL,PASS,train,False,,True
Power_MOSFET_0114,LOT_F06,Power MOSFET,Threshold Voltage (V),V,126.3,168,2.986493,2.0,4.5,healthy,2.986493,0.0653260000000002,0.0,0,8.17,0,NORMAL,PASS,train,False,2.986493,True
Power_MOSFET_0118,LOT_F06,Power MOSFET,Threshold Voltage (V),V,125.68,0,3.077593,2.0,4.5,lot_outlier,3.136488,0.0269979999999998,-1.471373186138765,0,20.04,0,NORMAL,PASS,train,True,,True
Power_MOSFET_0118,LOT_F06,Power MOSFET,Threshold Voltage (V),V,125.68,24,3.059545,2.0,4.5,lot_outlier,3.10219,0.0426449999999998,-0.6744907594765951,0,20.04,0,NORMAL,PASS,train,True,,True
Power_MOSFET_0118,LOT_F06,Power MOSFET,Threshold Voltage (V),V,126.01,96,3.027618,2.0,4.5,lot_outlier,3.027618,0.032219,0.0,0,20.04,0,NORMAL,PASS,train,False,,True
Power_MOSFET_0118,LOT_F06,Power MOSFET,Threshold Voltage (V),V,125.76,168,2.991327,2.0,4.5,lot_outlier,2.986493,0.0653260000000002,0.0499110359016318,0,20.04,0,NORMAL,PASS,train,False,2.991327,True
Power_MOSFET_0121,LOT_G07,Power MOSFET,Threshold Voltage (V),V,125.1,0,3.19832,2.0,4.5,latent_defect,3.16447,0.0241849999999996,0.9440360640183112,1,22.02,1,CRITICAL,HOLD / REJECT,train,True,,True
Power_MOSFET_0121,LOT_G07,Power MOSFET,Threshold Voltage (V),V,124.74,24,3.144429,2.0,4.5,latent_defect,3.139211,0.0052180000000001,0.6744907594765952,1,22.02,1,CRITICAL,HOLD / REJECT,train,True,,True
Power_MOSFET_0121,LOT_G07,Power MOSFET,Threshold Voltage (V),V,125.53,96,2.869129,2.0,4.5,latent_defect,3.026509,0.0527249999999996,-2.0133021474903194,1,22.02,1,CRITICAL,HOLD / REJECT,train,False,,True
Power_MOSFET_0121,LOT_G07,Power MOSFET,Threshold Voltage (V),V,125.13,168,2.57962,2.0,4.5,latent_defect,2.94131,0.0609929999999998,-3.9997469020230274,1,22.02,1,CRITICAL,HOLD / REJECT,train,False,2.57962,True
Power_MOSFET_0125,LOT_G07,Power MOSFET,Threshold Voltage (V),V,125.15,0,3.126709,2.0,4.5,healthy,3.16447,0.0241849999999996,-1.0531091820796423,1,69.18,0,HIGH,QA REVIEW,train,True,,True
Power_MOSFET_0125,LOT_G07,Power MOSFET,Threshold Voltage (V),V,125.48,24,3.094893,2.0,4.5,healthy,3.139211,0.0052180000000001,-5.728647274527184,1,69.18,0,HIGH,QA REVIEW,train,True,,True
Power_MOSFET_0125,LOT_G07,Power MOSFET,Threshold Voltage (V),V,124.93,96,3.026509,2.0,4.5,healthy,3.026509,0.0527249999999996,0.0,1,69.18,0,HIGH,QA REVIEW,train,False,,True
Power_MOSFET_0125,LOT_G07,Power MOSFET,Threshold Voltage (V),V,125.25,168,2.949598,2.0,4.5,healthy,2.94131,0.0609929999999998,0.0916528030190666,1,69.18,0,HIGH,QA REVIEW,train,False,2.949598,True
Power_MOSFET_0129,LOT_G07,Power MOSFET,Threshold Voltage (V),V,125.07,0,3.16447,2.0,4.5,healthy,3.16447,0.0241849999999996,0.0,0,6.98,0,NORMAL,PASS,train,True,,True
Power_MOSFET_0129,LOT_G07,Power MOSFET,Threshold Voltage (V),V,125.91,24,3.140392,2.0,4.5,healthy,3.139211,0.0052180000000001,0.1526587939712055,0,6.98,0,NORMAL,PASS,train,True,,True
Power_MOSFET_0129,LOT_G07,Power MOSFET,Threshold Voltage (V),V,125.02,96,3.080991,2.0,4.5,healthy,3.026509,0.0527249999999996,0.6969673884837208,0,6.98,0,NORMAL,PASS,train,False,,True
Power_MOSFET_0129,LOT_G07,Power MOSFET,Threshold Voltage (V),V,124.82,168,3.002303,2.0,4.5,healthy,2.94131,0.0609929999999998,0.6744907594765952,0,6.98,0,NORMAL,PASS,train,False,3.002303,True
Power_MOSFET_0133,LOT_G07,Power MOSFET,Threshold Voltage (V),V,125.52,0,3.188655,2.0,4.5,healthy,3.16447,0.0241849999999996,0.6744907594765952,0,18.16,1,CRITICAL,HOLD / REJECT,train,True,,True
Power_MOSFET_0133,LOT_G07,Power MOSFET,Threshold Voltage (V),V,125.25,24,3.139211,2.0,4.5,healthy,3.139211,0.0052180000000001,0.0,0,18.16,1,CRITICAL,HOLD / REJECT,train,True,,True
Power_MOSFET_0133,LOT_G07,Power MOSFET,Threshold Voltage (V),V,125.22,96,2.973784,2.0,4.5,healthy,3.026509,0.0527249999999996,-0.6744907594765952,0,18.16,1,CRITICAL,HOLD / REJECT,train,False,,True
Power_MOSFET_0133,LOT_G07,Power MOSFET,Threshold Voltage (V),V,125.33,168,2.798108,2.0,4.5,healthy,2.94131,0.0609929999999998,-1.583598539808956,0,18.16,1,CRITICAL,HOLD / REJECT,train,False,2.798108,True
Power_MOSFET_0137,LOT_G07,Power MOSFET,Threshold Voltage (V),V,124.8,0,3.163136,2.0,4.5,healthy,3.16447,0.0241849999999996,-0.0372036664520055,0,18.53,1,CRITICAL,HOLD / REJECT,train,True,,True
Power_MOSFET_0137,LOT_G07,Power MOSFET,Threshold Voltage (V),V,125.05,24,3.131047,2.0,4.5,healthy,3.139211,0.0052180000000001,-1.0552975393573472,0,18.53,1,CRITICAL,HOLD / REJECT,train,True,,True
Power_MOSFET_0137,LOT_G07,Power MOSFET,Threshold Voltage (V),V,125.02,96,3.039674,2.0,4.5,healthy,3.026509,0.0527249999999996,0.1684148098342274,0,18.53,1,CRITICAL,HOLD / REJECT,train,False,,True
Power_MOSFET_0137,LOT_G07,Power MOSFET,Threshold Voltage (V),V,125.3,168,2.94131,2.0,4.5,healthy,2.94131,0.0609929999999998,0.0,0,18.53,1,CRITICAL,HOLD / REJECT,train,False,2.94131,True
Power_MOSFET_0144,LOT_H08,Power MOSFET,Threshold Voltage (V),V,120.99,0,3.225522,2.0,4.5,sudden_jump,3.23013,0.0087410000000001,-0.3555718361363945,0,10.76,1,CRITICAL,HOLD / REJECT,train,True,,True
Power_MOSFET_0144,LOT_H08,Power MOSFET,Threshold Voltage (V),V,120.82,24,3.193686,2.0,4.5,sudden_jump,3.193686,0.0169389999999998,0.0,0,10.76,1,CRITICAL,HOLD / REJECT,train,True,,True
Power_MOSFET_0144,LOT_H08,Power MOSFET,Threshold Voltage (V),V,120.58,96,2.817599,2.0,4.5,sudden_jump,2.84687,0.0597729999999998,-0.3302999518284091,0,10.76,1,CRITICAL,HOLD / REJECT,train,False,,True
Power_MOSFET_0144,LOT_H08,Power MOSFET,Threshold Voltage (V),V,121.05,168,2.681876,2.0,4.5,sudden_jump,2.709884,0.1434249999999997,-0.1317143956173658,0,10.76,1,CRITICAL,HOLD / REJECT,train,False,2.681876,True
Power_MOSFET_0148,LOT_H08,Power MOSFET,Threshold Voltage (V),V,120.45,0,3.02246,2.0,4.5,lot_outlier,3.23013,0.0087410000000001,-16.024653474488346,1,100.0,0,CRITICAL,HOLD / REJECT,train,True,,True
Power_MOSFET_0148,LOT_H08,Power MOSFET,Threshold Voltage (V),V,121.18,24,2.980761,2.0,4.5,lot_outlier,3.193686,0.0169389999999998,-8.478419325907991,1,100.0,0,CRITICAL,HOLD / REJECT,train,True,,True
Power_MOSFET_0148,LOT_H08,Power MOSFET,Threshold Voltage (V),V,121.01,96,2.906643,2.0,4.5,lot_outlier,2.84687,0.0597729999999998,0.6744907594765952,1,100.0,0,CRITICAL,HOLD / REJECT,train,False,,True
Power_MOSFET_0148,LOT_H08,Power MOSFET,Threshold Voltage (V),V,121.83,168,2.853309,2.0,4.5,lot_outlier,2.709884,0.1434249999999997,0.6744907594765952,1,100.0,0,CRITICAL,HOLD / REJECT,train,False,2.853309,True
Power_MOSFET_0152,LOT_H08,Power MOSFET,Threshold Voltage (V),V,121.17,0,3.238871,2.0,4.5,sudden_jump,3.23013,0.0087410000000001,0.6744907594765952,0,13.41,1,CRITICAL,HOLD / REJECT,train,True,,True
Power_MOSFET_0152,LOT_H08,Power MOSFET,Threshold Voltage (V),V,120.94,24,3.210625,2.0,4.5,sudden_jump,3.193686,0.0169389999999998,0.6744907594765952,0,13.41,1,CRITICAL,HOLD / REJECT,train,True,,True
Power_MOSFET_0152,LOT_H08,Power MOSFET,Threshold Voltage (V),V,121.25,96,2.84687,2.0,4.5,sudden_jump,2.84687,0.0597729999999998,0.0,0,13.41,1,CRITICAL,HOLD / REJECT,train,False,,True
Power_MOSFET_0152,LOT_H08,Power MOSFET,Threshold Voltage (V),V,120.65,168,2.709884,2.0,4.5,sudden_jump,2.709884,0.1434249999999997,0.0,0,13.41,1,CRITICAL,HOLD / REJECT,train,False,2.709884,True
Power_MOSFET_0156,LOT_H08,Power MOSFET,Threshold Voltage (V),V,119.89,0,3.23013,2.0,4.5,healthy,3.23013,0.0087410000000001,0.0,0,9.08,0,NORMAL,PASS,train,True,,True
Power_MOSFET_0156,LOT_H08,Power MOSFET,Threshold Voltage (V),V,121.77,24,3.199212,2.0,4.5,healthy,3.193686,0.0169389999999998,0.2200387234705591,0,9.08,0,NORMAL,PASS,train,True,,True
Power_MOSFET_0156,LOT_H08,Power MOSFET,Threshold Voltage (V),V,120.71,96,3.124697,2.0,4.5,healthy,2.84687,0.0597729999999998,3.135056701739989,0,9.08,0,NORMAL,PASS,train,False,,True
Power_MOSFET_0156,LOT_H08,Power MOSFET,Threshold Voltage (V),V,120.81,168,3.049193,2.0,4.5,healthy,2.709884,0.1434249999999997,1.5956826571883862,0,9.08,0,NORMAL,PASS,train,False,3.049193,True
Power_MOSFET_0160,LOT_H08,Power MOSFET,Threshold Voltage (V),V,121.01,0,3.244116,2.0,4.5,gradual_drift,3.23013,0.0087410000000001,1.0792160807733189,1,63.07,1,CRITICAL,HOLD / REJECT,train,True,,True
Power_MOSFET_0160,LOT_H08,Power MOSFET,Threshold Voltage (V),V,121.45,24,3.113047,2.0,4.5,gradual_drift,3.193686,0.0169389999999998,-3.2109487191353585,1,63.07,1,CRITICAL,HOLD / REJECT,train,True,,True
Power_MOSFET_0160,LOT_H08,Power MOSFET,Threshold Voltage (V),V,120.95,96,2.738864,2.0,4.5,gradual_drift,2.84687,0.0597729999999998,-1.218761798270613,1,63.07,1,CRITICAL,HOLD / REJECT,train,False,,True
Power_MOSFET_0160,LOT_H08,Power MOSFET,Threshold Voltage (V),V,120.83,168,2.369146,2.0,4.5,gradual_drift,2.709884,0.1434249999999997,-1.6024028753880886,1,63.07,1,CRITICAL,HOLD / REJECT,train,False,2.369146,True
Power_MOSFET_0163,LOT_I09,Power MOSFET,Threshold Voltage (V),V,127.64,0,2.958609,2.0,4.5,lot_outlier,3.124851,0.0630609999999998,-1.778098869934008,0,27.57,0,NORMAL,PASS,validation,True,,True
Power_MOSFET_0163,LOT_I09,Power MOSFET,Threshold Voltage (V),V,127.21,24,2.92351,2.0,4.5,lot_outlier,3.08628,0.0788790000000001,-1.391838904144389,0,27.57,0,NORMAL,PASS,validation,True,,True
Power_MOSFET_0163,LOT_I09,Power MOSFET,Threshold Voltage (V),V,128.36,96,2.857209,2.0,4.5,lot_outlier,2.982175,0.0990220000000001,-0.851208945979195,0,27.57,0,NORMAL,PASS,validation,False,,True
Power_MOSFET_0163,LOT_I09,Power MOSFET,Threshold Voltage (V),V,127.92,168,2.782377,2.0,4.5,lot_outlier,2.882226,0.1160019999999999,-0.5805695405508421,0,27.57,0,NORMAL,PASS,validation,False,2.782377,True
Power_MOSFET_0167,LOT_I09,Power MOSFET,Threshold Voltage (V),V,127.68,0,3.190741,2.0,4.5,healthy,3.124851,0.0630609999999998,0.704749308477712,0,14.12,0,NORMAL,PASS,validation,True,,True
Power_MOSFET_0167,LOT_I09,Power MOSFET,Threshold Voltage (V),V,127.08,24,3.161165,2.0,4.5,healthy,3.08628,0.0788790000000001,0.6403382462176853,0,14.12,0,NORMAL,PASS,validation,True,,True
Power_MOSFET_0167,LOT_I09,Power MOSFET,Threshold Voltage (V),V,126.59,96,3.081197,2.0,4.5,healthy,2.982175,0.0990220000000001,0.6744907594765953,0,14.12,0,NORMAL,PASS,validation,False,,True
Power_MOSFET_0167,LOT_I09,Power MOSFET,Threshold Voltage (V),V,127.9,168,2.998228,2.0,4.5,healthy,2.882226,0.1160019999999999,0.6744907594765952,0,14.12,0,NORMAL,PASS,validation,False,2.998228,True
Power_MOSFET_0171,LOT_I09,Power MOSFET,Threshold Voltage (V),V,127.28,0,3.187912,2.0,4.5,healthy,3.124851,0.0630609999999998,0.6744907594765952,0,12.3,0,NORMAL,PASS,validation,True,,True
Power_MOSFET_0171,LOT_I09,Power MOSFET,Threshold Voltage (V),V,127.32,24,3.165159,2.0,4.5,healthy,3.08628,0.0788790000000001,0.6744907594765952,0,12.3,0,NORMAL,PASS,validation,True,,True
Power_MOSFET_0171,LOT_I09,Power MOSFET,Threshold Voltage (V),V,127.36,96,3.078423,2.0,4.5,healthy,2.982175,0.0990220000000001,0.6555955910616157,0,12.3,0,NORMAL,PASS,validation,False,,True
Power_MOSFET_0171,LOT_I09,Power MOSFET,Threshold Voltage (V),V,127.34,168,3.005356,2.0,4.5,healthy,2.882226,0.1160019999999999,0.7159363391523683,0,12.3,0,NORMAL,PASS,validation,False,3.005356,True
Power_MOSFET_0175,LOT_I09,Power MOSFET,Threshold Voltage (V),V,127.18,0,3.110642,2.0,4.5,gradual_drift,3.124851,0.0630609999999998,-0.1519772791646669,1,31.41,1,CRITICAL,HOLD / REJECT,validation,True,,True
Power_MOSFET_0175,LOT_I09,Power MOSFET,Threshold Voltage (V),V,127.82,24,3.004649,2.0,4.5,gradual_drift,3.08628,0.0788790000000001,-0.6980229869399168,1,31.41,1,CRITICAL,HOLD / REJECT,validation,True,,True
Power_MOSFET_0175,LOT_I09,Power MOSFET,Threshold Voltage (V),V,127.85,96,2.6621,2.0,4.5,gradual_drift,2.982175,0.0990220000000001,-2.1801986411047105,1,31.41,1,CRITICAL,HOLD / REJECT,validation,False,,True
Power_MOSFET_0175,LOT_I09,Power MOSFET,Threshold Voltage (V),V,127.74,168,2.320432,2.0,4.5,gradual_drift,2.882226,0.1160019999999999,-3.2665373159893343,1,31.41,1,CRITICAL,HOLD / REJECT,validation,False,2.320432,True
Power_MOSFET_0179,LOT_I09,Power MOSFET,Threshold Voltage (V),V,127.5,0,3.124851,2.0,4.5,healthy,3.124851,0.0630609999999998,0.0,0,8.64,1,CRITICAL,HOLD / REJECT,validation,True,,True
Power_MOSFET_0179,LOT_I09,Power MOSFET,Threshold Voltage (V),V,127.17,24,3.08628,2.0,4.5,healthy,3.08628,0.0788790000000001,0.0,0,8.64,1,CRITICAL,HOLD / REJECT,validation,True,,True
Power_MOSFET_0179,LOT_I09,Power MOSFET,Threshold Voltage (V),V,127.03,96,2.982175,2.0,4.5,healthy,2.982175,0.0990220000000001,0.0,0,8.64,1,CRITICAL,HOLD / REJECT,validation,False,,True
Power_MOSFET_0179,LOT_I09,Power MOSFET,Threshold Voltage (V),V,128.19,168,2.882226,2.0,4.5,healthy,2.882226,0.1160019999999999,0.0,0,8.64,1,CRITICAL,HOLD / REJECT,validation,False,2.882226,True
Power_MOSFET_0182,LOT_J10,Power MOSFET,Threshold Voltage (V),V,123.61,0,3.204338,2.0,4.5,healthy,3.253344,0.0474130000000001,-0.6971525564488609,0,15.88,0,NORMAL,PASS,validation,True,,True
Power_MOSFET_0182,LOT_J10,Power MOSFET,Threshold Voltage (V),V,123.8,24,3.166207,2.0,4.5,healthy,3.204565,0.0383580000000001,-0.6744907594765952,0,15.88,0,NORMAL,PASS,validation,True,,True
Power_MOSFET_0182,LOT_J10,Power MOSFET,Threshold Voltage (V),V,124.12,96,3.105376,2.0,4.5,healthy,3.105376,0.0505340000000003,0.0,0,15.88,0,NORMAL,PASS,validation,False,,True
Power_MOSFET_0182,LOT_J10,Power MOSFET,Threshold Voltage (V),V,124.97,168,3.033832,2.0,4.5,healthy,2.999555,0.0922519999999997,0.2506126670704075,0,15.88,0,NORMAL,PASS,validation,False,3.033832,True
Power_MOSFET_0186,LOT_J10,Power MOSFET,Threshold Voltage (V),V,123.57,0,3.25758,2.0,4.5,healthy,3.253344,0.0474130000000001,0.0602607482577127,0,12.04,1,CRITICAL,HOLD / REJECT,validation,True,,True
Power_MOSFET_0186,LOT_J10,Power MOSFET,Threshold Voltage (V),V,124.58,24,3.204565,2.0,4.5,healthy,3.204565,0.0383580000000001,0.0,0,12.04,1,CRITICAL,HOLD / REJECT,validation,True,,True
Power_MOSFET_0186,LOT_J10,Power MOSFET,Threshold Voltage (V),V,124.0,96,3.054842,2.0,4.5,healthy,3.105376,0.0505340000000003,-0.6744907594765952,0,12.04,1,CRITICAL,HOLD / REJECT,validation,False,,True
Power_MOSFET_0186,LOT_J10,Power MOSFET,Threshold Voltage (V),V,124.78,168,2.907303,2.0,4.5,healthy,2.999555,0.0922519999999997,-0.6744907594765952,0,12.04,1,CRITICAL,HOLD / REJECT,validation,False,2.907303,True
Power_MOSFET_0190,LOT_J10,Power MOSFET,Threshold Voltage (V),V,124.34,0,3.13803,2.0,4.5,healthy,3.253344,0.0474130000000001,-1.6404409642562936,0,26.49,1,CRITICAL,HOLD / REJECT,validation,True,,True
Power_MOSFET_0190,LOT_J10,Power MOSFET,Threshold Voltage (V),V,124.3,24,3.104636,2.0,4.5,healthy,3.204565,0.0383580000000001,-1.7571611424927378,0,26.49,1,CRITICAL,HOLD / REJECT,validation,True,,True
Power_MOSFET_0190,LOT_J10,Power MOSFET,Threshold Voltage (V),V,124.64,96,2.997774,2.0,4.5,healthy,3.105376,0.0505340000000003,-1.4361925575097985,0,26.49,1,CRITICAL,HOLD / REJECT,validation,False,,True
Power_MOSFET_0190,LOT_J10,Power MOSFET,Threshold Voltage (V),V,124.5,168,2.893916,2.0,4.5,healthy,2.999555,0.0922519999999997,-0.7723683967865004,0,26.49,1,CRITICAL,HOLD / REJECT,validation,False,2.893916,True
Power_MOSFET_0194,LOT_J10,Power MOSFET,Threshold Voltage (V),V,125.2,0,3.253344,2.0,4.5,healthy,3.253344,0.0474130000000001,0.0,0,9.93,0,NORMAL,PASS,validation,True,,True
Power_MOSFET_0194,LOT_J10,Power MOSFET,Threshold Voltage (V),V,123.75,24,3.22766,2.0,4.5,healthy,3.204565,0.0383580000000001,0.4061047001958386,0,9.93,0,NORMAL,PASS,validation,True,,True
Power_MOSFET_0194,LOT_J10,Power MOSFET,Threshold Voltage (V),V,124.56,96,3.164693,2.0,4.5,healthy,3.105376,0.0505340000000003,0.7917198001320498,0,9.93,0,NORMAL,PASS,validation,False,,True
Power_MOSFET_0194,LOT_J10,Power MOSFET,Threshold Voltage (V),V,124.72,168,3.093538,2.0,4.5,healthy,2.999555,0.0922519999999997,0.6871467832446895,0,9.93,0,NORMAL,PASS,validation,False,3.093538,True
Power_MOSFET_0198,LOT_J10,Power MOSFET,Threshold Voltage (V),V,124.0,0,3.300757,2.0,4.5,healthy,3.253344,0.0474130000000001,0.6744907594765952,0,19.3,1,CRITICAL,HOLD / REJECT,validation,True,,True
Power_MOSFET_0198,LOT_J10,Power MOSFET,Threshold Voltage (V),V,124.66,24,3.255719,2.0,4.5,healthy,3.204565,0.0383580000000001,0.8994968535967881,0,19.3,1,CRITICAL,HOLD / REJECT,validation,True,,True
Power_MOSFET_0198,LOT_J10,Power MOSFET,Threshold Voltage (V),V,124.13,96,3.121915,2.0,4.5,healthy,3.105376,0.0505340000000003,0.2207504387339859,0,19.3,1,CRITICAL,HOLD / REJECT,validation,False,,True
Power_MOSFET_0198,LOT_J10,Power MOSFET,Threshold Voltage (V),V,123.34,168,2.999555,2.0,4.5,healthy,2.999555,0.0922519999999997,0.0,0,19.3,1,CRITICAL,HOLD / REJECT,validation,False,2.999555,True
Power_MOSFET_0201,LOT_K11,Power MOSFET,Threshold Voltage (V),V,126.13,0,3.197466,2.0,4.5,latent_defect,3.17226,0.0252059999999998,0.6744907594765952,1,21.44,1,CRITICAL,HOLD / REJECT,test,True,,True
Power_MOSFET_0201,LOT_K11,Power MOSFET,Threshold Voltage (V),V,125.67,24,3.132917,2.0,4.5,latent_defect,3.112989,0.0199280000000001,0.6744907594765952,1,21.44,1,CRITICAL,HOLD / REJECT,test,True,,True
Power_MOSFET_0201,LOT_K11,Power MOSFET,Threshold Voltage (V),V,124.75,96,2.867178,2.0,4.5,latent_defect,2.867178,0.0743,0.0,1,21.44,1,CRITICAL,HOLD / REJECT,test,False,,True
Power_MOSFET_0201,LOT_K11,Power MOSFET,Threshold Voltage (V),V,125.42,168,2.597348,2.0,4.5,latent_defect,2.693964,0.1307210000000003,-0.4985166822284889,1,21.44,1,CRITICAL,HOLD / REJECT,test,False,2.597348,True
Power_MOSFET_0205,LOT_K11,Power MOSFET,Threshold Voltage (V),V,125.17,0,2.947465,2.0,4.5,lot_outlier,3.17226,0.0252059999999998,-6.015319776106577,1,87.72,1,CRITICAL,HOLD / REJECT,test,True,,True
Power_MOSFET_0205,LOT_K11,Power MOSFET,Threshold Voltage (V),V,125.74,24,2.902735,2.0,4.5,lot_outlier,3.112989,0.0199280000000001,-7.1163378233134695,1,87.72,1,CRITICAL,HOLD / REJECT,test,True,,True
Power_MOSFET_0205,LOT_K11,Power MOSFET,Threshold Voltage (V),V,125.75,96,2.792878,2.0,4.5,lot_outlier,2.867178,0.0743,-0.6744907594765952,1,87.72,1,CRITICAL,HOLD / REJECT,test,False,,True
Power_MOSFET_0205,LOT_K11,Power MOSFET,Threshold Voltage (V),V,125.4,168,2.693964,2.0,4.5,lot_outlier,2.693964,0.1307210000000003,0.0,1,87.72,1,CRITICAL,HOLD / REJECT,test,False,2.693964,True
Power_MOSFET_0209,LOT_K11,Power MOSFET,Threshold Voltage (V),V,125.89,0,3.17226,2.0,4.5,latent_defect,3.17226,0.0252059999999998,0.0,1,13.08,1,CRITICAL,HOLD / REJECT,test,True,,True
Power_MOSFET_0209,LOT_K11,Power MOSFET,Threshold Voltage (V),V,125.94,24,3.112989,2.0,4.5,latent_defect,3.112989,0.0199280000000001,0.0,1,13.08,1,CRITICAL,HOLD / REJECT,test,True,,True
Power_MOSFET_0209,LOT_K11,Power MOSFET,Threshold Voltage (V),V,125.5,96,2.840794,2.0,4.5,latent_defect,2.867178,0.0743,-0.2395123041457685,1,13.08,1,CRITICAL,HOLD / REJECT,test,False,,True
Power_MOSFET_0209,LOT_K11,Power MOSFET,Threshold Voltage (V),V,124.89,168,2.533866,2.0,4.5,latent_defect,2.693964,0.1307210000000003,-0.8260694273351905,1,13.08,1,CRITICAL,HOLD / REJECT,test,False,2.533866,True
Power_MOSFET_0213,LOT_K11,Power MOSFET,Threshold Voltage (V),V,125.7,0,3.143655,2.0,4.5,healthy,3.17226,0.0252059999999998,-0.765445059701193,0,16.14,1,CRITICAL,HOLD / REJECT,test,True,,True
Power_MOSFET_0213,LOT_K11,Power MOSFET,Threshold Voltage (V),V,125.99,24,3.10843,2.0,4.5,healthy,3.112989,0.0199280000000001,-0.1543056690312002,0,16.14,1,CRITICAL,HOLD / REJECT,test,True,,True
Power_MOSFET_0213,LOT_K11,Power MOSFET,Threshold Voltage (V),V,125.85,96,2.971328,2.0,4.5,healthy,2.867178,0.0743,0.94546719514788,0,16.14,1,CRITICAL,HOLD / REJECT,test,False,,True
Power_MOSFET_0213,LOT_K11,Power MOSFET,Threshold Voltage (V),V,126.34,168,2.824685,2.0,4.5,healthy,2.693964,0.1307210000000003,0.6744907594765952,0,16.14,1,CRITICAL,HOLD / REJECT,test,False,2.824685,True
Power_MOSFET_0217,LOT_K11,Power MOSFET,Threshold Voltage (V),V,125.59,0,3.192835,2.0,4.5,healthy,3.17226,0.0252059999999998,0.5505692048016758,0,22.69,1,CRITICAL,HOLD / REJECT,test,True,,True
Power_MOSFET_0217,LOT_K11,Power MOSFET,Threshold Voltage (V),V,125.88,24,3.148161,2.0,4.5,healthy,3.112989,0.0199280000000001,1.1904450518020244,0,22.69,1,CRITICAL,HOLD / REJECT,test,True,,True
Power_MOSFET_0217,LOT_K11,Power MOSFET,Threshold Voltage (V),V,125.62,96,3.029593,2.0,4.5,healthy,2.867178,0.0743,1.4743932261156298,0,22.69,1,CRITICAL,HOLD / REJECT,test,False,,True
Power_MOSFET_0217,LOT_K11,Power MOSFET,Threshold Voltage (V),V,126.35,168,2.915319,2.0,4.5,healthy,2.693964,0.1307210000000003,1.14214167627192,0,22.69,1,CRITICAL,HOLD / REJECT,test,False,2.915319,True
Power_MOSFET_0224,LOT_L12,Power MOSFET,Threshold Voltage (V),V,129.81,0,3.113022,2.0,4.5,healthy,3.192113,0.041188,-1.295186672277445,0,37.85,0,REVIEW,QA REVIEW,test,True,,True
Power_MOSFET_0224,LOT_L12,Power MOSFET,Threshold Voltage (V),V,130.21,24,3.080093,2.0,4.5,healthy,3.19193,0.0268429999999999,-2.810156207114857,0,37.85,0,REVIEW,QA REVIEW,test,True,,True
Power_MOSFET_0224,LOT_L12,Power MOSFET,Threshold Voltage (V),V,130.2,96,3.016152,2.0,4.5,healthy,3.150668,0.031962,-2.8386771479179527,0,37.85,0,REVIEW,QA REVIEW,test,False,,True
Power_MOSFET_0224,LOT_L12,Power MOSFET,Threshold Voltage (V),V,129.51,168,2.955865,2.0,4.5,healthy,3.072944,0.1170789999999999,-0.6744907594765952,0,37.85,0,REVIEW,QA REVIEW,test,False,2.955865,True
Power_MOSFET_0228,LOT_L12,Power MOSFET,Threshold Voltage (V),V,129.59,0,3.295584,2.0,4.5,healthy,3.192113,0.041188,1.6944312269059605,0,26.87,1,CRITICAL,HOLD / REJECT,test,True,,True
Power_MOSFET_0228,LOT_L12,Power MOSFET,Threshold Voltage (V),V,130.3,24,3.255486,2.0,4.5,healthy,3.19193,0.0268429999999999,1.596987471940334,0,26.87,1,CRITICAL,HOLD / REJECT,test,True,,True
Power_MOSFET_0228,LOT_L12,Power MOSFET,Threshold Voltage (V),V,130.41,96,3.161581,2.0,4.5,healthy,3.150668,0.031962,0.2302959032028045,0,26.87,1,CRITICAL,HOLD / REJECT,test,False,,True
Power_MOSFET_0228,LOT_L12,Power MOSFET,Threshold Voltage (V),V,129.3,168,3.072944,2.0,4.5,healthy,3.072944,0.1170789999999999,0.0,0,26.87,1,CRITICAL,HOLD / REJECT,test,False,3.072944,True
Power_MOSFET_0232,LOT_L12,Power MOSFET,Threshold Voltage (V),V,130.23,0,3.192113,2.0,4.5,healthy,3.192113,0.041188,0.0,0,0.04,0,NORMAL,PASS,test,True,,True
Power_MOSFET_0232,LOT_L12,Power MOSFET,Threshold Voltage (V),V,129.41,24,3.19193,2.0,4.5,healthy,3.19193,0.0268429999999999,0.0,0,0.04,0,NORMAL,PASS,test,True,,True
Power_MOSFET_0232,LOT_L12,Power MOSFET,Threshold Voltage (V),V,129.65,96,3.18263,2.0,4.5,healthy,3.150668,0.031962,0.6744907594765952,0,0.04,0,NORMAL,PASS,test,False,,True
Power_MOSFET_0232,LOT_L12,Power MOSFET,Threshold Voltage (V),V,130.31,168,3.195272,2.0,4.5,healthy,3.072944,0.1170789999999999,0.7047301875251153,0,0.04,0,NORMAL,PASS,test,False,3.195272,True
Power_MOSFET_0236,LOT_L12,Power MOSFET,Threshold Voltage (V),V,129.96,0,3.233301,2.0,4.5,healthy,3.192113,0.041188,0.6744907594765952,0,14.58,0,NORMAL,PASS,test,True,,True
Power_MOSFET_0236,LOT_L12,Power MOSFET,Threshold Voltage (V),V,129.15,24,3.199698,2.0,4.5,healthy,3.19193,0.0268429999999999,0.1951884744482434,0,14.58,0,NORMAL,PASS,test,True,,True
Power_MOSFET_0236,LOT_L12,Power MOSFET,Threshold Voltage (V),V,129.74,96,3.150668,2.0,4.5,healthy,3.150668,0.031962,0.0,0,14.58,0,NORMAL,PASS,test,False,,True
Power_MOSFET_0236,LOT_L12,Power MOSFET,Threshold Voltage (V),V,130.27,168,3.094981,2.0,4.5,healthy,3.072944,0.1170789999999999,0.1269549011059694,0,14.58,0,NORMAL,PASS,test,False,3.094981,True
Power_MOSFET_0240,LOT_L12,Power MOSFET,Threshold Voltage (V),V,129.9,0,3.187795,2.0,4.5,sudden_jump,3.192113,0.041188,-0.0707111561479063,0,12.29,1,CRITICAL,HOLD / REJECT,test,True,,True
Power_MOSFET_0240,LOT_L12,Power MOSFET,Threshold Voltage (V),V,129.74,24,3.165087,2.0,4.5,sudden_jump,3.19193,0.0268429999999999,-0.6744907594765952,0,12.29,1,CRITICAL,HOLD / REJECT,test,True,,True
Power_MOSFET_0240,LOT_L12,Power MOSFET,Threshold Voltage (V),V,130.14,96,2.809633,2.0,4.5,sudden_jump,3.150668,0.031962,-7.196826110947389,0,12.29,1,CRITICAL,HOLD / REJECT,test,False,,True
Power_MOSFET_0240,LOT_L12,Power MOSFET,Threshold Voltage (V),V,130.25,168,2.693849,2.0,4.5,sudden_jump,3.072944,0.1170789999999999,-2.183961892942201,0,12.29,1,CRITICAL,HOLD / REJECT,test,False,2.693849,True
RF_MMIC_0004,LOT_A01,RF MMIC,Supply Current (mA),mA,122.02,0,46.782268,35.0,65.0,healthy,74.089505,27.8672405,-0.6609365941108298,0,23.74,0,NORMAL,PASS,train,True,,True
RF_MMIC_0004,LOT_A01,RF MMIC,Supply Current (mA),mA,121.69,24,47.87979,35.0,65.0,healthy,76.9284575,29.010908,-0.6753686511245386,0,23.74,0,NORMAL,PASS,train,True,,True
RF_MMIC_0004,LOT_A01,RF MMIC,Supply Current (mA),mA,121.92,96,50.546185,35.0,65.0,healthy,86.5037595,33.02880999999999,-0.7342998955590969,0,23.74,0,NORMAL,PASS,train,False,,True
RF_MMIC_0004,LOT_A01,RF MMIC,Supply Current (mA),mA,121.44,168,53.690699,35.0,65.0,healthy,96.8703165,33.808141500000005,-0.8614567884923185,0,23.74,0,NORMAL,PASS,train,False,53.690699,True
RF_MMIC_0008,LOT_A01,RF MMIC,Supply Current (mA),mA,121.75,0,47.690427,35.0,65.0,accelerating_drift,74.089505,27.8672405,-0.6389557720902389,1,34.34,1,CRITICAL,HOLD / REJECT,train,True,,True
RF_MMIC_0008,LOT_A01,RF MMIC,Supply Current (mA),mA,121.62,24,49.558446,35.0,65.0,accelerating_drift,76.9284575,29.010908,-0.6363406427512761,1,34.34,1,CRITICAL,HOLD / REJECT,train,True,,True
RF_MMIC_0008,LOT_A01,RF MMIC,Supply Current (mA),mA,121.04,96,59.798993,35.0,65.0,accelerating_drift,86.5037595,33.02880999999999,-0.5453456615067312,1,34.34,1,CRITICAL,HOLD / REJECT,train,False,,True
RF_MMIC_0008,LOT_A01,RF MMIC,Supply Current (mA),mA,121.41,168,73.217574,35.0,65.0,accelerating_drift,96.8703165,33.808141500000005,-0.4718850414338611,1,34.34,1,CRITICAL,HOLD / REJECT,train,False,73.217574,False
RF_MMIC_0012,LOT_A01,RF MMIC,Supply Current (mA),mA,121.86,0,45.102588,35.0,65.0,healthy,74.089505,27.8672405,-0.7015910908801691,0,29.16,0,NORMAL,PASS,train,True,,True
RF_MMIC_0012,LOT_A01,RF MMIC,Supply Current (mA),mA,120.78,24,46.487681,35.0,65.0,healthy,76.9284575,29.010908,-0.7077345686850713,0,29.16,0,NORMAL,PASS,train,True,,True
RF_MMIC_0012,LOT_A01,RF MMIC,Supply Current (mA),mA,121.35,96,50.631087,35.0,65.0,healthy,86.5037595,33.02880999999999,-0.7325660875756703,0,29.16,0,NORMAL,PASS,train,False,,True
RF_MMIC_0012,LOT_A01,RF MMIC,Supply Current (mA),mA,120.92,168,54.414188,35.0,65.0,healthy,96.8703165,33.808141500000005,-0.8470227905429499,0,29.16,0,NORMAL,PASS,train,False,54.414188,True
RF_MMIC_0016,LOT_A01,RF MMIC,Supply Current (mA),mA,121.61,0,47.341028,35.0,65.0,accelerating_drift,74.089505,27.8672405,-0.6474125260652284,1,42.01,1,CRITICAL,HOLD / REJECT,train,True,,True
RF_MMIC_0016,LOT_A01,RF MMIC,Supply Current (mA),mA,120.71,24,50.110357,35.0,65.0,accelerating_drift,76.9284575,29.010908,-0.6235089564919738,1,42.01,1,CRITICAL,HOLD / REJECT,train,True,,True
RF_MMIC_0016,LOT_A01,RF MMIC,Supply Current (mA),mA,122.03,96,62.51795,35.0,65.0,accelerating_drift,86.5037595,33.02880999999999,-0.4898210642864801,1,42.01,1,CRITICAL,HOLD / REJECT,train,False,,True
RF_MMIC_0016,LOT_A01,RF MMIC,Supply Current (mA),mA,121.72,168,77.330473,35.0,65.0,accelerating_drift,96.8703165,33.808141500000005,-0.3898304756671943,1,42.01,1,CRITICAL,HOLD / REJECT,train,False,77.330473,False
RF_MMIC_0020,LOT_A01,RF MMIC,Supply Current (mA),mA,121.06,0,46.481213,35.0,65.0,healthy,74.089505,27.8672405,-0.668223243666039,0,18.49,0,NORMAL,PASS,train,True,,True
RF_MMIC_0020,LOT_A01,RF MMIC,Supply Current (mA),mA,121.6,24,47.212274,35.0,65.0,healthy,76.9284575,29.010908,-0.6908881024220567,0,18.49,0,NORMAL,PASS,train,True,,True
RF_MMIC_0020,LOT_A01,RF MMIC,Supply Current (mA),mA,121.35,96,49.485146,35.0,65.0,healthy,86.5037595,33.02880999999999,-0.7559676759285467,0,18.49,0,NORMAL,PASS,train,False,,True
RF_MMIC_0020,LOT_A01,RF MMIC,Supply Current (mA),mA,121.73,168,51.752516,35.0,65.0,healthy,96.8703165,33.808141500000005,-0.9001245905563459,0,18.49,0,NORMAL,PASS,train,False,51.752516,True
RF_MMIC_0023,LOT_B02,RF MMIC,Supply Current (mA),mA,123.51,0,45.968109,35.0,65.0,healthy,74.2285325,28.3434895,-0.6725140357063382,0,19.39,0,NORMAL,PASS,train,True,,True
RF_MMIC_0023,LOT_B02,RF MMIC,Supply Current (mA),mA,124.28,24,46.755498,35.0,65.0,healthy,76.25891899999999,29.11558949999999,-0.6834752508599466,0,19.39,0,NORMAL,PASS,train,True,,True
RF_MMIC_0023,LOT_B02,RF MMIC,Supply Current (mA),mA,124.09,96,48.79586,35.0,65.0,healthy,81.74678449999999,32.77209199999999,-0.6781713566366454,0,19.39,0,NORMAL,PASS,train,False,,True
RF_MMIC_0023,LOT_B02,RF MMIC,Supply Current (mA),mA,123.71,168,50.564993,35.0,65.0,healthy,87.21253,35.6832935,-0.6927170291631467,0,19.39,0,NORMAL,PASS,train,False,50.564993,True
RF_MMIC_0027,LOT_B02,RF MMIC,Supply Current (mA),mA,123.9,0,47.684663,35.0,65.0,healthy,74.2285325,28.3434895,-0.6316651553614325,0,18.17,0,NORMAL,PASS,train,True,,True
RF_MMIC_0027,LOT_B02,RF MMIC,Supply Current (mA),mA,124.0,24,48.446821,35.0,65.0,healthy,76.25891899999999,29.11558949999999,-0.6442941195697753,0,18.17,0,NORMAL,PASS,train,True,,True
RF_MMIC_0027,LOT_B02,RF MMIC,Supply Current (mA),mA,123.91,96,50.144801,35.0,65.0,healthy,81.74678449999999,32.77209199999999,-0.6504084588765903,0,18.17,0,NORMAL,PASS,train,False,,True
RF_MMIC_0027,LOT_B02,RF MMIC,Supply Current (mA),mA,123.89,168,51.632454,35.0,65.0,healthy,87.21253,35.6832935,-0.672539727407028,0,18.17,0,NORMAL,PASS,train,False,51.632454,True
RF_MMIC_0031,LOT_B02,RF MMIC,Supply Current (mA),mA,123.54,0,46.625427,35.0,65.0,healthy,74.2285325,28.3434895,-0.6568718221024825,0,18.26,0,NORMAL,PASS,train,True,,True
RF_MMIC_0031,LOT_B02,RF MMIC,Supply Current (mA),mA,123.7,24,47.358779,35.0,65.0,healthy,76.25891899999999,29.11558949999999,-0.6694996636623116,0,18.26,0,NORMAL,PASS,train,True,,True
RF_MMIC_0031,LOT_B02,RF MMIC,Supply Current (mA),mA,123.21,96,49.288499,35.0,65.0,healthy,81.74678449999999,32.77209199999999,-0.668032228098321,0,18.26,0,NORMAL,PASS,train,False,,True
RF_MMIC_0031,LOT_B02,RF MMIC,Supply Current (mA),mA,123.1,168,51.627569,35.0,65.0,healthy,87.21253,35.6832935,-0.6726320643814737,0,18.26,0,NORMAL,PASS,train,False,51.627569,True
RF_MMIC_0035,LOT_B02,RF MMIC,Supply Current (mA),mA,124.17,0,46.544055,35.0,65.0,latent_defect,74.2285325,28.3434895,-0.6588082337105216,1,31.81,0,NORMAL,PASS,train,True,,True
RF_MMIC_0035,LOT_B02,RF MMIC,Supply Current (mA),mA,123.96,24,48.184842,35.0,65.0,latent_defect,76.25891899999999,29.11558949999999,-0.6503631162039296,1,31.81,0,NORMAL,PASS,train,True,,True
RF_MMIC_0035,LOT_B02,RF MMIC,Supply Current (mA),mA,122.98,96,55.437006,35.0,65.0,latent_defect,81.74678449999999,32.77209199999999,-0.5414882419506817,1,31.81,0,NORMAL,PASS,train,False,,True
RF_MMIC_0035,LOT_B02,RF MMIC,Supply Current (mA),mA,123.75,168,63.613459,35.0,65.0,latent_defect,87.21253,35.6832935,-0.4460730431660433,1,31.81,0,NORMAL,PASS,train,False,63.613459,True
RF_MMIC_0039,LOT_B02,RF MMIC,Supply Current (mA),mA,123.72,0,45.801977,35.0,65.0,healthy,74.2285325,28.3434895,-0.6764674832468524,0,24.57,0,NORMAL,PASS,train,True,,True
RF_MMIC_0039,LOT_B02,RF MMIC,Supply Current (mA),mA,124.14,24,46.92788,35.0,65.0,healthy,76.25891899999999,29.11558949999999,-0.6794818552908789,0,24.57,0,NORMAL,PASS,train,True,,True
RF_MMIC_0039,LOT_B02,RF MMIC,Supply Current (mA),mA,123.77,96,49.153525,35.0,65.0,healthy,81.74678449999999,32.77209199999999,-0.6708101623165452,0,24.57,0,NORMAL,PASS,train,False,,True
RF_MMIC_0039,LOT_B02,RF MMIC,Supply Current (mA),mA,124.45,168,51.433217,35.0,65.0,healthy,87.21253,35.6832935,-0.6763057339121686,0,24.57,0,NORMAL,PASS,train,False,51.433217,True
RF_MMIC_0042,LOT_C03,RF MMIC,Supply Current (mA),mA,125.83,0,45.948855,35.0,65.0,healthy,73.881106,27.872337,-0.675940635723545,0,28.65,0,NORMAL,PASS,train,True,,True
RF_MMIC_0042,LOT_C03,RF MMIC,Supply Current (mA),mA,125.65,24,47.348489,35.0,65.0,healthy,76.695573,29.394579999999998,-0.6734009118546153,0,28.65,0,NORMAL,PASS,train,True,,True
RF_MMIC_0042,LOT_C03,RF MMIC,Supply Current (mA),mA,124.58,96,51.383509,35.0,65.0,healthy,86.9983025,33.06388749999999,-0.7265282739791898,0,28.65,0,NORMAL,PASS,train,False,,True
RF_MMIC_0042,LOT_C03,RF MMIC,Supply Current (mA),mA,125.12,168,55.498835,35.0,65.0,healthy,96.4695165,35.924873500000004,-0.7692259815809425,0,28.65,0,NORMAL,PASS,train,False,55.498835,True
RF_MMIC_0046,LOT_C03,RF MMIC,Supply Current (mA),mA,125.17,0,46.187841,35.0,65.0,healthy,73.881106,27.872337,-0.6701573442598879,0,23.47,0,NORMAL,PASS,train,True,,True
RF_MMIC_0046,LOT_C03,RF MMIC,Supply Current (mA),mA,125.31,24,47.253497,35.0,65.0,healthy,76.695573,29.394579999999998,-0.6755806070985751,0,23.47,0,NORMAL,PASS,train,True,,True
RF_MMIC_0046,LOT_C03,RF MMIC,Supply Current (mA),mA,125.33,96,51.182451,35.0,65.0,healthy,86.9983025,33.06388749999999,-0.7306297808911899,0,23.47,0,NORMAL,PASS,train,False,,True
RF_MMIC_0046,LOT_C03,RF MMIC,Supply Current (mA),mA,126.06,168,55.031159,35.0,65.0,healthy,96.4695165,35.924873500000004,-0.7780066148775071,0,23.47,0,NORMAL,PASS,train,False,55.031159,True
RF_MMIC_0050,LOT_C03,RF MMIC,Supply Current (mA),mA,126.04,0,47.481848,35.0,65.0,healthy,73.881106,27.872337,-0.6388432939096058,0,24.52,0,NORMAL,PASS,train,True,,True
RF_MMIC_0050,LOT_C03,RF MMIC,Supply Current (mA),mA,126.14,24,48.672654,35.0,65.0,healthy,76.695573,29.394579999999998,-0.6430164989280714,0,24.52,0,NORMAL,PASS,train,True,,True
RF_MMIC_0050,LOT_C03,RF MMIC,Supply Current (mA),mA,125.72,96,52.409975,35.0,65.0,healthy,86.9983025,33.06388749999999,-0.705588757054058,0,24.52,0,NORMAL,PASS,train,False,,True
RF_MMIC_0050,LOT_C03,RF MMIC,Supply Current (mA),mA,125.03,168,56.047729,35.0,65.0,healthy,96.4695165,35.924873500000004,-0.7589204774869017,0,24.52,0,NORMAL,PASS,train,False,56.047729,True
RF_MMIC_0054,LOT_C03,RF MMIC,Supply Current (mA),mA,125.67,0,46.068683,35.0,65.0,gradual_drift,73.881106,27.872337,-0.6730408832296454,1,42.29,1,CRITICAL,HOLD / REJECT,train,True,,True
RF_MMIC_0054,LOT_C03,RF MMIC,Supply Current (mA),mA,125.29,24,49.607656,35.0,65.0,gradual_drift,76.695573,29.394579999999998,-0.6215618563003443,1,42.29,1,CRITICAL,HOLD / REJECT,train,True,,True
RF_MMIC_0054,LOT_C03,RF MMIC,Supply Current (mA),mA,125.79,96,60.175615,35.0,65.0,gradual_drift,86.9983025,33.06388749999999,-0.547172647592585,1,42.29,1,CRITICAL,HOLD / REJECT,train,False,,True
RF_MMIC_0054,LOT_C03,RF MMIC,Supply Current (mA),mA,125.66,168,70.696835,35.0,65.0,gradual_drift,96.4695165,35.924873500000004,-0.4838829987441263,1,42.29,1,CRITICAL,HOLD / REJECT,train,False,70.696835,False
RF_MMIC_0058,LOT_C03,RF MMIC,Supply Current (mA),mA,125.69,0,44.280206,35.0,65.0,latent_defect,73.881106,27.872337,-0.7163207563897762,1,42.76,1,CRITICAL,HOLD / REJECT,train,True,,True
RF_MMIC_0058,LOT_C03,RF MMIC,Supply Current (mA),mA,125.86,24,46.64609,35.0,65.0,latent_defect,76.695573,29.394579999999998,-0.6895182244668587,1,42.76,1,CRITICAL,HOLD / REJECT,train,True,,True
RF_MMIC_0058,LOT_C03,RF MMIC,Supply Current (mA),mA,125.36,96,55.458855,35.0,65.0,latent_defect,86.9983025,33.06388749999999,-0.6433927618991325,1,42.76,1,CRITICAL,HOLD / REJECT,train,False,,True
RF_MMIC_0058,LOT_C03,RF MMIC,Supply Current (mA),mA,126.06,168,65.041557,35.0,65.0,latent_defect,96.4695165,35.924873500000004,-0.5900610414662887,1,42.76,1,CRITICAL,HOLD / REJECT,train,False,65.041557,False
RF_MMIC_0061,LOT_D04,RF MMIC,Supply Current (mA),mA,124.63,0,47.46933,35.0,65.0,healthy,74.25391450000001,26.865483000000008,-0.6724597038389386,0,27.47,0,NORMAL,PASS,train,True,,True
RF_MMIC_0061,LOT_D04,RF MMIC,Supply Current (mA),mA,124.71,24,48.838127,35.0,65.0,healthy,75.728733,27.37565900000001,-0.6625398593592171,0,27.47,0,NORMAL,PASS,train,True,,True
RF_MMIC_0061,LOT_D04,RF MMIC,Supply Current (mA),mA,125.06,96,53.001125,35.0,65.0,healthy,83.821222,30.933135,-0.672025988722848,0,27.47,0,NORMAL,PASS,train,False,,True
RF_MMIC_0061,LOT_D04,RF MMIC,Supply Current (mA),mA,124.07,168,57.12705,35.0,65.0,healthy,93.3472895,30.816577499999998,-0.7927621699320498,0,27.47,0,NORMAL,PASS,train,False,57.12705,True
RF_MMIC_0065,LOT_D04,RF MMIC,Supply Current (mA),mA,124.22,0,46.881301,35.0,65.0,healthy,74.25391450000001,26.865483000000008,-0.687222889998825,0,13.1,0,NORMAL,PASS,train,True,,True
RF_MMIC_0065,LOT_D04,RF MMIC,Supply Current (mA),mA,123.91,24,47.249765,35.0,65.0,healthy,75.728733,27.37565900000001,-0.7016744603455811,0,13.1,0,NORMAL,PASS,train,True,,True
RF_MMIC_0065,LOT_D04,RF MMIC,Supply Current (mA),mA,124.71,96,48.856375,35.0,65.0,healthy,83.821222,30.933135,-0.7624014251388667,0,13.1,0,NORMAL,PASS,train,False,,True
RF_MMIC_0065,LOT_D04,RF MMIC,Supply Current (mA),mA,124.71,168,50.48882,35.0,65.0,healthy,93.3472895,30.816577499999998,-0.9380549038276396,0,13.1,0,NORMAL,PASS,train,False,50.48882,True
RF_MMIC_0069,LOT_D04,RF MMIC,Supply Current (mA),mA,124.73,0,49.150094,35.0,65.0,lot_outlier,74.25391450000001,26.865483000000008,-0.6302620710302925,0,25.52,0,NORMAL,PASS,train,True,,True
RF_MMIC_0069,LOT_D04,RF MMIC,Supply Current (mA),mA,123.87,24,50.462333,35.0,65.0,lot_outlier,75.728733,27.37565900000001,-0.6225221217593134,0,25.52,0,NORMAL,PASS,train,True,,True
RF_MMIC_0069,LOT_D04,RF MMIC,Supply Current (mA),mA,124.13,96,53.623514,35.0,65.0,lot_outlier,83.821222,30.933135,-0.6584549223146137,0,25.52,0,NORMAL,PASS,train,False,,True
RF_MMIC_0069,LOT_D04,RF MMIC,Supply Current (mA),mA,124.47,168,56.596654,35.0,65.0,lot_outlier,93.3472895,30.816577499999998,-0.804371090515893,0,25.52,0,NORMAL,PASS,train,False,56.596654,True
RF_MMIC_0073,LOT_D04,RF MMIC,Supply Current (mA),mA,124.27,0,47.307533,35.0,65.0,accelerating_drift,74.25391450000001,26.865483000000008,-0.6765218151142518,1,42.33,1,CRITICAL,HOLD / REJECT,train,True,,True
RF_MMIC_0073,LOT_D04,RF MMIC,Supply Current (mA),mA,124.63,24,50.000705,35.0,65.0,accelerating_drift,75.728733,27.37565900000001,-0.6338958687918747,1,42.33,1,CRITICAL,HOLD / REJECT,train,True,,True
RF_MMIC_0073,LOT_D04,RF MMIC,Supply Current (mA),mA,124.15,96,62.613473,35.0,65.0,accelerating_drift,83.821222,30.933135,-0.4624306824962619,1,42.33,1,CRITICAL,HOLD / REJECT,train,False,,True
RF_MMIC_0073,LOT_D04,RF MMIC,Supply Current (mA),mA,124.19,168,77.787549,35.0,65.0,accelerating_drift,93.3472895,30.816577499999998,-0.3405602451181914,1,42.33,1,CRITICAL,HOLD / REJECT,train,False,77.787549,False
RF_MMIC_0077,LOT_D04,RF MMIC,Supply Current (mA),mA,124.26,0,47.533309,35.0,65.0,healthy,74.25391450000001,26.865483000000008,-0.6708534329112744,0,12.37,0,NORMAL,PASS,train,True,,True
RF_MMIC_0077,LOT_D04,RF MMIC,Supply Current (mA),mA,124.78,24,47.868021,35.0,65.0,healthy,75.728733,27.37565900000001,-0.6864416595939732,0,12.37,0,NORMAL,PASS,train,True,,True
RF_MMIC_0077,LOT_D04,RF MMIC,Supply Current (mA),mA,124.78,96,50.705467,35.0,65.0,healthy,83.821222,30.933135,-0.7220823476376015,0,12.37,0,NORMAL,PASS,train,False,,True
RF_MMIC_0077,LOT_D04,RF MMIC,Supply Current (mA),mA,124.55,168,53.017037,35.0,65.0,healthy,93.3472895,30.816577499999998,-0.8827191351345833,0,12.37,0,NORMAL,PASS,train,False,53.017037,True
RF_MMIC_0084,LOT_E05,RF MMIC,Supply Current (mA),mA,126.21,0,46.595223,35.0,65.0,gradual_drift,72.821643,26.689767,-0.6627812803368485,1,42.18,1,CRITICAL,HOLD / REJECT,train,True,,True
RF_MMIC_0084,LOT_E05,RF MMIC,Supply Current (mA),mA,125.86,24,49.723935,35.0,65.0,gradual_drift,75.428572,28.2637205,-0.6134203079244359,1,42.18,1,CRITICAL,HOLD / REJECT,train,True,,True
RF_MMIC_0084,LOT_E05,RF MMIC,Supply Current (mA),mA,125.84,96,59.036553,35.0,65.0,gradual_drift,83.521536,27.751222,-0.5951051373320254,1,42.18,1,CRITICAL,HOLD / REJECT,train,False,,True
RF_MMIC_0084,LOT_E05,RF MMIC,Supply Current (mA),mA,126.82,168,68.280587,35.0,65.0,gradual_drift,91.562936,25.947177999999997,-0.6052191594557665,1,42.18,1,CRITICAL,HOLD / REJECT,train,False,68.280587,False
RF_MMIC_0088,LOT_E05,RF MMIC,Supply Current (mA),mA,125.57,0,46.169124,35.0,65.0,healthy,72.821643,26.689767,-0.6735494462081436,0,20.84,0,NORMAL,PASS,train,True,,True
RF_MMIC_0088,LOT_E05,RF MMIC,Supply Current (mA),mA,126.09,24,47.060212,35.0,65.0,healthy,75.428572,28.2637205,-0.6769878962504411,0,20.84,0,NORMAL,PASS,train,True,,True
RF_MMIC_0088,LOT_E05,RF MMIC,Supply Current (mA),mA,126.08,96,49.691653,35.0,65.0,healthy,83.521536,27.751222,-0.8222320255905976,0,20.84,0,NORMAL,PASS,train,False,,True
RF_MMIC_0088,LOT_E05,RF MMIC,Supply Current (mA),mA,125.96,168,52.428056,35.0,65.0,healthy,91.562936,25.947177999999997,-1.017301956044138,0,20.84,0,NORMAL,PASS,train,False,52.428056,True
RF_MMIC_0092,LOT_E05,RF MMIC,Supply Current (mA),mA,125.85,0,46.475036,35.0,65.0,healthy,72.821643,26.689767,-0.6658185875156338,0,19.25,0,NORMAL,PASS,train,True,,True
RF_MMIC_0092,LOT_E05,RF MMIC,Supply Current (mA),mA,126.21,24,47.269491,35.0,65.0,healthy,75.428572,28.2637205,-0.6719936227027493,0,19.25,0,NORMAL,PASS,train,True,,True
RF_MMIC_0092,LOT_E05,RF MMIC,Supply Current (mA),mA,125.46,96,49.361229,35.0,65.0,healthy,83.521536,27.751222,-0.8302629488670319,0,19.25,0,NORMAL,PASS,train,False,,True
RF_MMIC_0092,LOT_E05,RF MMIC,Supply Current (mA),mA,125.99,168,51.783195,35.0,65.0,healthy,91.562936,25.947177999999997,-1.0340649653257965,0,19.25,0,NORMAL,PASS,train,False,51.783195,True
RF_MMIC_0096,LOT_E05,RF MMIC,Supply Current (mA),mA,126.48,0,46.094628,35.0,65.0,gradual_drift,72.821643,26.689767,-0.6754320727450469,1,42.32,1,CRITICAL,HOLD / REJECT,train,True,,True
RF_MMIC_0096,LOT_E05,RF MMIC,Supply Current (mA),mA,125.78,24,49.377085,35.0,65.0,gradual_drift,75.428572,28.2637205,-0.6216976017762647,1,42.32,1,CRITICAL,HOLD / REJECT,train,True,,True
RF_MMIC_0096,LOT_E05,RF MMIC,Supply Current (mA),mA,126.24,96,59.276266,35.0,65.0,gradual_drift,83.521536,27.751222,-0.5892789361137001,1,42.32,1,CRITICAL,HOLD / REJECT,train,False,,True
RF_MMIC_0096,LOT_E05,RF MMIC,Supply Current (mA),mA,125.59,168,68.973535,35.0,65.0,gradual_drift,91.562936,25.947177999999997,-0.5872061399745039,1,42.32,1,CRITICAL,HOLD / REJECT,train,False,68.973535,False
RF_MMIC_0100,LOT_E05,RF MMIC,Supply Current (mA),mA,125.0,0,46.564765,35.0,65.0,healthy,72.821643,26.689767,-0.6635510000407385,0,24.99,0,NORMAL,PASS,train,True,,True
RF_MMIC_0100,LOT_E05,RF MMIC,Supply Current (mA),mA,125.76,24,47.748892,35.0,65.0,healthy,75.428572,28.2637205,-0.6605531067740754,0,24.99,0,NORMAL,PASS,train,True,,True
RF_MMIC_0100,LOT_E05,RF MMIC,Supply Current (mA),mA,126.46,96,50.749321,35.0,65.0,healthy,83.521536,27.751222,-0.7965255074201872,0,24.99,0,NORMAL,PASS,train,False,,True
RF_MMIC_0100,LOT_E05,RF MMIC,Supply Current (mA),mA,125.94,168,53.820612,35.0,65.0,healthy,91.562936,25.947177999999997,-0.9811027919557086,0,24.99,0,NORMAL,PASS,train,False,53.820612,True
RF_MMIC_0103,LOT_F06,RF MMIC,Supply Current (mA),mA,125.93,0,47.151272,35.0,65.0,accelerating_drift,75.9371085,28.73251700000001,-0.675742425317423,1,42.32,1,CRITICAL,HOLD / REJECT,train,True,,True
RF_MMIC_0103,LOT_F06,RF MMIC,Supply Current (mA),mA,126.42,24,49.633485,35.0,65.0,accelerating_drift,77.7877175,28.703573,-0.6615820846208115,1,42.32,1,CRITICAL,HOLD / REJECT,train,True,,True
RF_MMIC_0103,LOT_F06,RF MMIC,Supply Current (mA),mA,125.98,96,61.097846,35.0,65.0,accelerating_drift,85.35840449999999,29.62176850000001,-0.5524154483886187,1,42.32,1,CRITICAL,HOLD / REJECT,train,False,,True
RF_MMIC_0103,LOT_F06,RF MMIC,Supply Current (mA),mA,126.46,168,75.253572,35.0,65.0,accelerating_drift,94.1789295,28.8701245,-0.4421518429385742,1,42.32,1,CRITICAL,HOLD / REJECT,train,False,75.253572,False
RF_MMIC_0107,LOT_F06,RF MMIC,Supply Current (mA),mA,125.83,0,46.741028,35.0,65.0,healthy,75.9371085,28.73251700000001,-0.6853728307264136,0,17.95,0,NORMAL,PASS,train,True,,True
RF_MMIC_0107,LOT_F06,RF MMIC,Supply Current (mA),mA,126.38,24,47.423651,35.0,65.0,healthy,77.7877175,28.703573,-0.7135098572704813,0,17.95,0,NORMAL,PASS,train,True,,True
RF_MMIC_0107,LOT_F06,RF MMIC,Supply Current (mA),mA,126.22,96,48.880977,35.0,65.0,healthy,85.35840449999999,29.62176850000001,-0.8305948302251915,0,17.95,0,NORMAL,PASS,train,False,,True
RF_MMIC_0107,LOT_F06,RF MMIC,Supply Current (mA),mA,126.32,168,50.764542,35.0,65.0,healthy,94.1789295,28.8701245,-1.014287388926439,0,17.95,0,NORMAL,PASS,train,False,50.764542,True
RF_MMIC_0111,LOT_F06,RF MMIC,Supply Current (mA),mA,126.23,0,45.673051,35.0,65.0,healthy,75.9371085,28.73251700000001,-0.7104434020875491,0,18.79,0,NORMAL,PASS,train,True,,True
RF_MMIC_0111,LOT_F06,RF MMIC,Supply Current (mA),mA,125.36,24,46.377166,35.0,65.0,healthy,77.7877175,28.703573,-0.7381006795500235,0,18.79,0,NORMAL,PASS,train,True,,True
RF_MMIC_0111,LOT_F06,RF MMIC,Supply Current (mA),mA,125.84,96,48.736191,35.0,65.0,healthy,85.35840449999999,29.62176850000001,-0.8338916225521447,0,18.79,0,NORMAL,PASS,train,False,,True
RF_MMIC_0111,LOT_F06,RF MMIC,Supply Current (mA),mA,125.64,168,51.178899,35.0,65.0,healthy,94.1789295,28.8701245,-1.0046067944550003,0,18.79,0,NORMAL,PASS,train,False,51.178899,True
RF_MMIC_0115,LOT_F06,RF MMIC,Supply Current (mA),mA,126.3,0,45.779059,35.0,65.0,healthy,75.9371085,28.73251700000001,-0.7079548830193939,0,20.0,0,NORMAL,PASS,train,True,,True
RF_MMIC_0115,LOT_F06,RF MMIC,Supply Current (mA),mA,125.95,24,46.567423,35.0,65.0,healthy,77.7877175,28.703573,-0.7336299264341749,0,20.0,0,NORMAL,PASS,train,True,,True
RF_MMIC_0115,LOT_F06,RF MMIC,Supply Current (mA),mA,125.94,96,49.559725,35.0,65.0,healthy,85.35840449999999,29.62176850000001,-0.8151396674447108,0,20.0,0,NORMAL,PASS,train,False,,True
RF_MMIC_0115,LOT_F06,RF MMIC,Supply Current (mA),mA,126.13,168,52.218028,35.0,65.0,healthy,94.1789295,28.8701245,-0.980329694146543,0,20.0,0,NORMAL,PASS,train,False,52.218028,True
RF_MMIC_0119,LOT_F06,RF MMIC,Supply Current (mA),mA,125.8,0,48.10453,35.0,65.0,healthy,75.9371085,28.73251700000001,-0.6533648622101902,0,24.8,0,NORMAL,PASS,train,True,,True
RF_MMIC_0119,LOT_F06,RF MMIC,Supply Current (mA),mA,126.03,24,49.310487,35.0,65.0,healthy,77.7877175,28.703573,-0.6691720514284079,0,24.8,0,NORMAL,PASS,train,True,,True
RF_MMIC_0119,LOT_F06,RF MMIC,Supply Current (mA),mA,125.56,96,52.767073,35.0,65.0,healthy,85.35840449999999,29.62176850000001,-0.7421080188304242,0,24.8,0,NORMAL,PASS,train,False,,True
RF_MMIC_0119,LOT_F06,RF MMIC,Supply Current (mA),mA,126.32,168,56.440198,35.0,65.0,healthy,94.1789295,28.8701245,-0.8816874229661987,0,24.8,0,NORMAL,PASS,train,False,56.440198,True
RF_MMIC_0122,LOT_G07,RF MMIC,Supply Current (mA),mA,125.41,0,48.718531,35.0,65.0,lot_outlier,74.8501905,28.2904,-0.6230227519773063,0,18.91,0,NORMAL,PASS,train,True,,True
RF_MMIC_0122,LOT_G07,RF MMIC,Supply Current (mA),mA,124.77,24,49.564345,35.0,65.0,lot_outlier,76.66852750000001,29.294553,-0.6240586992202013,0,18.91,0,NORMAL,PASS,train,True,,True
RF_MMIC_0122,LOT_G07,RF MMIC,Supply Current (mA),mA,125.4,96,52.20872,35.0,65.0,lot_outlier,81.991973,32.358587,-0.6208098312714825,0,18.91,0,NORMAL,PASS,train,False,,True
RF_MMIC_0122,LOT_G07,RF MMIC,Supply Current (mA),mA,124.81,168,54.664775,35.0,65.0,lot_outlier,87.308147,35.252264,-0.6245741485470842,0,18.91,0,NORMAL,PASS,train,False,54.664775,True
RF_MMIC_0126,LOT_G07,RF MMIC,Supply Current (mA),mA,125.5,0,46.770179,35.0,65.0,latent_defect,74.8501905,28.2904,-0.6694747434729282,1,31.5,0,NORMAL,PASS,train,True,,True
RF_MMIC_0126,LOT_G07,RF MMIC,Supply Current (mA),mA,125.71,24,48.390134,35.0,65.0,latent_defect,76.66852750000001,29.294553,-0.651094253207858,1,31.5,0,NORMAL,PASS,train,True,,True
RF_MMIC_0126,LOT_G07,RF MMIC,Supply Current (mA),mA,125.3,96,55.27817,35.0,65.0,latent_defect,81.991973,32.358587,-0.55682942132109,1,31.5,0,NORMAL,PASS,train,False,,True
RF_MMIC_0126,LOT_G07,RF MMIC,Supply Current (mA),mA,125.43,168,62.550597,35.0,65.0,latent_defect,87.308147,35.252264,-0.473692659917666,1,31.5,0,NORMAL,PASS,train,False,62.550597,True
RF_MMIC_0130,LOT_G07,RF MMIC,Supply Current (mA),mA,125.86,0,46.349402,35.0,65.0,healthy,74.8501905,28.2904,-0.6795067754802623,0,26.2,0,NORMAL,PASS,train,True,,True
RF_MMIC_0130,LOT_G07,RF MMIC,Supply Current (mA),mA,125.79,24,47.59692,35.0,65.0,healthy,76.66852750000001,29.294553,-0.6693575635675509,0,26.2,0,NORMAL,PASS,train,True,,True
RF_MMIC_0130,LOT_G07,RF MMIC,Supply Current (mA),mA,125.43,96,51.384929,35.0,65.0,healthy,81.991973,32.358587,-0.6379811440126718,0,26.2,0,NORMAL,PASS,train,False,,True
RF_MMIC_0130,LOT_G07,RF MMIC,Supply Current (mA),mA,125.28,168,55.118357,35.0,65.0,healthy,87.308147,35.252264,-0.6158956458652447,0,26.2,0,NORMAL,PASS,train,False,55.118357,True
RF_MMIC_0134,LOT_G07,RF MMIC,Supply Current (mA),mA,124.68,0,47.343451,35.0,65.0,healthy,74.8501905,28.2904,-0.6558069739586524,0,12.35,0,NORMAL,PASS,train,True,,True
RF_MMIC_0134,LOT_G07,RF MMIC,Supply Current (mA),mA,125.46,24,47.689661,35.0,65.0,healthy,76.66852750000001,29.294553,-0.6672222537191767,0,12.35,0,NORMAL,PASS,train,True,,True
RF_MMIC_0134,LOT_G07,RF MMIC,Supply Current (mA),mA,125.51,96,47.881843,35.0,65.0,healthy,81.991973,32.358587,-0.7110003749405187,0,12.35,0,NORMAL,PASS,train,False,,True
RF_MMIC_0134,LOT_G07,RF MMIC,Supply Current (mA),mA,125.76,168,48.477418,35.0,65.0,healthy,87.308147,35.252264,-0.7429584634405284,0,12.35,0,NORMAL,PASS,train,False,48.477418,True
RF_MMIC_0138,LOT_G07,RF MMIC,Supply Current (mA),mA,125.13,0,45.391059,35.0,65.0,sudden_jump,74.8501905,28.2904,-0.7023552858551272,0,23.73,0,NORMAL,PASS,train,True,,True
RF_MMIC_0138,LOT_G07,RF MMIC,Supply Current (mA),mA,125.18,24,46.436367,35.0,65.0,sudden_jump,76.66852750000001,29.294553,-0.6960786497156427,0,23.73,0,NORMAL,PASS,train,True,,True
RF_MMIC_0138,LOT_G07,RF MMIC,Supply Current (mA),mA,124.77,96,55.946276,35.0,65.0,sudden_jump,81.991973,32.358587,-0.5429032469998545,0,23.73,0,NORMAL,PASS,train,False,,True
RF_MMIC_0138,LOT_G07,RF MMIC,Supply Current (mA),mA,125.16,168,61.048319,35.0,65.0,sudden_jump,87.308147,35.252264,-0.5024361366250055,0,23.73,0,NORMAL,PASS,train,False,61.048319,True
RF_MMIC_0141,LOT_H08,RF MMIC,Supply Current (mA),mA,121.08,0,47.285313,35.0,65.0,healthy,75.8337185,28.8837595,-0.6666596052892909,0,17.71,0,NORMAL,PASS,train,True,,True
RF_MMIC_0141,LOT_H08,RF MMIC,Supply Current (mA),mA,120.92,24,47.981157,35.0,65.0,healthy,77.4476835,29.0642315,-0.6838267799415999,0,17.71,0,NORMAL,PASS,train,True,,True
RF_MMIC_0141,LOT_H08,RF MMIC,Supply Current (mA),mA,121.04,96,50.848427,35.0,65.0,healthy,82.541493,31.074785,-0.6879107983042154,0,17.71,0,NORMAL,PASS,train,False,,True
RF_MMIC_0141,LOT_H08,RF MMIC,Supply Current (mA),mA,121.12,168,53.634902,35.0,65.0,healthy,88.2837965,34.1056155,-0.6852349334182056,0,17.71,0,NORMAL,PASS,train,False,53.634902,True
RF_MMIC_0145,LOT_H08,RF MMIC,Supply Current (mA),mA,120.84,0,48.64497,35.0,65.0,healthy,75.8337185,28.8837595,-0.6349090264715416,0,14.27,0,NORMAL,PASS,train,True,,True
RF_MMIC_0145,LOT_H08,RF MMIC,Supply Current (mA),mA,120.78,24,49.142222,35.0,65.0,healthy,77.4476835,29.0642315,-0.6568820587762841,0,14.27,0,NORMAL,PASS,train,True,,True
RF_MMIC_0145,LOT_H08,RF MMIC,Supply Current (mA),mA,120.39,96,52.084989,35.0,65.0,healthy,82.541493,31.074785,-0.6610707206489751,0,14.27,0,NORMAL,PASS,train,False,,True
RF_MMIC_0145,LOT_H08,RF MMIC,Supply Current (mA),mA,121.26,168,54.72146,35.0,65.0,healthy,88.2837965,34.1056155,-0.6637465855349847,0,14.27,0,NORMAL,PASS,train,False,54.72146,True
RF_MMIC_0149,LOT_H08,RF MMIC,Supply Current (mA),mA,120.97,0,46.959909,35.0,65.0,latent_defect,75.8337185,28.8837595,-0.6742584080385218,1,33.51,0,NORMAL,PASS,train,True,,True
RF_MMIC_0149,LOT_H08,RF MMIC,Supply Current (mA),mA,120.62,24,48.717617,35.0,65.0,latent_defect,77.4476835,29.0642315,-0.6667358252151993,1,33.51,0,NORMAL,PASS,train,True,,True
RF_MMIC_0149,LOT_H08,RF MMIC,Supply Current (mA),mA,121.52,96,56.094388,35.0,65.0,latent_defect,82.541493,31.074785,-0.5740450959646948,1,33.51,0,NORMAL,PASS,train,False,,True
RF_MMIC_0149,LOT_H08,RF MMIC,Supply Current (mA),mA,120.76,168,64.105292,35.0,65.0,latent_defect,88.2837965,34.1056155,-0.4781669418402159,1,33.51,0,NORMAL,PASS,train,False,64.105292,True
RF_MMIC_0153,LOT_H08,RF MMIC,Supply Current (mA),mA,120.55,0,48.479483,35.0,65.0,sudden_jump,75.8337185,28.8837595,-0.6387734628969142,0,13.68,0,NORMAL,PASS,train,True,,True
RF_MMIC_0153,LOT_H08,RF MMIC,Supply Current (mA),mA,120.99,24,48.930546,35.0,65.0,sudden_jump,77.4476835,29.0642315,-0.6617944028719113,0,13.68,0,NORMAL,PASS,train,True,,True
RF_MMIC_0153,LOT_H08,RF MMIC,Supply Current (mA),mA,120.49,96,55.976465,35.0,65.0,sudden_jump,82.541493,31.074785,-0.5766046623085894,0,13.68,0,NORMAL,PASS,train,False,,True
RF_MMIC_0153,LOT_H08,RF MMIC,Supply Current (mA),mA,121.2,168,58.524987,35.0,65.0,sudden_jump,88.2837965,34.1056155,-0.5885260162149636,0,13.68,0,NORMAL,PASS,train,False,58.524987,True
RF_MMIC_0157,LOT_H08,RF MMIC,Supply Current (mA),mA,121.32,0,46.830314,35.0,65.0,healthy,75.8337185,28.8837595,-0.6772846979497907,0,25.61,0,NORMAL,PASS,train,True,,True
RF_MMIC_0157,LOT_H08,RF MMIC,Supply Current (mA),mA,121.39,24,48.049287,35.0,65.0,healthy,77.4476835,29.0642315,-0.6822456937379913,0,25.61,0,NORMAL,PASS,train,True,,True
RF_MMIC_0157,LOT_H08,RF MMIC,Supply Current (mA),mA,121.03,96,50.384316,35.0,65.0,healthy,82.541493,31.074785,-0.6979845150128409,0,25.61,0,NORMAL,PASS,train,False,,True
RF_MMIC_0157,LOT_H08,RF MMIC,Supply Current (mA),mA,121.05,168,53.105279,35.0,65.0,healthy,88.2837965,34.1056155,-0.6957090390535744,0,25.61,0,NORMAL,PASS,train,False,53.105279,True
RF_MMIC_0164,LOT_I09,RF MMIC,Supply Current (mA),mA,128.12,0,45.234586,35.0,65.0,healthy,73.9866755,27.6516305,-0.7013336404663025,0,19.19,0,NORMAL,PASS,validation,True,,True
RF_MMIC_0164,LOT_I09,RF MMIC,Supply Current (mA),mA,127.63,24,45.97525,35.0,65.0,healthy,75.878016,28.282459000000003,-0.7131324525137969,0,19.19,0,NORMAL,PASS,validation,True,,True
RF_MMIC_0164,LOT_I09,RF MMIC,Supply Current (mA),mA,126.88,96,48.476317,35.0,65.0,healthy,80.15915700000001,29.705351,-0.7193916952530018,0,19.19,0,NORMAL,PASS,validation,False,,True
RF_MMIC_0164,LOT_I09,RF MMIC,Supply Current (mA),mA,127.72,168,50.934095,35.0,65.0,healthy,83.28946400000001,30.84101249999999,-0.7076096288977379,0,19.19,0,NORMAL,PASS,validation,False,50.934095,True
RF_MMIC_0168,LOT_I09,RF MMIC,Supply Current (mA),mA,127.46,0,46.615166,35.0,65.0,healthy,73.9866755,27.6516305,-0.6676579245725074,0,20.9,0,NORMAL,PASS,validation,True,,True
RF_MMIC_0168,LOT_I09,RF MMIC,Supply Current (mA),mA,128.2,24,47.519172,35.0,65.0,healthy,75.878016,28.282459000000003,-0.6763124177935974,0,20.9,0,NORMAL,PASS,validation,True,,True
RF_MMIC_0168,LOT_I09,RF MMIC,Supply Current (mA),mA,127.5,96,50.980824,35.0,65.0,healthy,80.15915700000001,29.705351,-0.6625242699684312,0,20.9,0,NORMAL,PASS,validation,False,,True
RF_MMIC_0168,LOT_I09,RF MMIC,Supply Current (mA),mA,127.12,168,54.303454,35.0,65.0,healthy,83.28946400000001,30.84101249999999,-0.6339219861571079,0,20.9,0,NORMAL,PASS,validation,False,54.303454,True
RF_MMIC_0172,LOT_I09,RF MMIC,Supply Current (mA),mA,127.84,0,50.085366,35.0,65.0,lot_outlier,73.9866755,27.6516305,-0.5830112765733712,0,14.58,0,NORMAL,PASS,validation,True,,True
RF_MMIC_0172,LOT_I09,RF MMIC,Supply Current (mA),mA,127.6,24,50.662655,35.0,65.0,lot_outlier,75.878016,28.282459000000003,-0.6013454484762629,0,14.58,0,NORMAL,PASS,validation,True,,True
RF_MMIC_0172,LOT_I09,RF MMIC,Supply Current (mA),mA,127.35,96,52.005794,35.0,65.0,lot_outlier,80.15915700000001,29.705351,-0.6392512645849658,0,14.58,0,NORMAL,PASS,validation,False,,True
RF_MMIC_0172,LOT_I09,RF MMIC,Supply Current (mA),mA,127.7,168,53.424042,35.0,65.0,lot_outlier,83.28946400000001,30.84101249999999,-0.6531546643246238,0,14.58,0,NORMAL,PASS,validation,False,53.424042,True
RF_MMIC_0176,LOT_I09,RF MMIC,Supply Current (mA),mA,127.79,0,46.850676,35.0,65.0,healthy,73.9866755,27.6516305,-0.6619132608441124,0,20.71,0,NORMAL,PASS,validation,True,,True
RF_MMIC_0176,LOT_I09,RF MMIC,Supply Current (mA),mA,127.22,24,47.750342,35.0,65.0,healthy,75.878016,28.282459000000003,-0.6707993883618847,0,20.71,0,NORMAL,PASS,validation,True,,True
RF_MMIC_0176,LOT_I09,RF MMIC,Supply Current (mA),mA,127.26,96,50.83525,35.0,65.0,healthy,80.15915700000001,29.705351,-0.6658296784054513,0,20.71,0,NORMAL,PASS,validation,False,,True
RF_MMIC_0176,LOT_I09,RF MMIC,Supply Current (mA),mA,127.73,168,54.025618,35.0,65.0,healthy,83.28946400000001,30.84101249999999,-0.6399982398031236,0,20.71,0,NORMAL,PASS,validation,False,54.025618,True
RF_MMIC_0180,LOT_I09,RF MMIC,Supply Current (mA),mA,127.26,0,46.746786,35.0,65.0,healthy,73.9866755,27.6516305,-0.6644473915168777,0,18.72,0,NORMAL,PASS,validation,True,,True
RF_MMIC_0180,LOT_I09,RF MMIC,Supply Current (mA),mA,127.66,24,47.507338,35.0,65.0,healthy,75.878016,28.282459000000003,-0.6765946394931902,0,18.72,0,NORMAL,PASS,validation,True,,True
RF_MMIC_0180,LOT_I09,RF MMIC,Supply Current (mA),mA,127.05,96,49.04644,35.0,65.0,healthy,80.15915700000001,29.705351,-0.7064464620771652,0,18.72,0,NORMAL,PASS,validation,False,,True
RF_MMIC_0180,LOT_I09,RF MMIC,Supply Current (mA),mA,127.48,168,50.82592,35.0,65.0,healthy,83.28946400000001,30.84101249999999,-0.7099754084877037,0,18.72,0,NORMAL,PASS,validation,False,50.82592,True
RF_MMIC_0183,LOT_J10,RF MMIC,Supply Current (mA),mA,124.02,0,46.858589,35.0,65.0,latent_defect,77.772313,27.5570355,-0.7566496468391837,1,32.91,0,NORMAL,PASS,validation,True,,True
RF_MMIC_0183,LOT_J10,RF MMIC,Supply Current (mA),mA,124.19,24,48.513001,35.0,65.0,latent_defect,79.484622,27.8530605,-0.7500099377054549,1,32.91,0,NORMAL,PASS,validation,True,,True
RF_MMIC_0183,LOT_J10,RF MMIC,Supply Current (mA),mA,123.9,96,55.192782,35.0,65.0,latent_defect,82.7617995,28.019669999999994,-0.6636426321794134,1,32.91,0,NORMAL,PASS,validation,False,,True
RF_MMIC_0183,LOT_J10,RF MMIC,Supply Current (mA),mA,124.34,168,62.287279,35.0,65.0,latent_defect,86.8653165,26.263994000000004,-0.6311933813196591,1,32.91,0,NORMAL,PASS,validation,False,62.287279,True
RF_MMIC_0187,LOT_J10,RF MMIC,Supply Current (mA),mA,124.2,0,47.44284,35.0,65.0,healthy,77.772313,27.5570355,-0.7423494184740913,0,33.25,0,NORMAL,PASS,validation,True,,True
RF_MMIC_0187,LOT_J10,RF MMIC,Supply Current (mA),mA,123.97,24,49.151317,35.0,65.0,healthy,79.484622,27.8530605,-0.7345524534686307,0,33.25,0,NORMAL,PASS,validation,True,,True
RF_MMIC_0187,LOT_J10,RF MMIC,Supply Current (mA),mA,124.77,96,54.291477,35.0,65.0,healthy,82.7617995,28.019669999999994,-0.6853388867737771,0,33.25,0,NORMAL,PASS,validation,False,,True
RF_MMIC_0187,LOT_J10,RF MMIC,Supply Current (mA),mA,124.27,168,59.541015,35.0,65.0,healthy,86.8653165,26.263994000000004,-0.7017207234704085,0,33.25,0,NORMAL,PASS,validation,False,59.541015,True
RF_MMIC_0191,LOT_J10,RF MMIC,Supply Current (mA),mA,123.47,0,52.173726,35.0,65.0,lot_outlier,77.772313,27.5570355,-0.6265554358035971,0,25.22,0,NORMAL,PASS,validation,True,,True
RF_MMIC_0191,LOT_J10,RF MMIC,Supply Current (mA),mA,123.72,24,53.546588,35.0,65.0,lot_outlier,79.484622,27.8530605,-0.6281164058071734,0,25.22,0,NORMAL,PASS,validation,True,,True
RF_MMIC_0191,LOT_J10,RF MMIC,Supply Current (mA),mA,123.93,96,57.87638,35.0,65.0,lot_outlier,82.7617995,28.019669999999994,-0.5990429401362927,0,25.22,0,NORMAL,PASS,validation,False,,True
RF_MMIC_0191,LOT_J10,RF MMIC,Supply Current (mA),mA,124.37,168,61.66163,35.0,65.0,lot_outlier,86.8653165,26.263994000000004,-0.6472607954827818,0,25.22,0,NORMAL,PASS,validation,False,61.66163,True
RF_MMIC_0195,LOT_J10,RF MMIC,Supply Current (mA),mA,124.65,0,47.664981,35.0,65.0,latent_defect,77.772313,27.5570355,-0.7369122569985439,1,34.95,1,CRITICAL,HOLD / REJECT,validation,True,,True
RF_MMIC_0195,LOT_J10,RF MMIC,Supply Current (mA),mA,123.64,24,49.501546,35.0,65.0,latent_defect,79.484622,27.8530605,-0.7260712948469156,1,34.95,1,CRITICAL,HOLD / REJECT,validation,True,,True
RF_MMIC_0195,LOT_J10,RF MMIC,Supply Current (mA),mA,124.22,96,57.736871,35.0,65.0,latent_defect,82.7617995,28.019669999999994,-0.6024012070739053,1,34.95,1,CRITICAL,HOLD / REJECT,validation,False,,True
RF_MMIC_0195,LOT_J10,RF MMIC,Supply Current (mA),mA,124.1,168,66.065367,35.0,65.0,latent_defect,86.8653165,26.263994000000004,-0.5341675655016458,1,34.95,1,CRITICAL,HOLD / REJECT,validation,False,66.065367,False
RF_MMIC_0199,LOT_J10,RF MMIC,Supply Current (mA),mA,123.78,0,52.274952,35.0,65.0,lot_outlier,77.772313,27.5570355,-0.6240778107477823,0,28.89,0,NORMAL,PASS,validation,True,,True
RF_MMIC_0199,LOT_J10,RF MMIC,Supply Current (mA),mA,124.0,24,53.927267,35.0,65.0,lot_outlier,79.484622,27.8530605,-0.6188978688414855,0,28.89,0,NORMAL,PASS,validation,True,,True
RF_MMIC_0199,LOT_J10,RF MMIC,Supply Current (mA),mA,124.79,96,59.194901,35.0,65.0,lot_outlier,82.7617995,28.019669999999994,-0.5673034431801957,0,28.89,0,NORMAL,PASS,validation,False,,True
RF_MMIC_0199,LOT_J10,RF MMIC,Supply Current (mA),mA,124.1,168,64.740881,35.0,65.0,lot_outlier,86.8653165,26.263994000000004,-0.5681819491500776,0,28.89,0,NORMAL,PASS,validation,False,64.740881,True
RF_MMIC_0202,LOT_K11,RF MMIC,Supply Current (mA),mA,125.25,0,47.077451,35.0,65.0,sudden_jump,75.383627,27.9853855,-0.6822223030702284,0,12.48,0,NORMAL,PASS,test,True,,True
RF_MMIC_0202,LOT_K11,RF MMIC,Supply Current (mA),mA,126.14,24,47.419791,35.0,65.0,sudden_jump,76.4921145,28.7926415,-0.6810425350263285,0,12.48,0,NORMAL,PASS,test,True,,True
RF_MMIC_0202,LOT_K11,RF MMIC,Supply Current (mA),mA,125.05,96,54.696749,35.0,65.0,sudden_jump,82.0986445,29.293296,-0.6309404481794504,0,12.48,0,NORMAL,PASS,test,False,,True
RF_MMIC_0202,LOT_K11,RF MMIC,Supply Current (mA),mA,126.17,168,56.833811,35.0,65.0,sudden_jump,87.8515675,32.4378495,-0.6449623036491707,0,12.48,0,NORMAL,PASS,test,False,56.833811,True
RF_MMIC_0206,LOT_K11,RF MMIC,Supply Current (mA),mA,125.79,0,45.569677,35.0,65.0,healthy,75.383627,27.9853855,-0.7185619715153555,0,13.62,0,NORMAL,PASS,test,True,,True
RF_MMIC_0206,LOT_K11,RF MMIC,Supply Current (mA),mA,125.63,24,45.949332,35.0,65.0,healthy,76.4921145,28.7926415,-0.7154892184849891,0,13.62,0,NORMAL,PASS,test,True,,True
RF_MMIC_0206,LOT_K11,RF MMIC,Supply Current (mA),mA,125.65,96,47.288474,35.0,65.0,healthy,82.0986445,29.293296,-0.8015191714191114,0,13.62,0,NORMAL,PASS,test,False,,True
RF_MMIC_0206,LOT_K11,RF MMIC,Supply Current (mA),mA,125.33,168,48.489988,35.0,65.0,healthy,87.8515675,32.4378495,-0.8184581302516181,0,13.62,0,NORMAL,PASS,test,False,48.489988,True
RF_MMIC_0210,LOT_K11,RF MMIC,Supply Current (mA),mA,126.55,0,46.949249,35.0,65.0,gradual_drift,75.383627,27.9853855,-0.6853121681123383,1,42.42,1,CRITICAL,HOLD / REJECT,test,True,,True
RF_MMIC_0210,LOT_K11,RF MMIC,Supply Current (mA),mA,125.69,24,49.864206,35.0,65.0,gradual_drift,76.4921145,28.7926415,-0.6237801497802237,1,42.42,1,CRITICAL,HOLD / REJECT,test,True,,True
RF_MMIC_0210,LOT_K11,RF MMIC,Supply Current (mA),mA,125.8,96,58.83688,35.0,65.0,gradual_drift,82.0986445,29.293296,-0.5356121484031945,1,42.42,1,CRITICAL,HOLD / REJECT,test,False,,True
RF_MMIC_0210,LOT_K11,RF MMIC,Supply Current (mA),mA,125.62,168,67.423767,35.0,65.0,gradual_drift,87.8515675,32.4378495,-0.424761902717422,1,42.42,1,CRITICAL,HOLD / REJECT,test,False,67.423767,False
RF_MMIC_0214,LOT_K11,RF MMIC,Supply Current (mA),mA,125.82,0,49.268899,35.0,65.0,lot_outlier,75.383627,27.9853855,-0.6294050415079939,0,25.21,0,NORMAL,PASS,test,True,,True
RF_MMIC_0214,LOT_K11,RF MMIC,Supply Current (mA),mA,125.83,24,50.563405,35.0,65.0,lot_outlier,76.4921145,28.7926415,-0.6074008514607112,0,25.21,0,NORMAL,PASS,test,True,,True
RF_MMIC_0214,LOT_K11,RF MMIC,Supply Current (mA),mA,125.86,96,54.624129,35.0,65.0,lot_outlier,82.0986445,29.293296,-0.6326125549629679,0,25.21,0,NORMAL,PASS,test,False,,True
RF_MMIC_0214,LOT_K11,RF MMIC,Supply Current (mA),mA,125.02,168,58.295054,35.0,65.0,lot_outlier,87.8515675,32.4378495,-0.6145782024821109,0,25.21,0,NORMAL,PASS,test,False,58.295054,True
RF_MMIC_0218,LOT_K11,RF MMIC,Supply Current (mA),mA,126.35,0,47.365477,35.0,65.0,healthy,75.383627,27.9853855,-0.6752804342334027,0,22.03,0,NORMAL,PASS,test,True,,True
RF_MMIC_0218,LOT_K11,RF MMIC,Supply Current (mA),mA,125.88,24,48.361077,35.0,65.0,healthy,76.4921145,28.7926415,-0.6589921542363378,0,22.03,0,NORMAL,PASS,test,True,,True
RF_MMIC_0218,LOT_K11,RF MMIC,Supply Current (mA),mA,125.77,96,51.224522,35.0,65.0,healthy,82.0986445,29.293296,-0.7108899706335006,0,22.03,0,NORMAL,PASS,test,False,,True
RF_MMIC_0218,LOT_K11,RF MMIC,Supply Current (mA),mA,125.93,168,53.993625,35.0,65.0,healthy,87.8515675,32.4378495,-0.7040192153040198,0,22.03,0,NORMAL,PASS,test,False,53.993625,True
RF_MMIC_0221,LOT_L12,RF MMIC,Supply Current (mA),mA,130.17,0,48.502538,35.0,65.0,latent_defect,76.024201,28.510897499999995,-0.6510881454689006,1,28.56,0,NORMAL,PASS,test,True,,True
RF_MMIC_0221,LOT_L12,RF MMIC,Supply Current (mA),mA,130.0,24,49.992606,35.0,65.0,latent_defect,77.4027985,29.090079000000003,-0.6355404382616037,1,28.56,0,NORMAL,PASS,test,True,,True
RF_MMIC_0221,LOT_L12,RF MMIC,Supply Current (mA),mA,129.8,96,56.96075,35.0,65.0,latent_defect,85.1287215,28.675515,-0.6625525815299251,1,28.56,0,NORMAL,PASS,test,False,,True
RF_MMIC_0221,LOT_L12,RF MMIC,Supply Current (mA),mA,129.89,168,64.66658,35.0,65.0,latent_defect,94.5769145,28.967648,-0.6964405336982834,1,28.56,0,NORMAL,PASS,test,False,64.66658,True
RF_MMIC_0225,LOT_L12,RF MMIC,Supply Current (mA),mA,130.16,0,47.791811,35.0,65.0,healthy,76.024201,28.510897499999995,-0.6679020249341304,0,9.0,0,NORMAL,PASS,test,True,,True
RF_MMIC_0225,LOT_L12,RF MMIC,Supply Current (mA),mA,130.66,24,47.900328,35.0,65.0,healthy,77.4027985,29.090079000000003,-0.6840525848685679,0,9.0,0,NORMAL,PASS,test,True,,True
RF_MMIC_0225,LOT_L12,RF MMIC,Supply Current (mA),mA,130.03,96,49.122705,35.0,65.0,healthy,85.1287215,28.675515,-0.8469150567936379,0,9.0,0,NORMAL,PASS,test,False,,True
RF_MMIC_0225,LOT_L12,RF MMIC,Supply Current (mA),mA,129.9,168,50.370661,35.0,65.0,healthy,94.5769145,28.967648,-1.0293106812410142,0,9.0,0,NORMAL,PASS,test,False,50.370661,True
RF_MMIC_0229,LOT_L12,RF MMIC,Supply Current (mA),mA,129.46,0,47.472669,35.0,65.0,healthy,76.024201,28.510897499999995,-0.6754520618966946,0,28.5,0,NORMAL,PASS,test,True,,True
RF_MMIC_0229,LOT_L12,RF MMIC,Supply Current (mA),mA,130.61,24,48.909553,35.0,65.0,healthy,77.4027985,29.090079000000003,-0.6606524099590131,0,28.5,0,NORMAL,PASS,test,True,,True
RF_MMIC_0229,LOT_L12,RF MMIC,Supply Current (mA),mA,130.3,96,53.648183,35.0,65.0,healthy,85.1287215,28.675515,-0.7404690838716304,0,28.5,0,NORMAL,PASS,test,False,,True
RF_MMIC_0229,LOT_L12,RF MMIC,Supply Current (mA),mA,129.86,168,58.43319,35.0,65.0,healthy,94.5769145,28.967648,-0.8415805172832058,0,28.5,0,NORMAL,PASS,test,False,58.43319,True
RF_MMIC_0233,LOT_L12,RF MMIC,Supply Current (mA),mA,129.73,0,46.26964,35.0,65.0,sudden_jump,76.024201,28.510897499999995,-0.7039124758097386,0,22.45,0,NORMAL,PASS,test,True,,True
RF_MMIC_0233,LOT_L12,RF MMIC,Supply Current (mA),mA,130.54,24,47.249789,35.0,65.0,sudden_jump,77.4027985,29.090079000000003,-0.6991361652252643,0,22.45,0,NORMAL,PASS,test,True,,True
RF_MMIC_0233,LOT_L12,RF MMIC,Supply Current (mA),mA,129.83,96,55.945663,35.0,65.0,sudden_jump,85.1287215,28.675515,-0.6864289374232653,0,22.45,0,NORMAL,PASS,test,False,,True
RF_MMIC_0233,LOT_L12,RF MMIC,Supply Current (mA),mA,129.95,168,59.808379,35.0,65.0,sudden_jump,94.5769145,28.967648,-0.8095602347585819,0,22.45,0,NORMAL,PASS,test,False,59.808379,True
RF_MMIC_0237,LOT_L12,RF MMIC,Supply Current (mA),mA,130.32,0,46.913509,35.0,65.0,accelerating_drift,76.024201,28.510897499999995,-0.6886802758829059,1,42.46,1,CRITICAL,HOLD / REJECT,test,True,,True
RF_MMIC_0237,LOT_L12,RF MMIC,Supply Current (mA),mA,129.96,24,49.47649,35.0,65.0,accelerating_drift,77.4027985,29.090079000000003,-0.6475072491051914,1,42.46,1,CRITICAL,HOLD / REJECT,test,True,,True
RF_MMIC_0237,LOT_L12,RF MMIC,Supply Current (mA),mA,130.29,96,61.398255,35.0,65.0,accelerating_drift,85.1287215,28.675515,-0.5581758644027457,1,42.46,1,CRITICAL,HOLD / REJECT,test,False,,True
RF_MMIC_0237,LOT_L12,RF MMIC,Supply Current (mA),mA,130.47,168,76.137082,35.0,65.0,accelerating_drift,94.5769145,28.967648,-0.4293581801168739,1,42.46,1,CRITICAL,HOLD / REJECT,test,False,76.137082,False
