component_id,lot_id,component_type,parameter,unit,datasheet_min,datasheet_max,failure_mode,parameter_value_0h,parameter_value_24h,parameter_value_96h,parameter_value_168h,lot_median_0h,lot_median_24h,lot_median_96h,lot_median_168h,lot_mad_0h,lot_mad_24h,lot_mad_96h,lot_mad_168h,robust_z_0h,robust_z_24h,robust_z_96h,robust_z_168h,early_drift_24h,early_pct_drift_24h,early_slope_per_h,predicted_168h_linear,actual_168h,observed_drift_168h,observed_slope_per_h,learned_safety_slope_95p,slope_excess_vs_safety,early_robust_z_max,anomaly_label_early,anomaly_score,future_failure_label_168h,risk_level_168h,qa_recommendation,explanation,split
FPGA_0001,LOT_A01,FPGA,Leakage Current (µA),µA,0.0,50.0,accelerating_drift,10.417137,13.278739,25.804767,40.716318,10.404641,11.285488,14.54341,17.83988,0.2359620000000006,0.1667780000000007,0.1187509999999996,0.6050269999999998,0.0357194655513169,8.061191409043616,63.9630928216781,25.502904896375284,2.8616019999999995,27.47013886828981,0.1192334166666666,30.448351,40.716318,30.299181,0.1803522678571428,0.0541056717261904,0.1262465961309524,8.061191409043616,1,100.0,1,CRITICAL,HOLD / REJECT,Lot-level outlier; Abnormal early drift; Drift above learned safety slope,train
FPGA_0005,LOT_A01,FPGA,Leakage Current (µA),µA,0.0,50.0,healthy,10.071377,11.11871,14.61832,17.83988,10.404641,11.285488,14.54341,17.83988,0.2359620000000006,0.1667780000000007,0.1187509999999996,0.6050269999999998,-0.9526257976547378,-0.6744907594765952,0.4254793878989864,0.0,1.047333,10.399104313144072,0.043638875,17.402708,17.83988,7.768503000000001,0.0462410892857142,0.0541056717261904,-0.0078645824404761,0.9526257976547378,0,45.32,0,REVIEW,QA REVIEW,Abnormal early drift,train
FPGA_0009,LOT_A01,FPGA,Leakage Current (µA),µA,0.0,50.0,healthy,9.49175,10.721567,14.424659,18.444907,10.404641,11.285488,14.54341,17.83988,0.2359620000000006,0.1667780000000007,0.1187509999999996,0.6050269999999998,-2.609473321591387,-2.2806335582318997,-0.6744907594765952,0.6744907594765952,1.2298170000000006,12.956693971080156,0.051242375,18.100469000000004,18.444907,8.953157000000001,0.0532926011904762,0.0541056717261904,-0.0008130705357142,2.609473321591387,0,63.27,0,HIGH,QA REVIEW,Abnormal early drift,train
FPGA_0013,LOT_A01,FPGA,Leakage Current (µA),µA,0.0,50.0,healthy,10.640603,11.318488,13.693177,16.060996,10.404641,11.285488,14.54341,17.83988,0.2359620000000006,0.1667780000000007,0.1187509999999996,0.6050269999999998,0.6744907594765952,0.1334600190836152,-4.829216612088029,-1.9831194643888044,0.6778849999999998,6.370738575623955,0.0282452083333333,15.385798,16.060996,5.420392999999999,0.032264244047619,0.0541056717261904,-0.0218414276785714,0.6744907594765952,0,42.31,0,REVIEW,QA REVIEW,Abnormal early drift,train
FPGA_0017,LOT_A01,FPGA,Leakage Current (µA),µA,0.0,50.0,healthy,10.404641,11.285488,14.54341,17.55206,10.404641,11.285488,14.54341,17.83988,0.2359620000000006,0.1667780000000007,0.1187509999999996,0.6050269999999998,0.0,0.0,0.0,-0.320864904198579,0.880847000000001,8.465904782298601,0.0367019583333333,16.570570000000007,17.55206,7.147419000000001,0.0425441607142857,0.0541056717261904,-0.0115615110119047,0.0,0,35.0,0,REVIEW,QA REVIEW,Abnormal early drift,train
FPGA_0024,LOT_B02,FPGA,Leakage Current (µA),µA,0.0,50.0,healthy,9.620889,10.60459,13.137644,15.753205,9.620889,10.60459,13.137644,15.753205,0.7745449999999998,1.045375,0.9856440000000006,1.25061,0.0,0.0,0.0,0.0,0.983701,10.224637245061242,0.0409875416666666,16.506796,15.753205,6.132315999999999,0.0365018809523809,0.0541056717261904,-0.0176037907738095,0.0,0,35.0,0,REVIEW,QA REVIEW,Abnormal early drift,train
FPGA_0028,LOT_B02,FPGA,Leakage Current (µA),µA,0.0,50.0,healthy,10.731802,11.649965,14.123288,16.79616,9.620889,10.60459,13.137644,15.753205,0.7745449999999998,1.045375,0.9856440000000006,1.25061,0.9674073850872744,0.6744907594765952,0.6744907594765952,0.5624963098407282,0.9181629999999998,8.555534289581562,0.0382567916666666,17.158943,16.79616,6.064358,0.036097369047619,0.0541056717261904,-0.0180083026785714,0.9674073850872744,0,45.48,0,REVIEW,QA REVIEW,Abnormal early drift,train
FPGA_0032,LOT_B02,FPGA,Leakage Current (µA),µA,0.0,50.0,healthy,10.860407,11.963621,14.972326,18.016471,9.620889,10.60459,13.137644,15.753205,0.7745449999999998,1.045375,0.9856440000000006,1.25061,1.079399437353428,0.8768660541358236,1.255500013775804,1.2206459273774843,1.1032139999999997,10.158127591350851,0.0459672499999999,18.582905,18.016471,7.156063999999999,0.042595619047619,0.0541056717261904,-0.0115100526785714,1.079399437353428,0,46.69,0,REVIEW,QA REVIEW,Abnormal early drift,train
FPGA_0036,LOT_B02,FPGA,Leakage Current (µA),µA,0.0,50.0,healthy,8.86166,9.415057,11.019819,12.540827,9.620889,10.60459,13.137644,15.753205,0.7745449999999998,1.045375,0.9856440000000006,1.25061,-0.6611532510398437,-0.7675035433145746,-1.4492589542355243,-1.7325299469426163,0.5533969999999986,6.244845773816627,0.0230582083333332,12.73543899999999,12.540827,3.679167,0.0218998035714285,0.0541056717261904,-0.0322058681547619,0.7675035433145746,0,43.31,0,REVIEW,QA REVIEW,Abnormal early drift,train
FPGA_0040,LOT_B02,FPGA,Leakage Current (µA),µA,0.0,50.0,healthy,8.846344,9.576276,12.182286,14.502595,9.620889,10.60459,13.137644,15.753205,0.7745449999999998,1.045375,0.9856440000000006,1.25061,-0.6744907594765953,-0.6634827605791372,-0.6537656019739794,-0.6744907594765952,0.7299319999999998,8.251227851867391,0.0304138333333333,13.955868,14.502595,5.656250999999999,0.0336681607142857,0.0541056717261904,-0.0204375110119047,0.6744907594765953,0,42.31,0,REVIEW,QA REVIEW,Abnormal early drift,train
FPGA_0043,LOT_C03,FPGA,Leakage Current (µA),µA,0.0,50.0,healthy,9.615765,10.488421,13.069131,15.610341,9.76158,10.680307,13.437858,15.962855,0.3136349999999996,0.1918860000000002,0.3398129999999995,0.6864559999999997,-0.3135838477627825,-0.6744907594765952,-0.7318818122600571,-0.3463695205317342,0.872656000000001,9.075263382580594,0.0363606666666667,15.724357000000008,15.610341,5.994576,0.035682,0.0541056717261904,-0.0184236717261904,0.6744907594765952,0,42.31,0,REVIEW,QA REVIEW,Abnormal early drift,train
FPGA_0047,LOT_C03,FPGA,Leakage Current (µA),µA,0.0,50.0,healthy,8.671506,10.163019,13.777671,17.785364,9.76158,10.680307,13.437858,15.962855,0.3136349999999996,0.1918860000000002,0.3398129999999995,0.6864559999999997,-2.344269103083809,-1.8182982395178853,0.6744907594765952,1.7907418386071825,1.4915129999999994,17.200161079286566,0.0621463749999999,19.112097,17.785364,9.113858,0.0542491547619047,0.0541056717261904,0.0001434830357142,2.344269103083809,0,60.4,0,HIGH,QA REVIEW,Abnormal early drift; Drift above learned safety slope,train
FPGA_0051,LOT_C03,FPGA,Leakage Current (µA),µA,0.0,50.0,healthy,10.075215,11.413177,15.021492,18.747255,9.76158,10.680307,13.437858,15.962855,0.3136349999999996,0.1918860000000002,0.3398129999999995,0.6864559999999997,0.6744907594765952,2.5760818553600084,3.1433361860580966,2.735866640668349,1.3379619999999992,13.279736462199557,0.0557484166666666,19.440949,18.747255,8.672039999999999,0.0516192857142857,0.0541056717261904,-0.0024863860119047,2.5760818553600084,0,62.91,0,HIGH,QA REVIEW,Abnormal early drift,train
FPGA_0055,LOT_C03,FPGA,Leakage Current (µA),µA,0.0,50.0,healthy,9.76158,10.680307,13.437858,15.962855,9.76158,10.680307,13.437858,15.962855,0.3136349999999996,0.1918860000000002,0.3398129999999995,0.6864559999999997,0.0,0.0,0.0,0.0,0.9187270000000004,9.411662866052426,0.0382802916666666,16.192669000000002,15.962855,6.201274999999999,0.0369123511904761,0.0541056717261904,-0.0171933205357142,0.0,0,35.0,0,REVIEW,QA REVIEW,Abnormal early drift,train
FPGA_0059,LOT_C03,FPGA,Leakage Current (µA),µA,0.0,50.0,healthy,10.207078,10.865767,13.117095,15.276399,9.76158,10.680307,13.437858,15.962855,0.3136349999999996,0.1918860000000002,0.3398129999999995,0.6864559999999997,0.9580699997299528,0.6519029853794887,-0.6366786423179546,-0.6744907594765952,0.6586890000000007,6.453257239731104,0.027445375,14.817901000000004,15.276399,5.069321,0.0301745297619047,0.0541056717261904,-0.0239311419642857,0.9580699997299528,0,45.38,0,REVIEW,QA REVIEW,Abnormal early drift,train
FPGA_0062,LOT_D04,FPGA,Leakage Current (µA),µA,0.0,50.0,healthy,10.923944,11.75811,14.120501,16.482986,10.009678,11.857253,19.015894,26.120531,0.3398540000000007,0.4310919999999996,3.4865710000000014,5.425236999999999,1.814496721249796,-0.1551201074638081,-0.9470328705500062,-1.1981845302868546,0.8341659999999997,7.636124828175609,0.0347569166666666,16.763106,16.482986,5.559042,0.0330895357142857,0.0541056717261904,-0.0210161360119047,1.814496721249796,0,54.66,0,REVIEW,QA REVIEW,Abnormal early drift,train
FPGA_0066,LOT_D04,FPGA,Leakage Current (µA),µA,0.0,50.0,gradual_drift,9.475509,11.857253,19.015894,26.120531,10.009678,11.857253,19.015894,26.120531,0.3398540000000007,0.4310919999999996,3.4865710000000014,5.425236999999999,-1.0601377488534829,0.0,0.0,0.0,2.3817439999999994,25.135789539116043,0.0992393333333333,26.147716999999997,26.120531,16.645021999999997,0.0990775119047618,0.0541056717261904,0.0449718401785714,1.0601377488534829,1,46.48,1,CRITICAL,HOLD / REJECT,Abnormal early drift; Drift above learned safety slope,train
FPGA_0070,LOT_D04,FPGA,Leakage Current (µA),µA,0.0,50.0,latent_defect,10.349532,12.288345,20.067101,28.278348,10.009678,11.857253,19.015894,26.120531,0.3398540000000007,0.4310919999999996,3.4865710000000014,5.425236999999999,0.6744907594765952,0.6744907594765952,0.2033600944300615,0.2682698704483342,1.938813,18.73333982638055,0.0807838749999999,23.921223,28.278348,17.928816,0.1067191428571428,0.0541056717261904,0.0526134711309523,0.6744907594765952,1,42.31,1,CRITICAL,HOLD / REJECT,Abnormal early drift; Drift above learned safety slope,train
FPGA_0074,LOT_D04,FPGA,Leakage Current (µA),µA,0.0,50.0,healthy,9.777585,10.766046,13.457887,16.160623,10.009678,11.857253,19.015894,26.120531,0.3398540000000007,0.4310919999999996,3.4865710000000014,5.425236999999999,-0.4606230435398741,-1.7073131447027043,-1.0752181334056388,-1.2382622014922144,0.9884609999999991,10.109459544458057,0.0411858749999999,16.696811999999994,16.160623,6.383038000000001,0.0379942738095238,0.0541056717261904,-0.0161113979166666,1.7073131447027043,0,53.5,0,REVIEW,QA REVIEW,Abnormal early drift,train
FPGA_0078,LOT_D04,FPGA,Leakage Current (µA),µA,0.0,50.0,gradual_drift,10.009678,13.094109,22.502465,31.545768,10.009678,11.857253,19.015894,26.120531,0.3398540000000007,0.4310919999999996,3.4865710000000014,5.425236999999999,0.0,1.9351969946164256,0.6744907594765952,0.6744907594765952,3.0844310000000004,30.814487738766427,0.1285179583333333,31.600695,31.545768,21.53609,0.1281910119047619,0.0541056717261904,0.0740853401785714,1.9351969946164256,1,55.96,1,CRITICAL,HOLD / REJECT,Abnormal early drift; Drift above learned safety slope,train
FPGA_0081,LOT_E05,FPGA,Leakage Current (µA),µA,0.0,50.0,healthy,10.46375,10.714025,11.865496,13.082187,9.855918,10.753848,13.444302,16.384326,0.6078319999999984,0.1210880000000003,1.714556,2.855884999999997,0.6744907594765952,-0.2218241734493632,-0.6210879423047164,-0.7798851291306508,0.2502750000000002,2.39182893322184,0.010428125,12.215675,13.082187,2.618437,0.0155859345238095,0.0541056717261904,-0.0385197372023809,0.6744907594765952,0,24.05,0,NORMAL,PASS,Abnormal early drift,train
FPGA_0085,LOT_E05,FPGA,Leakage Current (µA),µA,0.0,50.0,healthy,10.467566,11.707623,15.523984,19.240211,9.855918,10.753848,13.444302,16.384326,0.6078319999999984,0.1210880000000003,1.714556,2.855884999999997,0.6787252465357876,5.312767773187997,0.8181280119458358,0.6744907594765952,1.2400570000000002,11.846660436628728,0.0516690416666666,19.147965,19.240211,8.772644999999999,0.0522181249999999,0.0541056717261904,-0.0018875467261904,5.312767773187997,1,92.55,0,CRITICAL,HOLD / REJECT,Lot-level outlier; Abnormal early drift,train
FPGA_0089,LOT_E05,FPGA,Leakage Current (µA),µA,0.0,50.0,healthy,9.855918,10.753848,13.444302,16.384326,9.855918,10.753848,13.444302,16.384326,0.6078319999999984,0.1210880000000003,1.714556,2.855884999999997,0.0,0.0,0.0,0.0,0.8979299999999988,9.110566869570128,0.0374137499999999,16.14142799999999,16.384326,6.528408000000001,0.0388595714285714,0.0541056717261904,-0.015246100297619,0.0,0,35.0,0,REVIEW,QA REVIEW,Abnormal early drift,train
FPGA_0093,LOT_E05,FPGA,Leakage Current (µA),µA,0.0,50.0,sudden_jump,9.725598,10.874936,18.62079,22.686427,9.855918,10.753848,13.444302,16.384326,0.6078319999999984,0.1210880000000003,1.714556,2.855884999999997,-0.144611727870515,0.6744907594765952,2.0363833683714505,1.488403381014366,1.1493380000000002,11.817658924417811,0.0478890833333333,17.770964,22.686427,12.960829,0.0771477916666666,0.0541056717261904,0.0230421199404761,0.6744907594765952,0,42.31,0,REVIEW,QA REVIEW,Abnormal early drift; Drift above learned safety slope,train
FPGA_0097,LOT_E05,FPGA,Leakage Current (µA),µA,0.0,50.0,healthy,8.81914,9.496032,11.729746,13.765805,9.855918,10.753848,13.444302,16.384326,0.6078319999999984,0.1210880000000003,1.714556,2.855884999999997,-1.1504777317229553,-7.006352975702059,-0.6744907594765952,-0.6184311406080484,0.6768919999999987,7.675260853099039,0.0282038333333332,13.557383999999992,13.765805,4.946664999999999,0.0294444345238095,0.0541056717261904,-0.0246612372023809,7.006352975702059,1,100.0,0,CRITICAL,HOLD / REJECT,Lot-level outlier; Abnormal early drift,train
FPGA_0104,LOT_F06,FPGA,Leakage Current (µA),µA,0.0,50.0,healthy,10.016182,10.717525,13.105295,15.417457,10.215667,10.987906,13.307329,15.706554,0.1264149999999997,0.2703810000000004,0.2020339999999993,0.2890969999999999,-1.0643577831284925,-0.6744907594765952,-0.6744907594765953,-0.6744907594765952,0.7013429999999996,7.002099203069588,0.0292226249999999,14.925582999999998,15.417457,5.401275,0.0321504464285714,0.0541056717261904,-0.021955225297619,1.0643577831284925,0,46.53,0,REVIEW,QA REVIEW,Abnormal early drift,train
FPGA_0108,LOT_F06,FPGA,Leakage Current (µA),µA,0.0,50.0,healthy,10.342082,11.08158,13.307329,15.753143,10.215667,10.987906,13.307329,15.706554,0.1264149999999997,0.2703810000000004,0.2020339999999993,0.2890969999999999,0.6744907594765952,0.2336785772787677,0.0,0.1086965620302337,0.7394980000000011,7.1503784247698015,0.0308124166666667,15.518568000000007,15.753143,5.411061,0.0322086964285714,0.0541056717261904,-0.021896975297619,0.6744907594765952,0,42.31,0,REVIEW,QA REVIEW,Abnormal early drift,train
FPGA_0112,LOT_F06,FPGA,Leakage Current (µA),µA,0.0,50.0,healthy,8.436957,8.742936,9.469276,10.237023,10.215667,10.987906,13.307329,15.706554,0.1264149999999997,0.2703810000000004,0.2020339999999993,0.2890969999999999,-9.490356830982222,-5.600288187047795,-12.813344698820158,-12.76093531987804,0.3059790000000006,3.6266511729288258,0.012749125,10.578810000000004,10.237023,1.800066000000001,0.0107146785714285,0.0541056717261904,-0.0433909931547619,9.490356830982222,1,100.0,0,CRITICAL,HOLD / REJECT,Lot-level outlier; Abnormal early drift,train
FPGA_0116,LOT_F06,FPGA,Leakage Current (µA),µA,0.0,50.0,healthy,10.215667,11.445475,14.256762,17.225778,10.215667,10.987906,13.307329,15.706554,0.1264149999999997,0.2703810000000004,0.2020339999999993,0.2890969999999999,0.0,1.141448779030129,3.1696832475828067,3.544493888124296,1.2298080000000002,12.038450352776772,0.051242,18.824323,17.225778,7.010110999999998,0.0417268511904761,0.0541056717261904,-0.0123788205357142,1.141448779030129,0,47.37,0,REVIEW,QA REVIEW,Abnormal early drift,train
FPGA_0120,LOT_F06,FPGA,Leakage Current (µA),µA,0.0,50.0,healthy,10.316045,10.987906,13.372961,15.706554,10.215667,10.987906,13.307329,15.706554,0.1264149999999997,0.2703810000000004,0.2020339999999993,0.2890969999999999,0.5355696195446938,0.0,0.2191125133688813,0.0,0.6718609999999998,6.51277694116301,0.0279942083333333,15.019072,15.706554,5.390509,0.032086363095238,0.0541056717261904,-0.0220193086309523,0.5355696195446938,0,40.8,0,REVIEW,QA REVIEW,Abnormal early drift,train
FPGA_0123,LOT_G07,FPGA,Leakage Current (µA),µA,0.0,50.0,healthy,10.809516,10.886385,12.25496,13.589171,10.649934,11.643199,15.66871,18.229086,0.431464,0.7568139999999985,2.8184250000000013,4.639914999999999,0.2494682856015663,-0.6744907594765952,-0.8169608310184681,-0.6744907594765952,0.0768690000000003,0.7111234212521661,0.003202875,11.347599000000002,13.589171,2.779655,0.0165455654761904,0.0541056717261904,-0.03756010625,0.6744907594765952,0,12.28,0,NORMAL,PASS,Within learned lot behavior,train
FPGA_0127,LOT_G07,FPGA,Leakage Current (µA),µA,0.0,50.0,gradual_drift,9.286994,11.643199,18.460586,25.339137,10.649934,11.643199,15.66871,18.229086,0.431464,0.7568139999999985,2.8184250000000013,4.639914999999999,-2.130630680012772,0.0,0.6681371913762036,1.0335671448522932,2.356204999999999,25.371018867892012,0.0981752083333333,25.780428999999994,25.339137,16.052143,0.0955484702380952,0.0541056717261904,0.0414427985119047,2.130630680012772,1,58.08,0,REVIEW,QA REVIEW,Abnormal early drift; Drift above learned safety slope,train
FPGA_0131,LOT_G07,FPGA,Leakage Current (µA),µA,0.0,50.0,gradual_drift,10.21847,12.795716,19.867285,26.764586,10.649934,11.643199,15.66871,18.229086,0.431464,0.7568139999999985,2.8184250000000013,4.639914999999999,-0.6744907594765952,1.0271507485851077,1.0047810534143868,1.2407804620370162,2.5772460000000006,25.221447046377797,0.10738525,28.25919200000001,26.764586,16.546116,0.0984887857142857,0.0541056717261904,0.0443831139880952,1.0271507485851077,1,46.13,1,CRITICAL,HOLD / REJECT,Abnormal early drift; Drift above learned safety slope,train
FPGA_0135,LOT_G07,FPGA,Leakage Current (µA),µA,0.0,50.0,healthy,10.649934,11.147187,12.850285,14.590543,10.649934,11.643199,15.66871,18.229086,0.431464,0.7568139999999985,2.8184250000000013,4.639914999999999,0.0,-0.442057771908956,-0.6744907594765952,-0.5289242650906857,0.4972530000000006,4.6690711886101885,0.020718875,14.130705000000004,14.590543,3.940609,0.0234560059523809,0.0541056717261904,-0.0306496657738095,0.442057771908956,0,37.47,0,REVIEW,QA REVIEW,Abnormal early drift,train
FPGA_0139,LOT_G07,FPGA,Leakage Current (µA),µA,0.0,50.0,lot_outlier,12.247399,13.063728,15.66871,18.229086,10.649934,11.643199,15.66871,18.229086,0.431464,0.7568139999999985,2.8184250000000013,4.639914999999999,2.497254420038008,1.266009460803487,0.0,0.0,0.8163289999999996,6.665325429505479,0.0340137083333333,17.961701999999995,18.229086,5.981686999999999,0.0356052797619047,0.0541056717261904,-0.0185003919642857,2.497254420038008,0,62.05,0,HIGH,QA REVIEW,Abnormal early drift,train
FPGA_0142,LOT_H08,FPGA,Leakage Current (µA),µA,0.0,50.0,gradual_drift,10.542907,13.60734,22.459252,31.385653,9.632099,10.728248,15.145993,19.442677,0.3702380000000005,0.4940460000000009,1.5099719999999976,2.5025720000000007,1.6592882947113952,3.9306480564218433,3.2667662825264654,3.218859218696105,3.064433000000001,29.06630021492176,0.1276847083333333,31.993938000000007,31.385653,20.842746,0.1240639642857143,0.0541056717261904,0.0699582925595238,3.9306480564218433,1,77.58,1,CRITICAL,HOLD / REJECT,Lot-level outlier; Abnormal early drift; Drift above learned safety slope,train
FPGA_0146,LOT_H08,FPGA,Leakage Current (µA),µA,0.0,50.0,healthy,9.308732,10.234202,12.077973,14.322549,9.632099,10.728248,15.145993,19.442677,0.3702380000000005,0.4940460000000009,1.5099719999999976,2.5025720000000007,-0.5891022893913337,-0.6744907594765952,-1.370456630910631,-1.379971894250147,0.9254700000000008,9.941955574615328,0.03856125,15.787022000000004,14.322549,5.013817000000001,0.0298441488095238,0.0541056717261904,-0.0242615229166666,0.6744907594765952,0,42.31,0,REVIEW,QA REVIEW,Abnormal early drift,train
FPGA_0150,LOT_H08,FPGA,Leakage Current (µA),µA,0.0,50.0,healthy,9.261861,10.728248,15.145993,19.442677,9.632099,10.728248,15.145993,19.442677,0.3702380000000005,0.4940460000000009,1.5099719999999976,2.5025720000000007,-0.6744907594765953,0.0,0.0,0.0,1.466387000000001,15.832530848821865,0.0610994583333333,19.526570000000007,19.442677,10.180816,0.0606000952380952,0.0541056717261904,0.0064944235119047,0.6744907594765953,0,42.31,0,REVIEW,QA REVIEW,Abnormal early drift; Drift above learned safety slope,train
FPGA_0154,LOT_H08,FPGA,Leakage Current (µA),µA,0.0,50.0,healthy,10.957734,12.285206,16.655965,20.757285,9.632099,10.728248,15.145993,19.442677,0.3702380000000005,0.4940460000000009,1.5099719999999976,2.5025720000000007,2.415010231091231,2.125619444126982,0.6744907594765952,0.3543118632886516,1.3274720000000002,12.11447549283456,0.0553113333333333,20.250038000000004,20.757285,9.799551,0.0583306607142857,0.0541056717261904,0.0042249889880952,2.415010231091231,0,61.16,0,HIGH,QA REVIEW,Abnormal early drift; Drift above learned safety slope,train
FPGA_0158,LOT_H08,FPGA,Leakage Current (µA),µA,0.0,50.0,healthy,9.632099,10.652313,13.923441,16.940105,9.632099,10.728248,15.145993,19.442677,0.3702380000000005,0.4940460000000009,1.5099719999999976,2.5025720000000007,0.0,-0.103669406939548,-0.5461028595097339,-0.6744907594765952,1.0202139999999993,10.5918138922783,0.0425089166666666,16.773596999999995,16.940105,7.308005999999999,0.0435000357142857,0.0541056717261904,-0.0106056360119047,0.103669406939548,0,36.12,0,REVIEW,QA REVIEW,Abnormal early drift,train
FPGA_0161,LOT_I09,FPGA,Leakage Current (µA),µA,0.0,50.0,sudden_jump,9.751096,10.393348,16.088701,18.416697,9.751096,10.923572,17.388778,24.572242,0.1754949999999997,0.5302240000000005,2.0261200000000024,6.155545,0.0,-0.6744907594765952,-0.4327926890352255,-0.6744907594765952,0.6422519999999992,6.586459614385902,0.0267604999999999,14.246859999999996,18.416697,8.665600999999999,0.0515809583333333,0.0541056717261904,-0.0025247133928571,0.6744907594765952,0,42.31,0,REVIEW,QA REVIEW,Abnormal early drift,validation
FPGA_0165,LOT_I09,FPGA,Leakage Current (µA),µA,0.0,50.0,accelerating_drift,10.185902,12.265277,21.597729,33.79544,9.751096,10.923572,17.388778,24.572242,0.1754949999999997,0.5302240000000005,2.0261200000000024,6.155545,1.6711167222141994,1.7067647342322183,1.4011502559521516,1.0106273000722137,2.079374999999999,20.414245100728422,0.0866406249999999,24.74152699999999,33.79544,23.609538,0.1405329642857143,0.0541056717261904,0.0864272925595238,1.7067647342322183,1,53.49,1,CRITICAL,HOLD / REJECT,Abnormal early drift; Drift above learned safety slope,validation
FPGA_0169,LOT_I09,FPGA,Leakage Current (µA),µA,0.0,50.0,gradual_drift,9.734707,12.293927,19.414898,26.405498,9.751096,10.923572,17.388778,24.572242,0.1754949999999997,0.5302240000000005,2.0261200000000024,6.155545,-0.062988854708465,1.7432100106795407,0.6744907594765952,0.2008781077475717,2.55922,26.28964590305594,0.1066341666666666,27.649247,26.405498,16.670791,0.0992308988095238,0.0541056717261904,0.0451252270833333,1.7432100106795407,1,53.88,1,CRITICAL,HOLD / REJECT,Abnormal early drift; Drift above learned safety slope,validation
FPGA_0173,LOT_I09,FPGA,Leakage Current (µA),µA,0.0,50.0,healthy,10.304031,10.740982,12.576282,14.16786,9.751096,10.923572,17.388778,24.572242,0.1754949999999997,0.5302240000000005,2.0261200000000024,6.155545,2.1251291950835727,-0.2322702627056319,-1.602069019612891,-1.1400549451047173,0.4369510000000005,4.240583127127631,0.0182062916666666,13.362688000000004,14.16786,3.863828999999999,0.0229989821428571,0.0541056717261904,-0.0311066895833333,2.1251291950835727,0,52.71,0,REVIEW,QA REVIEW,Abnormal early drift,validation
FPGA_0177,LOT_I09,FPGA,Leakage Current (µA),µA,0.0,50.0,latent_defect,9.575601,10.923572,17.388778,24.572242,9.751096,10.923572,17.388778,24.572242,0.1754949999999997,0.5302240000000005,2.0261200000000024,6.155545,-0.6744907594765952,0.0,0.0,0.0,1.3479709999999994,14.077142520871528,0.0561654583333333,19.011398,24.572242,14.996641,0.0892657202380952,0.0541056717261904,0.0351600485119047,0.6744907594765952,1,42.31,0,REVIEW,QA REVIEW,Abnormal early drift; Drift above learned safety slope,validation
FPGA_0184,LOT_J10,FPGA,Leakage Current (µA),µA,0.0,50.0,healthy,8.611946,9.224359,11.059099,13.09457,9.932008,10.704569,13.389481,16.086077,0.1067750000000007,0.4897800000000014,1.3216509999999992,2.146535,-8.338746157210839,-2.038441682152901,-1.1892860710207065,-0.9400004325154498,0.6124130000000001,7.111203437643479,0.0255172083333333,12.898837,13.09457,4.482624,0.0266822857142857,0.0541056717261904,-0.0274233860119047,8.338746157210839,1,100.0,0,CRITICAL,HOLD / REJECT,Lot-level outlier; Abnormal early drift,validation
FPGA_0188,LOT_J10,FPGA,Leakage Current (µA),µA,0.0,50.0,healthy,10.038783,10.704569,12.433052,13.939542,9.932008,10.704569,13.389481,16.086077,0.1067750000000007,0.4897800000000014,1.3216509999999992,2.146535,0.6744907594765952,0.0,-0.4881035330775226,-0.6744907594765952,0.6657859999999989,6.632138576956977,0.0277410833333332,14.699284999999993,13.939542,3.900758999999999,0.0232188035714285,0.0541056717261904,-0.0308868681547619,0.6744907594765952,0,42.31,0,REVIEW,QA REVIEW,Abnormal early drift,validation
FPGA_0192,LOT_J10,FPGA,Leakage Current (µA),µA,0.0,50.0,healthy,9.864509,10.583994,13.389481,16.086077,9.932008,10.704569,13.389481,16.086077,0.1067750000000007,0.4897800000000014,1.3216509999999992,2.146535,-0.426386811275207,-0.166047456661949,0.0,0.0,0.7194850000000006,7.2936727007902835,0.0299785416666666,14.900904000000004,16.086077,6.221568,0.0370331428571428,0.0541056717261904,-0.0170725288690476,0.426386811275207,0,39.62,0,REVIEW,QA REVIEW,Abnormal early drift,validation
FPGA_0196,LOT_J10,FPGA,Leakage Current (µA),µA,0.0,50.0,healthy,9.932008,11.194349,15.050728,18.883081,9.932008,10.704569,13.389481,16.086077,0.1067750000000007,0.4897800000000014,1.3216509999999992,2.146535,0.0,0.6744907594765952,0.8478000248993234,0.8788831079945473,1.262341000000001,12.709826653381684,0.0525975416666667,18.768395000000005,18.883081,8.951073000000001,0.0532801964285714,0.0541056717261904,-0.000825475297619,0.6744907594765952,0,42.31,0,REVIEW,QA REVIEW,Abnormal early drift,validation
FPGA_0200,LOT_J10,FPGA,Leakage Current (µA),µA,0.0,50.0,healthy,10.538737,11.531112,14.711132,17.961986,9.932008,10.704569,13.389481,16.086077,0.1067750000000007,0.4897800000000014,1.3216509999999992,2.146535,3.832667796829521,1.1382572089715024,0.6744907594765952,0.5894538342579927,0.9923750000000008,9.416450946636214,0.0413489583333333,17.485362000000006,17.961986,7.423249,0.0441860059523809,0.0541056717261904,-0.0099196657738095,3.832667796829521,1,76.52,0,HIGH,QA REVIEW,Lot-level outlier; Abnormal early drift,validation
FPGA_0203,LOT_K11,FPGA,Leakage Current (µA),µA,0.0,50.0,healthy,9.104705,10.138678,12.960147,15.511525,9.512526,10.138678,12.486959,14.433029,0.4078210000000002,0.4766750000000002,0.7522159999999989,0.8727159999999987,-0.6744907594765952,0.0,0.4242942632105813,0.8335307088817805,1.0339730000000014,11.356468990483508,0.0430822083333333,16.34251600000001,15.511525,6.4068200000000015,0.0381358333333333,0.0541056717261904,-0.0159698383928571,0.6744907594765952,0,42.31,0,REVIEW,QA REVIEW,Abnormal early drift,test
FPGA_0207,LOT_K11,FPGA,Leakage Current (µA),µA,0.0,50.0,healthy,10.097991,10.615353,12.486959,14.433029,9.512526,10.138678,12.486959,14.433029,0.4078210000000002,0.4766750000000002,0.7522159999999989,0.8727159999999987,0.9682942577674158,0.6744907594765952,0.0,0.0,0.5173620000000003,5.123415142675412,0.02155675,13.719525000000004,14.433029,4.335037999999999,0.0258037976190476,0.0541056717261904,-0.0283018741071428,0.9682942577674158,0,45.49,0,REVIEW,QA REVIEW,Abnormal early drift,test
FPGA_0211,LOT_K11,FPGA,Leakage Current (µA),µA,0.0,50.0,healthy,9.512526,9.582937,11.080744,12.172243,9.512526,10.138678,12.486959,14.433029,0.4078210000000002,0.4766750000000002,0.7522159999999989,0.8727159999999987,0.0,-0.7863684253679827,-1.2609131198184864,-1.7472800615023163,0.070411,0.7401924578182494,0.0029337916666666,10.005403,12.172243,2.659717000000001,0.0158316488095238,0.0541056717261904,-0.0382740229166666,0.7863684253679827,0,13.7,0,NORMAL,PASS,Within learned lot behavior,test
FPGA_0215,LOT_K11,FPGA,Leakage Current (µA),µA,0.0,50.0,healthy,10.442536,11.084341,13.239175,15.227304,9.512526,10.138678,12.486959,14.433029,0.4078210000000002,0.4766750000000002,0.7522159999999989,0.8727159999999987,1.5381335223562025,1.3381044843528924,0.6744907594765952,0.6138665361735937,0.6418049999999997,6.146064519193419,0.0267418749999999,14.935171,15.227304,4.784768,0.0284807619047619,0.0541056717261904,-0.0256249098214285,1.5381335223562025,0,51.66,0,REVIEW,QA REVIEW,Abnormal early drift,test
FPGA_0219,LOT_K11,FPGA,Leakage Current (µA),µA,0.0,50.0,healthy,9.246612,9.748704,11.5711,13.560313,9.512526,10.138678,12.486959,14.433029,0.4078210000000002,0.4766750000000002,0.7522159999999989,0.8727159999999987,-0.4397923005815256,-0.5518096385086819,-0.821224797775475,-0.6744907594765952,0.5020919999999993,5.430010473025139,0.0209204999999999,12.761255999999996,13.560313,4.313701,0.0256767916666666,0.0541056717261904,-0.0284288800595238,0.5518096385086819,0,40.98,0,REVIEW,QA REVIEW,Abnormal early drift,test
FPGA_0222,LOT_L12,FPGA,Leakage Current (µA),µA,0.0,50.0,gradual_drift,10.636351,13.548818,22.974659,32.395247,10.547977,12.749115,22.358086,32.007026,0.0883739999999999,0.7997030000000009,1.7964839999999995,5.796579999999999,0.6744907594765951,0.6744907594765952,0.2314926217226327,0.0451734431569579,2.912467000000001,27.38220090705921,0.1213527916666667,31.023620000000008,32.395247,21.758896,0.1295172380952381,0.0541056717261904,0.0754115663690476,0.6744907594765952,1,42.31,1,CRITICAL,HOLD / REJECT,Abnormal early drift; Drift above learned safety slope,test
FPGA_0226,LOT_L12,FPGA,Leakage Current (µA),µA,0.0,50.0,accelerating_drift,10.601349,13.141638,24.15457,37.803606,10.547977,12.749115,22.358086,32.007026,0.0883739999999999,0.7997030000000009,1.7964839999999995,5.796579999999999,0.4073474190914266,0.3310643281093501,0.6744907594765952,0.6744907594765952,2.540289,23.96194106995251,0.1058453749999999,28.383371999999994,37.803606,27.202257000000003,0.1619181964285714,0.0541056717261904,0.1078125247023809,0.4073474190914266,1,39.41,1,CRITICAL,HOLD / REJECT,Abnormal early drift; Drift above learned safety slope,test
FPGA_0230,LOT_L12,FPGA,Leakage Current (µA),µA,0.0,50.0,healthy,10.547977,11.342062,14.288177,17.071956,10.547977,12.749115,22.358086,32.007026,0.0883739999999999,0.7997030000000009,1.7964839999999995,5.796579999999999,0.0,-1.1867458876530663,-3.029851114909464,-1.7378465762805166,0.7940850000000008,7.528315619194097,0.033086875,16.106572000000007,17.071956,6.523979000000001,0.0388332083333333,0.0541056717261904,-0.0152724633928571,1.1867458876530663,0,47.86,0,REVIEW,QA REVIEW,Abnormal early drift,test
FPGA_0234,LOT_L12,FPGA,Leakage Current (µA),µA,0.0,50.0,healthy,10.289447,11.150355,14.219377,17.401515,10.547977,12.749115,22.358086,32.007026,0.0883739999999999,0.7997030000000009,1.7964839999999995,5.796579999999999,-1.973160613387246,-1.3484366653880258,-3.055682107143177,-1.69949905063568,0.8609080000000002,8.366902516724178,0.0358711666666666,16.315803000000002,17.401515,7.112068000000001,0.0423337380952381,0.0541056717261904,-0.0117719336309523,1.973160613387246,0,56.38,0,REVIEW,QA REVIEW,Abnormal early drift,test
FPGA_0238,LOT_L12,FPGA,Leakage Current (µA),µA,0.0,50.0,gradual_drift,9.444045,12.749115,22.358086,32.007026,10.547977,12.749115,22.358086,32.007026,0.0883739999999999,0.7997030000000009,1.7964839999999995,5.796579999999999,-8.425463746017124,0.0,0.0,0.0,3.3050700000000006,34.99633896280673,0.13771125,32.57953500000001,32.007026,22.562981000000004,0.1343034583333333,0.0541056717261904,0.0801977866071428,8.425463746017124,1,100.0,1,CRITICAL,HOLD / REJECT,Lot-level outlier; Abnormal early drift; Drift above learned safety slope,test
Microprocessor_0002,LOT_A01,Microprocessor,Supply Current (mA),mA,80.0,140.0,sudden_jump,104.691994,107.434627,126.299807,135.357164,74.089505,76.9284575,86.5037595,96.8703165,27.8672405,29.010908,33.02880999999999,33.808141500000005,0.7406939358593523,0.709254926966669,0.812686448662294,0.7678334817705049,2.742633000000012,2.61971607876722,0.1142763750000005,123.89042500000008,135.357164,30.665170000000018,0.1825307738095239,0.1348156845238095,0.0477150892857144,0.7406939358593523,0,26.36,0,NORMAL,PASS,Abnormal early drift; Drift above learned safety slope,train
Microprocessor_0006,LOT_A01,Microprocessor,Supply Current (mA),mA,80.0,140.0,healthy,100.488583,103.746558,111.011365,118.804779,74.089505,76.9284575,86.5037595,96.8703165,27.8672405,29.010908,33.02880999999999,33.808141500000005,0.6389557720902389,0.6235089564919739,0.5004768093869498,0.4376044234888183,3.257974999999988,3.2421344820833897,0.1357489583333328,123.29440799999992,118.804779,18.31619599999999,0.1090249761904761,0.1348156845238095,-0.0257907083333333,0.6389557720902389,0,29.62,0,NORMAL,PASS,Abnormal early drift,train
Microprocessor_0010,LOT_A01,Microprocessor,Supply Current (mA),mA,80.0,140.0,sudden_jump,102.215694,105.901606,128.079142,140.541727,74.089505,76.9284575,86.5037595,96.8703165,27.8672405,29.010908,33.02880999999999,33.808141500000005,0.6807582752871514,0.6736128678286519,0.8490227567373739,0.8712683255765229,3.685912000000002,3.606013769275002,0.1535796666666667,128.01707800000003,140.541727,38.32603300000001,0.2281311488095238,0.1348156845238095,0.0933154642857143,0.6807582752871514,0,32.62,1,CRITICAL,HOLD / REJECT,Abnormal early drift; Predicted value near limit; Drift above learned safety slope,train
Microprocessor_0014,LOT_A01,Microprocessor,Supply Current (mA),mA,80.0,140.0,healthy,103.675144,105.647376,110.489569,116.41016,74.089505,76.9284575,86.5037595,96.8703165,27.8672405,29.010908,33.02880999999999,33.808141500000005,0.7160823878026378,0.6677021329498354,0.4898210642864801,0.3898304756671943,1.972231999999991,1.9023190360844744,0.0821763333333329,117.48076799999994,116.41016,12.735016000000002,0.0758036666666666,0.1348156845238095,-0.0590120178571428,0.7160823878026378,0,21.07,0,NORMAL,PASS,Abnormal early drift,train
Microprocessor_0018,LOT_A01,Microprocessor,Supply Current (mA),mA,80.0,140.0,healthy,104.857802,107.568941,116.688707,125.999752,74.089505,76.9284575,86.5037595,96.8703165,27.8672405,29.010908,33.02880999999999,33.808141500000005,0.7447071055109116,0.7123776679669966,0.6164154313775202,0.5811480371826855,2.7111389999999886,2.5855386516684646,0.1129641249999995,123.83577499999993,125.999752,21.141949999999994,0.1258449404761904,0.1348156845238095,-0.008970744047619,0.7447071055109116,0,26.17,0,NORMAL,PASS,Abnormal early drift,train
Microprocessor_0021,LOT_B02,Microprocessor,Supply Current (mA),mA,80.0,140.0,healthy,104.965659,107.418555,114.95714,122.799804,74.2285325,76.25891899999999,81.74678449999999,87.21253,28.3434895,29.11558949999999,32.77209199999999,35.6832935,0.7314522016462787,0.721843071412113,0.6835107720215949,0.6726757850410217,2.4528959999999955,2.3368557139244897,0.1022039999999998,122.13593099999996,122.799804,17.834144999999992,0.1061556249999999,0.1348156845238095,-0.0286600595238095,0.7314522016462787,0,24.28,0,NORMAL,PASS,Abnormal early drift,train
Microprocessor_0025,LOT_B02,Microprocessor,Supply Current (mA),mA,80.0,140.0,healthy,100.772402,104.358997,115.478912,126.063636,74.2285325,76.25891899999999,81.74678449999999,87.21253,28.3434895,29.11558949999999,32.77209199999999,35.6832935,0.6316651553614325,0.6509654544886195,0.6942494942415136,0.7343692081686828,3.586595000000002,3.559104406383012,0.1494414583333334,125.87856700000002,126.063636,25.291234000000003,0.1505430595238095,0.1348156845238095,0.015727375,0.6509654544886195,0,31.97,0,NORMAL,PASS,Abnormal early drift; Drift above learned safety slope,train
Microprocessor_0029,LOT_B02,Microprocessor,Supply Current (mA),mA,80.0,140.0,healthy,105.621571,108.392238,117.846222,127.053459,74.2285325,76.25891899999999,81.74678449999999,87.21253,28.3434895,29.11558949999999,32.77209199999999,35.6832935,0.7470609566314337,0.7443993787868772,0.7429717033643412,0.7530789852529478,2.770667000000003,2.6232018457669057,0.1154444583333334,125.01624000000002,127.053459,21.431888,0.1275707619047619,0.1348156845238095,-0.0072449226190476,0.7470609566314337,0,26.46,0,NORMAL,PASS,Abnormal early drift,train
Microprocessor_0033,LOT_B02,Microprocessor,Supply Current (mA),mA,80.0,140.0,healthy,103.247181,104.071017,108.056563,110.811601,74.2285325,76.25891899999999,81.74678449999999,87.21253,28.3434895,29.11558949999999,32.77209199999999,35.6832935,0.6905575358231512,0.6442941195697757,0.541488241950682,0.4460730431660432,0.823836,0.7979259017251038,0.0343265,109.014033,110.811601,7.564419999999998,0.0450263095238095,0.1348156845238095,-0.089789375,0.6905575358231512,0,13.07,0,NORMAL,PASS,Within learned lot behavior,train
Microprocessor_0037,LOT_B02,Microprocessor,Supply Current (mA),mA,80.0,140.0,gradual_drift,103.917369,110.673694,131.316851,151.909219,74.2285325,76.25891899999999,81.74678449999999,87.21253,28.3434895,29.11558949999999,32.77209199999999,35.6832935,0.7065060171529499,0.7972515111523383,1.020214144427837,1.222906145118894,6.756325000000004,6.501632080388799,0.2815135416666668,151.21164400000004,151.909219,47.991850000000014,0.2856657738095239,0.1348156845238095,0.1508500892857144,0.7972515111523383,1,43.64,1,CRITICAL,HOLD / REJECT,Abnormal early drift; Predicted value near limit; Drift above learned safety slope,train
Microprocessor_0044,LOT_C03,Microprocessor,Supply Current (mA),mA,80.0,140.0,healthy,103.260095,106.397571,116.346287,126.489697,73.881106,76.695573,86.9983025,96.4695165,27.872337,29.394579999999998,33.06388749999999,35.924873500000004,0.7109506677988479,0.6815448014223138,0.5986877482120745,0.5636299413850261,3.1374759999999924,3.03842060187916,0.1307281666666663,125.22242699999995,126.489697,23.229602,0.1382714404761904,0.1348156845238095,0.0034557559523809,0.7109506677988479,0,28.97,0,NORMAL,PASS,Abnormal early drift; Drift above learned safety slope,train
Microprocessor_0048,LOT_C03,Microprocessor,Supply Current (mA),mA,80.0,140.0,healthy,100.280364,103.78349,113.82099,123.953127,73.881106,76.695573,86.9983025,96.4695165,27.872337,29.394579999999998,33.06388749999999,35.924873500000004,0.6388432939096058,0.6215618563003444,0.5471726475925852,0.5160057507037269,3.503125999999994,3.493331954798244,0.1459635833333331,124.80224599999995,123.953127,23.67276299999999,0.1409093035714285,0.1348156845238095,0.0060936190476189,0.6388432939096058,0,31.37,0,NORMAL,PASS,Abnormal early drift; Drift above learned safety slope,train
Microprocessor_0052,LOT_C03,Microprocessor,Supply Current (mA),mA,80.0,140.0,latent_defect,101.10257,105.694512,123.670406,143.446616,73.881106,76.695573,86.9983025,96.4695165,27.872337,29.394579999999998,33.06388749999999,35.924873500000004,0.6587400951497103,0.6654123443888453,0.7480969968010965,0.8819966901139564,4.591942000000003,4.541864761696961,0.1913309166666668,133.24616400000002,143.446616,42.344046000000006,0.2520478928571429,0.1348156845238095,0.1172322083333334,0.6654123443888453,1,39.0,1,CRITICAL,HOLD / REJECT,Abnormal early drift; Predicted value near limit; Drift above learned safety slope,train
Microprocessor_0056,LOT_C03,Microprocessor,Supply Current (mA),mA,80.0,140.0,gradual_drift,102.527978,109.894635,132.850759,154.941186,73.881106,76.695573,86.9983025,96.4695165,27.872337,29.394579999999998,33.06388749999999,35.924873500000004,0.6932339563743366,0.7617887563724528,0.9353727146740553,1.0978076448597505,7.366656999999989,7.185021243664816,0.3069440416666662,154.09457699999993,154.941186,52.41320799999998,0.3119833809523809,0.1348156845238095,0.1771676964285713,0.7617887563724528,1,43.25,1,CRITICAL,HOLD / REJECT,Abnormal early drift; Predicted value near limit; Drift above learned safety slope,train
Microprocessor_0060,LOT_C03,Microprocessor,Supply Current (mA),mA,80.0,140.0,healthy,106.758168,108.64063,114.989981,122.242198,73.881106,76.695573,86.9983025,96.4695165,27.872337,29.394579999999998,33.06388749999999,35.924873500000004,0.7956015499431964,0.7330142413143216,0.5710196204390573,0.4838829987441263,1.882462000000004,1.7632955260153995,0.0784359166666668,119.93540200000002,122.242198,15.484030000000004,0.0921668452380952,0.1348156845238095,-0.0426488392857142,0.7956015499431964,0,20.96,0,NORMAL,PASS,Abnormal early drift,train
Microprocessor_0063,LOT_D04,Microprocessor,Supply Current (mA),mA,80.0,140.0,lot_outlier,109.240329,110.606154,114.867395,119.059817,74.25391450000001,75.728733,83.821222,93.3472895,26.865483000000008,27.37565900000001,30.933135,30.816577499999998,0.878376662257215,0.859321712725708,0.6769555302303424,0.562777037830948,1.365825000000001,1.2502937445382472,0.056909375,118.801104,119.059817,9.819487999999993,0.0584493333333332,0.1348156845238095,-0.0763663511904762,0.878376662257215,0,18.27,0,NORMAL,PASS,Abnormal early drift,train
Microprocessor_0067,LOT_D04,Microprocessor,Supply Current (mA),mA,80.0,140.0,healthy,99.357735,101.241747,105.028971,109.736341,74.25391450000001,75.728733,83.821222,93.3472895,26.865483000000008,27.37565900000001,30.933135,30.816577499999998,0.6302620710302924,0.6285982810275728,0.4624306824962615,0.3587115990844872,1.8840119999999985,1.8961905683538365,0.0785004999999999,112.545819,109.736341,10.37860599999999,0.0617774166666666,0.1348156845238095,-0.0730382678571429,0.6302620710302924,0,20.1,0,NORMAL,PASS,Abnormal early drift,train
Microprocessor_0071,LOT_D04,Microprocessor,Supply Current (mA),mA,80.0,140.0,healthy,99.748116,100.995133,105.051475,108.90703,74.25391450000001,75.728733,83.821222,93.3472895,26.865483000000008,27.37565900000001,30.933135,30.816577499999998,0.6400630627777785,0.622522121759313,0.4629213776699405,0.3405602451181914,1.2470169999999996,1.250165968046955,0.0519590416666666,108.477235,108.90703,9.15891400000001,0.0545173452380952,0.1348156845238095,-0.0802983392857142,0.6400630627777785,0,15.69,0,NORMAL,PASS,Abnormal early drift,train
Microprocessor_0075,LOT_D04,Microprocessor,Supply Current (mA),mA,80.0,140.0,healthy,106.176383,108.841714,117.488796,125.568328,74.25391450000001,75.728733,83.821222,93.3472895,26.865483000000008,27.37565900000001,30.933135,30.816577499999998,0.8014525561640815,0.8158488423319437,0.7341146494525841,0.7052305769188553,2.665330999999995,2.510286115133527,0.1110554583333331,124.83369999999996,125.568328,19.391944999999996,0.115428244047619,0.1348156845238095,-0.0193874404761905,0.8158488423319437,0,26.41,0,NORMAL,PASS,Abnormal early drift,train
Microprocessor_0079,LOT_D04,Microprocessor,Supply Current (mA),mA,80.0,140.0,lot_outlier,112.403207,113.617907,118.035169,122.759406,74.25391450000001,75.728733,83.821222,93.3472895,26.865483000000008,27.37565900000001,30.933135,30.816577499999998,0.9577845770284406,0.9335263033193412,0.7460282023377833,0.6437509420343352,1.2147000000000077,1.080663116667132,0.0506125000000003,120.90610700000003,122.759406,10.356199000000004,0.0616440416666666,0.1348156845238095,-0.0731716428571428,0.9577845770284406,0,17.94,0,NORMAL,PASS,Within learned lot behavior,train
Microprocessor_0082,LOT_E05,Microprocessor,Supply Current (mA),mA,80.0,140.0,healthy,103.400181,105.681111,111.82073,117.541072,72.821643,75.428572,83.521536,91.562936,26.689767,28.2637205,27.751222,25.947177999999997,0.7727658813695877,0.7219522994577205,0.6878091657958525,0.6752955053696504,2.280929999999998,2.2059245718341614,0.0950387499999999,119.366691,117.541072,14.140890999999996,0.0841719702380952,0.1348156845238095,-0.0506437142857142,0.7727658813695877,0,23.81,0,NORMAL,PASS,Abnormal early drift,train
Microprocessor_0086,LOT_E05,Microprocessor,Supply Current (mA),mA,80.0,140.0,healthy,102.316861,104.301414,110.360583,116.858737,72.821643,75.428572,83.521536,91.562936,26.689767,28.2637205,27.751222,25.947177999999997,0.7453887472958363,0.6890269498959888,0.652320434561694,0.6575583683149981,1.9845529999999911,1.9396148206696755,0.0826897083333329,116.20873199999994,116.858737,14.541876000000002,0.0865587857142857,0.1348156845238095,-0.0482568988095237,0.7453887472958363,0,21.65,0,NORMAL,PASS,Abnormal early drift,train
Microprocessor_0090,LOT_E05,Microprocessor,Supply Current (mA),mA,80.0,140.0,healthy,102.602398,104.592364,110.724786,117.479156,72.821643,75.428572,83.521536,91.562936,26.689767,28.2637205,27.751222,25.947177999999997,0.7526046989371025,0.6959702355992889,0.661172353157338,0.6736860135835399,1.9899660000000097,1.939492681252937,0.0829152500000004,116.53216000000006,117.479156,14.87675800000001,0.088552130952381,0.1348156845238095,-0.0462635535714285,0.7526046989371025,0,21.73,0,NORMAL,PASS,Abnormal early drift,train
Microprocessor_0094,LOT_E05,Microprocessor,Supply Current (mA),mA,80.0,140.0,healthy,99.048063,101.133209,107.766806,114.152337,72.821643,75.428572,83.521536,91.562936,26.689767,28.2637205,27.751222,25.947177999999997,0.6627812803368487,0.6134203079244356,0.5892789361137003,0.5872061399745035,2.0851459999999946,2.1051860448800443,0.0868810833333331,113.64408499999996,114.152337,15.104274000000004,0.0899063928571428,0.1348156845238095,-0.0449092916666666,0.6627812803368487,0,21.92,0,NORMAL,PASS,Abnormal early drift,train
Microprocessor_0098,LOT_E05,Microprocessor,Supply Current (mA),mA,80.0,140.0,healthy,104.753552,107.594451,117.604471,127.143237,72.821643,75.428572,83.521536,91.562936,26.689767,28.2637205,27.751222,25.947177999999997,0.8069676124541489,0.7676126062717846,0.8283824299103454,0.9249015150663344,2.8408990000000074,2.711983456179135,0.1183707916666669,124.63984500000004,127.143237,22.389685,0.1332719345238095,0.1348156845238095,-0.0015437499999999,0.8069676124541489,0,27.73,0,NORMAL,PASS,Abnormal early drift,train
Microprocessor_0101,LOT_F06,Microprocessor,Supply Current (mA),mA,80.0,140.0,healthy,103.769687,106.453047,115.414609,123.941585,75.9371085,77.7877175,85.35840449999999,94.1789295,28.73251700000001,28.703573,29.62176850000001,28.8701245,0.6533648622101905,0.6735920947925838,0.6843829125255927,0.6953429006596512,2.6833599999999933,2.5858804026266293,0.1118066666666663,122.55320699999996,123.941585,20.171898,0.1200708214285714,0.1348156845238095,-0.014744863095238,0.6735920947925838,0,25.4,0,NORMAL,PASS,Abnormal early drift,train
Microprocessor_0105,LOT_F06,Microprocessor,Supply Current (mA),mA,80.0,140.0,healthy,104.54695,106.724037,114.545737,122.156523,75.9371085,77.7877175,85.35840449999999,94.1789295,28.73251700000001,28.703573,29.62176850000001,28.8701245,0.6716109737911234,0.6799599518851681,0.6645986064275977,0.6536386182935393,2.177087,2.0824012560863805,0.0907119583333333,119.786559,122.156523,17.60957300000001,0.1048188869047619,0.1348156845238095,-0.0299967976190475,0.6799599518851681,0,21.94,0,NORMAL,PASS,Abnormal early drift,train
Microprocessor_0109,LOT_F06,Microprocessor,Supply Current (mA),mA,80.0,140.0,healthy,104.649417,106.159287,109.618963,113.104287,75.9371085,77.7877175,85.35840449999999,94.1789295,28.73251700000001,28.703573,29.62176850000001,28.8701245,0.6740163685099813,0.6666891769745185,0.5524154483886188,0.4421518429385738,1.5098700000000065,1.4427887352683546,0.0629112500000002,115.21850700000005,113.104287,8.45487,0.0503266071428571,0.1348156845238095,-0.0844890773809523,0.6740163685099813,0,17.4,0,NORMAL,PASS,Abnormal early drift,train
Microprocessor_0113,LOT_F06,Microprocessor,Supply Current (mA),mA,80.0,140.0,healthy,104.689834,106.529534,114.151514,121.223159,75.9371085,77.7877175,85.35840449999999,94.1789295,28.73251700000001,28.703573,29.62176850000001,28.8701245,0.6749651504432093,0.6753894241606067,0.6556221075844196,0.631832498502538,1.8396999999999932,1.757286194569755,0.0766541666666664,117.56773399999996,121.223159,16.53332499999999,0.0984126488095237,0.1348156845238095,-0.0364030357142857,0.6753894241606067,0,19.62,0,NORMAL,PASS,Abnormal early drift,train
Microprocessor_0117,LOT_F06,Microprocessor,Supply Current (mA),mA,80.0,140.0,healthy,104.127291,105.94195,111.849179,117.536819,75.9371085,77.7877175,85.35840449999999,94.1789295,28.73251700000001,28.703573,29.62176850000001,28.8701245,0.6617595529207839,0.6615820846208117,0.6031976994090757,0.5457087872490949,1.814659000000006,1.7427314036240564,0.0756107916666669,116.82990400000004,117.536819,13.409527999999996,0.079818619047619,0.1348156845238095,-0.0549970654761905,0.6617595529207839,0,19.37,0,NORMAL,PASS,Abnormal early drift,train
Microprocessor_0124,LOT_G07,Microprocessor,Supply Current (mA),mA,80.0,140.0,lot_outlier,110.312241,112.741873,121.10236,129.08436,74.8501905,76.66852750000001,81.991973,87.308147,28.2904,29.294553,32.358587,35.252264,0.8454749800053155,0.8305686795479217,0.8152270255513184,0.7993151768756188,2.429631999999998,2.202504434661968,0.1012346666666665,127.319665,129.08436,18.772119000000004,0.1117388035714286,0.1348156845238095,-0.0230768809523809,0.8454749800053155,0,24.58,0,NORMAL,PASS,Abnormal early drift; Predicted value near limit,train
Microprocessor_0128,LOT_G07,Microprocessor,Supply Current (mA),mA,80.0,140.0,healthy,102.486664,103.77271,108.03767,112.065697,74.8501905,76.66852750000001,81.991973,87.308147,28.2904,29.294553,32.358587,35.252264,0.6589000509101959,0.624058699220201,0.5429032469998545,0.4736926599176659,1.286045999999999,1.2548422885537565,0.0535852499999999,111.488986,112.065697,9.579032999999995,0.0570180535714285,0.1348156845238095,-0.0777976309523809,0.6589000509101959,0,15.92,0,NORMAL,PASS,Abnormal early drift,train
Microprocessor_0132,LOT_G07,Microprocessor,Supply Current (mA),mA,80.0,140.0,accelerating_drift,104.740729,110.217637,135.520571,166.373398,74.8501905,76.66852750000001,81.991973,87.308147,28.2904,29.294553,32.358587,35.252264,0.7126407549567845,0.7724495521887105,1.1157639460195634,1.5127760644024917,5.476907999999995,5.229014588966623,0.2282044999999997,143.07908499999996,166.373398,61.63266900000001,0.366861125,0.1348156845238095,0.2320454404761905,0.7724495521887105,1,43.37,1,CRITICAL,HOLD / REJECT,Abnormal early drift; Predicted value near limit; Drift above learned safety slope,train
Microprocessor_0136,LOT_G07,Microprocessor,Supply Current (mA),mA,80.0,140.0,accelerating_drift,100.98185,106.186026,131.233138,162.767838,74.8501905,76.66852750000001,81.991973,87.308147,28.2904,29.294553,32.358587,35.252264,0.6230227519773063,0.6796239553856395,1.0263955832917655,1.4437899447382785,5.204176000000004,5.153575617796668,0.2168406666666668,137.41108200000002,162.767838,61.78598800000002,0.3677737380952382,0.1348156845238095,0.2329580535714287,0.6796239553856395,1,42.36,1,CRITICAL,HOLD / REJECT,Abnormal early drift; Predicted value near limit; Drift above learned safety slope,train
Microprocessor_0140,LOT_G07,Microprocessor,Supply Current (mA),mA,80.0,140.0,healthy,106.728188,109.414648,117.629568,125.169303,74.8501905,76.66852750000001,81.991973,87.308147,28.2904,29.294553,32.358587,35.252264,0.7600251231643247,0.7539611779007891,0.7428392505973551,0.7244073704061064,2.6864599999999967,2.5171044785282,0.1119358333333331,125.53340799999998,125.169303,18.441115,0.1097685416666666,0.1348156845238095,-0.0250471428571428,0.7600251231643247,0,25.85,0,NORMAL,PASS,Abnormal early drift,train
Microprocessor_0143,LOT_H08,Microprocessor,Supply Current (mA),mA,80.0,140.0,healthy,103.022467,105.753145,112.736951,120.427726,75.8337185,77.4476835,82.541493,88.2837965,28.8837595,29.0642315,31.074785,34.1056155,0.6349090264715416,0.6568820587762843,0.6554046117829498,0.6356954156425397,2.730677999999997,2.650565531497122,0.1137782499999999,122.137213,120.427726,17.405259,0.1036027321428571,0.1348156845238095,-0.0312129523809523,0.6568820587762843,0,25.67,0,NORMAL,PASS,Abnormal early drift,train
Microprocessor_0147,LOT_H08,Microprocessor,Supply Current (mA),mA,80.0,140.0,healthy,105.02575,105.950533,108.988598,112.462301,75.8337185,77.4476835,82.541493,88.2837965,28.8837595,29.0642315,31.074785,34.1056155,0.6816894974180798,0.6614628226623536,0.5740450959646947,0.4781669418402162,0.9247829999999908,0.8805297748409231,0.0385326249999996,111.49923099999994,112.462301,7.436550999999994,0.0442651845238094,0.1348156845238095,-0.0905505,0.6816894974180798,0,13.55,0,NORMAL,PASS,Within learned lot behavior,train
Microprocessor_0151,LOT_H08,Microprocessor,Supply Current (mA),mA,80.0,140.0,gradual_drift,104.727428,112.464965,135.330387,158.004558,75.8337185,77.4476835,82.541493,88.2837965,28.8837595,29.0642315,31.074785,34.1056155,0.6747231109146686,0.812642604836833,1.1458042656124403,1.378834795560912,7.737537000000003,7.388262222958443,0.3223973750000001,158.89018700000003,158.004558,53.27713,0.3171257738095238,0.1348156845238095,0.1823100892857142,0.812642604836833,1,43.8,1,CRITICAL,HOLD / REJECT,Abnormal early drift; Predicted value near limit; Drift above learned safety slope,train
Microprocessor_0155,LOT_H08,Microprocessor,Supply Current (mA),mA,80.0,140.0,healthy,107.489537,111.094144,119.123129,127.734198,75.8337185,77.4476835,82.541493,88.2837965,28.8837595,29.0642315,31.074785,34.1056155,0.7392236132529164,0.7808300968268941,0.7940191846391329,0.7801920850656286,3.6046070000000014,3.3534491826864987,0.1501919583333334,132.721786,127.734198,20.244661000000008,0.1205039345238095,0.1348156845238095,-0.0143117499999999,0.7808300968268941,0,31.93,0,NORMAL,PASS,Abnormal early drift; Predicted value near limit,train
Microprocessor_0159,LOT_H08,Microprocessor,Supply Current (mA),mA,80.0,140.0,latent_defect,107.831459,110.839977,124.336072,139.274951,75.8337185,77.4476835,82.541493,88.2837965,28.8837595,29.0642315,31.074785,34.1056155,0.7472081427412524,0.7749316682768778,0.9071682179527406,1.0084281436085916,3.0085180000000094,2.790018820018015,0.125354916666667,128.89108500000006,139.274951,31.443491999999992,0.1871636428571428,0.1348156845238095,0.0523479583333333,0.7749316682768778,1,27.93,0,NORMAL,PASS,Abnormal early drift; Predicted value near limit; Drift above learned safety slope,train
Microprocessor_0162,LOT_I09,Microprocessor,Supply Current (mA),mA,80.0,140.0,healthy,97.887985,101.093377,110.845758,120.434567,73.9866755,75.878016,80.15915700000001,83.28946400000001,27.6516305,28.282459000000003,29.705351,30.84101249999999,0.5830112765733709,0.6013454484762629,0.6967710569804493,0.812360772309481,3.205392000000004,3.27455100848179,0.1335580000000001,120.32572900000002,120.434567,22.546582,0.1342058452380952,0.1348156845238095,-0.0006098392857142,0.6013454484762629,0,29.44,0,NORMAL,PASS,Abnormal early drift,validation
Microprocessor_0166,LOT_I09,Microprocessor,Supply Current (mA),mA,80.0,140.0,healthy,103.55776,105.031918,110.927163,117.224702,73.9866755,75.878016,80.15915700000001,83.28946400000001,27.6516305,28.282459000000003,29.705351,30.84101249999999,0.7213109275039522,0.695273261129318,0.6986194418143866,0.7421612520548413,1.4741580000000027,1.4235128299414768,0.0614232500000001,113.87686600000002,117.224702,13.666941999999992,0.0813508452380951,0.1348156845238095,-0.0534648392857143,0.7213109275039522,0,17.78,0,NORMAL,PASS,Abnormal early drift,validation
Microprocessor_0170,LOT_I09,Microprocessor,Supply Current (mA),mA,80.0,140.0,healthy,101.918427,103.911346,108.31252,113.615773,73.9866755,75.878016,80.15915700000001,83.28946400000001,27.6516305,28.282459000000003,29.705351,30.84101249999999,0.681323594380683,0.6685494370329685,0.6392512645849657,0.663234230378523,1.9929190000000008,1.9554059640265056,0.0830382916666667,115.86886,113.615773,11.69734600000001,0.0696270595238095,0.1348156845238095,-0.0651886249999999,0.681323594380683,0,21.07,0,NORMAL,PASS,Abnormal early drift,validation
Microprocessor_0174,LOT_I09,Microprocessor,Supply Current (mA),mA,80.0,140.0,healthy,102.945283,104.08409,108.347672,112.275474,73.9866755,75.878016,80.15915700000001,83.28946400000001,27.6516305,28.282459000000003,29.705351,30.84101249999999,0.7063711185515671,0.6726691011595931,0.6400494271509329,0.6339219861571077,1.138807,1.1062255275941102,0.0474502916666666,110.916932,112.275474,9.330191,0.0555368511904761,0.1348156845238095,-0.0792788333333333,0.7063711185515671,0,15.4,0,NORMAL,PASS,Within learned lot behavior,validation
Microprocessor_0178,LOT_I09,Microprocessor,Supply Current (mA),mA,80.0,140.0,healthy,104.257921,106.149022,110.245952,114.64518,73.9866755,75.878016,80.15915700000001,83.28946400000001,27.6516305,28.282459000000003,29.705351,30.84101249999999,0.7383895632338014,0.7219143790524215,0.6831518405477393,0.6857472885746674,1.891101000000006,1.813867936230961,0.0787958750000002,117.49562800000004,114.64518,10.387259,0.0618289226190476,0.1348156845238095,-0.0729867619047618,0.7383895632338014,0,20.7,0,NORMAL,PASS,Abnormal early drift,validation
Microprocessor_0181,LOT_J10,Microprocessor,Supply Current (mA),mA,80.0,140.0,healthy,104.4654,105.041977,106.328698,107.665266,77.772313,79.484622,82.7617995,86.8653165,27.5570355,27.8530605,28.019669999999994,26.263994000000004,0.6533446068030371,0.6188978688414855,0.567303443180196,0.5341675655016453,0.5765770000000003,0.5519310700002109,0.0240240416666666,108.501439,107.665266,3.199866,0.0190468214285714,0.1348156845238095,-0.115768863095238,0.6533446068030371,0,10.94,0,NORMAL,PASS,Within learned lot behavior,validation
Microprocessor_0185,LOT_J10,Microprocessor,Supply Current (mA),mA,80.0,140.0,healthy,104.869632,107.456517,115.299109,123.120481,77.772313,79.484622,82.7617995,86.8653165,27.5570355,27.8530605,28.019669999999994,26.263994000000004,0.6632386590382544,0.6773684601930757,0.7832395811934989,0.9310759604405134,2.586885000000009,2.466762732608816,0.1077868750000003,122.97782700000006,123.120481,18.250849,0.1086360059523809,0.1348156845238095,-0.0261796785714285,0.6773684601930757,0,24.61,0,NORMAL,PASS,Abnormal early drift,validation
Microprocessor_0189,LOT_J10,Microprocessor,Supply Current (mA),mA,80.0,140.0,sudden_jump,105.789065,107.218848,123.259644,130.023293,77.772313,79.484622,82.7617995,86.8653165,27.5570355,27.8530605,28.019669999999994,26.263994000000004,0.6857428599149359,0.6716130587601147,0.9748659386056316,1.1083484235854622,1.4297830000000005,1.3515413904074118,0.0595742916666666,115.797546,130.023293,24.234228,0.1442513571428571,0.1348156845238095,0.0094356726190476,0.6857428599149359,0,16.89,0,NORMAL,PASS,Abnormal early drift; Drift above learned safety slope,validation
Microprocessor_0193,LOT_J10,Microprocessor,Supply Current (mA),mA,80.0,140.0,latent_defect,103.269674,106.493144,120.68499,135.841806,77.772313,79.484622,82.7617995,86.8653165,27.5570355,27.8530605,28.019669999999994,26.263994000000004,0.6240778107477823,0.6540393834322203,0.9128887514421336,1.2577747923393705,3.223470000000006,3.121410066618401,0.1343112500000002,125.83396400000004,135.841806,32.572132,0.193881738095238,0.1348156845238095,0.0590660535714285,0.6540393834322203,1,28.94,0,NORMAL,PASS,Abnormal early drift; Drift above learned safety slope,validation
Microprocessor_0197,LOT_J10,Microprocessor,Supply Current (mA),mA,80.0,140.0,healthy,108.03037,109.568228,113.338459,117.17177,77.772313,79.484622,82.7617995,86.8653165,27.5570355,27.8530605,28.019669999999994,26.263994000000004,0.7406014281258996,0.7285057331037162,0.7360427259997087,0.7783059514199213,1.537858,1.4235422872290449,0.0640774166666666,118.795376,117.17177,9.14139999999999,0.0544130952380951,0.1348156845238095,-0.0804025892857143,0.7406014281258996,0,17.99,0,NORMAL,PASS,Abnormal early drift,validation
Microprocessor_0204,LOT_K11,Microprocessor,Supply Current (mA),mA,80.0,140.0,healthy,105.020526,109.810547,122.810724,136.439536,75.383627,76.4921145,82.0986445,87.8515675,27.9853855,28.7926415,29.293296,32.4378495,0.7142947705702016,0.7805110497240997,0.937413168590742,1.010305438866713,4.790020999999996,4.561033145082511,0.1995842083333331,138.55067299999996,136.439536,31.41901,0.1870179166666666,0.1348156845238095,0.0522022321428571,0.7805110497240997,0,40.38,0,REVIEW,QA REVIEW,Abnormal early drift; Predicted value near limit; Drift above learned safety slope,test
Microprocessor_0208,LOT_K11,Microprocessor,Supply Current (mA),mA,80.0,140.0,healthy,103.336248,105.005074,109.811114,114.619991,75.383627,76.4921145,82.0986445,87.8515675,27.9853855,28.7926415,29.293296,32.4378495,0.6737010847197878,0.6679389839268619,0.6380915483196898,0.5566045399065723,1.6688259999999957,1.614947351291481,0.0695344166666664,115.01802999999995,114.619991,11.283743,0.0671651369047619,0.1348156845238095,-0.0676505476190476,0.6737010847197878,0,18.6,0,NORMAL,PASS,Abnormal early drift,test
Microprocessor_0212,LOT_K11,Microprocessor,Supply Current (mA),mA,80.0,140.0,gradual_drift,101.498355,109.148681,131.722262,154.22355,75.383627,76.4921145,82.0986445,87.8515675,27.9853855,28.7926415,29.293296,32.4378495,0.6294050415079938,0.7650063069233484,1.1426051699867117,1.3800942286384392,7.650325999999993,7.537389152760153,0.318763583333333,155.05063699999994,154.22355,52.72519499999999,0.3138404464285713,0.1348156845238095,0.1790247619047618,0.7650063069233484,1,43.29,1,CRITICAL,HOLD / REJECT,Abnormal early drift; Predicted value near limit; Drift above learned safety slope,test
Microprocessor_0216,LOT_K11,Microprocessor,Supply Current (mA),mA,80.0,140.0,healthy,101.937086,102.420824,105.360409,108.279368,75.383627,76.4921145,82.0986445,87.8515675,27.9853855,28.7926415,29.293296,32.4378495,0.6399791322381686,0.6074008514607112,0.5356121484031943,0.424761902717422,0.4837380000000024,0.4745456427899091,0.0201557500000001,105.323252,108.279368,6.342282000000012,0.0377516785714286,0.1348156845238095,-0.0970640059523808,0.6399791322381686,0,10.25,0,NORMAL,PASS,Within learned lot behavior,test
Microprocessor_0220,LOT_K11,Microprocessor,Supply Current (mA),mA,80.0,140.0,latent_defect,101.889806,107.5415,128.106898,150.322077,75.383627,76.4921145,82.0986445,87.8515675,27.9853855,28.7926415,29.293296,32.4378495,0.6388396116441767,0.7273568007706617,1.0593598564465645,1.298969631064626,5.651694000000006,5.546868937997592,0.2354872500000002,141.45166400000005,150.322077,48.432271000000014,0.2882873273809525,0.1348156845238095,0.1534716428571429,0.7273568007706617,1,42.88,1,CRITICAL,HOLD / REJECT,Abnormal early drift; Predicted value near limit; Drift above learned safety slope,test
Microprocessor_0223,LOT_L12,Microprocessor,Supply Current (mA),mA,80.0,140.0,healthy,103.545864,104.812991,108.859188,113.016747,76.024201,77.4027985,85.1287215,94.5769145,28.510897499999995,29.090079000000003,28.675515,28.967648,0.6510881454689003,0.6355404382616034,0.5581758644027459,0.4293581801168739,1.267127000000002,1.2237350204543198,0.0527969583333334,112.415753,113.016747,9.470883,0.0563743035714285,0.1348156845238095,-0.0784413809523809,0.6510881454689003,0,15.62,0,NORMAL,PASS,Abnormal early drift,test
Microprocessor_0227,LOT_L12,Microprocessor,Supply Current (mA),mA,80.0,140.0,healthy,104.976998,106.535509,111.65595,116.899623,76.024201,77.4027985,85.1287215,94.5769145,28.510897499999995,29.090079000000003,28.675515,28.967648,0.684944907030783,0.6754792254347876,0.6239598660311484,0.5197681430587549,1.55851100000001,1.4846214215422793,0.0649379583333337,115.88657500000006,116.899623,11.92262500000001,0.070968005952381,0.1348156845238095,-0.0638476785714284,0.684944907030783,0,17.81,0,NORMAL,PASS,Abnormal early drift,test
Microprocessor_0231,LOT_L12,Microprocessor,Supply Current (mA),mA,80.0,140.0,healthy,105.353748,108.163294,115.625188,124.212775,76.024201,77.4027985,85.1287215,94.5769145,28.510897499999995,29.090079000000003,28.675515,28.967648,0.6938577935378741,0.7132215066061313,0.7173222469042855,0.6900496048691087,2.809545999999997,2.6667736585887742,0.1170644166666665,125.02056999999998,124.212775,18.859027,0.112256113095238,0.1348156845238095,-0.0225595714285714,0.7132215066061313,0,26.39,0,NORMAL,PASS,Abnormal early drift,test
Microprocessor_0235,LOT_L12,Microprocessor,Supply Current (mA),mA,80.0,140.0,healthy,104.494464,107.702019,115.263033,122.87635,76.024201,77.4027985,85.1287215,94.5769145,28.510897499999995,29.090079000000003,28.675515,28.967648,0.6735294570564958,0.7025262546242595,0.7088038227016775,0.6589319140840818,3.207555000000013,3.069593237015899,0.1336481250000005,126.94734900000007,122.87635,18.38188600000001,0.1094159880952381,0.1348156845238095,-0.0253996964285713,0.7025262546242595,0,29.1,0,NORMAL,PASS,Abnormal early drift; Predicted value near limit,test
Microprocessor_0239,LOT_L12,Microprocessor,Supply Current (mA),mA,80.0,140.0,healthy,104.423768,106.450246,113.002851,119.772724,76.024201,77.4027985,85.1287215,94.5769145,28.510897499999995,29.090079000000003,28.675515,28.967648,0.6718569808136151,0.6735022935184029,0.6556409806834846,0.5866662245164886,2.0264780000000115,1.9406290721093415,0.0844365833333338,118.60911400000008,119.772724,15.348956,0.0913628333333333,0.1348156845238095,-0.0434528511904761,0.6735022935184029,0,20.88,0,NORMAL,PASS,Abnormal early drift,test
Power_MOSFET_0003,LOT_A01,Power MOSFET,Threshold Voltage (V),V,2.0,4.5,healthy,3.217471,3.187641,3.100672,3.013703,3.191466,3.172453,3.100672,3.013703,0.026005,0.0548489999999999,0.0996220000000001,0.126503,0.6744907594765952,0.1867703268050589,0.0,0.0,-0.02983,-0.9271256834948948,-0.0012429166666666,3.008661,3.013703,-0.2037680000000001,-0.0012129047619047,-0.000668125,0.0005447797619047,0.6744907594765952,0,13.8,1,CRITICAL,HOLD / REJECT,Drift above learned safety slope,train
Power_MOSFET_0007,LOT_A01,Power MOSFET,Threshold Voltage (V),V,2.0,4.5,healthy,3.170136,3.110081,2.924796,2.734122,3.191466,3.172453,3.100672,3.013703,0.026005,0.0548489999999999,0.0996220000000001,0.126503,-0.5532354508608323,-0.7670028195605055,-1.1907684729648609,-1.490674537562159,-0.0600549999999997,-1.8943982214012192,-0.0025022916666666,2.7497510000000016,2.734122,-0.4360139999999997,-0.0025953214285714,-0.000668125,0.0019271964285714,0.7670028195605055,0,21.57,1,CRITICAL,HOLD / REJECT,Abnormal early drift; Drift above learned safety slope,train
Power_MOSFET_0011,LOT_A01,Power MOSFET,Threshold Voltage (V),V,2.0,4.5,healthy,3.15672,3.107075,2.990244,2.8872,3.191466,3.172453,3.100672,3.013703,0.026005,0.0548489999999999,0.0996220000000001,0.126503,-0.901205765382574,-0.8039682924585837,-0.7476527833960492,-0.6744907594765952,-0.0496449999999999,-1.5726767023999575,-0.0020685416666666,2.8092050000000004,2.8872,-0.26952,-0.0016042857142857,-0.000668125,0.0009361607142857,0.901205765382574,0,20.77,1,CRITICAL,HOLD / REJECT,Abnormal early drift; Drift above learned safety slope,train
Power_MOSFET_0015,LOT_A01,Power MOSFET,Threshold Voltage (V),V,2.0,4.5,healthy,3.242466,3.227302,3.200294,3.166401,3.191466,3.172453,3.100672,3.013703,0.026005,0.0548489999999999,0.0996220000000001,0.126503,1.322785184899292,0.6744907594765952,0.6744907594765953,0.8141576878853237,-0.0151639999999999,-0.4676687434810405,-0.0006318333333333,3.136318,3.166401,-0.0760649999999998,-0.0004527678571428,-0.000668125,-0.0002153571428571,1.322785184899292,0,17.6,0,NORMAL,PASS,Within learned lot behavior,train
Power_MOSFET_0019,LOT_A01,Power MOSFET,Threshold Voltage (V),V,2.0,4.5,healthy,3.191466,3.172453,3.116503,3.052708,3.191466,3.172453,3.100672,3.013703,0.026005,0.0548489999999999,0.0996220000000001,0.126503,0.0,0.0,0.1071837868470209,0.2079674954221209,-0.0190130000000001,-0.5957450275202734,-0.0007922083333333,3.058374999999999,3.052708,-0.1387580000000001,-0.0008259404761904,-0.000668125,0.0001578154761904,0.0,0,4.17,0,NORMAL,PASS,Drift above learned safety slope,train
Power_MOSFET_0022,LOT_B02,Power MOSFET,Threshold Voltage (V),V,2.0,4.5,healthy,3.208018,3.184749,3.131807,3.0904,3.122538,3.099977,2.994704,2.917358,0.0433159999999999,0.0228269999999999,0.039079,0.064877,1.331043266230942,2.504837721222682,2.3663529413884508,1.799023228591776,-0.0232689999999999,-0.725338822911841,-0.0009695416666666,3.045135,3.0904,-0.1176180000000002,-0.0007001071428571,-0.000668125,3.198214285714328e-05,2.504837721222682,0,32.21,0,NORMAL,PASS,Drift above learned safety slope,train
Power_MOSFET_0026,LOT_B02,Power MOSFET,Threshold Voltage (V),V,2.0,4.5,healthy,3.067881,3.028992,2.890572,2.757118,3.122538,3.099977,2.994704,2.917358,0.0433159999999999,0.0228269999999999,0.039079,0.064877,-0.8510860061111936,-2.0974603128508416,-1.797284264331651,-1.6659278218556568,-0.0388889999999997,-1.2676176161982726,-0.0016203749999999,2.7956580000000018,2.757118,-0.3107629999999997,-0.0018497797619047,-0.000668125,0.0011816547619047,2.0974603128508416,0,31.6,1,CRITICAL,HOLD / REJECT,Abnormal early drift; Drift above learned safety slope,train
Power_MOSFET_0030,LOT_B02,Power MOSFET,Threshold Voltage (V),V,2.0,4.5,healthy,3.109877,3.079554,2.994704,2.917358,3.122538,3.099977,2.994704,2.917358,0.0433159999999999,0.0228269999999999,0.039079,0.064877,-0.1971494945455077,-0.6034575187624568,0.0,0.0,-0.0303230000000001,-0.9750546404246888,-0.0012634583333333,2.8976159999999997,2.917358,-0.1925189999999998,-0.0011459464285714,-0.000668125,0.0004778214285714,0.6034575187624568,0,13.36,0,NORMAL,PASS,Drift above learned safety slope,train
Power_MOSFET_0034,LOT_B02,Power MOSFET,Threshold Voltage (V),V,2.0,4.5,healthy,3.122538,3.099977,3.033783,2.963535,3.122538,3.099977,2.994704,2.917358,0.0433159999999999,0.0228269999999999,0.039079,0.064877,0.0,0.0,0.6744907594765952,0.4800770658376696,-0.022561,-0.7225212311267326,-0.0009400416666666,2.964611,2.963535,-0.1590030000000002,-0.0009464464285714,-0.000668125,0.0002783214285714,0.0,0,5.06,0,NORMAL,PASS,Drift above learned safety slope,train
Power_MOSFET_0038,LOT_B02,Power MOSFET,Threshold Voltage (V),V,2.0,4.5,healthy,3.165854,3.122804,2.990273,2.852481,3.122538,3.099977,2.994704,2.917358,0.0433159999999999,0.0228269999999999,0.039079,0.064877,0.6744907594765952,0.6744907594765952,-0.0764776108713295,-0.6744907594765952,-0.04305,-1.3598226576462475,-0.00179375,2.864504,2.852481,-0.3133729999999999,-0.0018653154761904,-0.000668125,0.0011971904761904,0.6744907594765952,0,16.83,1,CRITICAL,HOLD / REJECT,Abnormal early drift; Drift above learned safety slope,train
Power_MOSFET_0041,LOT_C03,Power MOSFET,Threshold Voltage (V),V,2.0,4.5,healthy,3.164491,3.129723,3.065453,2.99881,3.117714,3.09102,2.846009,2.759504,0.046777,0.0454309999999997,0.163837,0.239306,0.6744907594765952,0.5746035936700216,0.903415896424996,0.6744907594765952,-0.0347680000000001,-1.0986917011298225,-0.0014486666666666,2.921114999999999,2.99881,-0.1656809999999997,-0.0009861964285714,-0.000668125,0.0003180714285714,0.6744907594765952,0,15.0,0,NORMAL,PASS,Drift above learned safety slope,train
Power_MOSFET_0045,LOT_C03,Power MOSFET,Threshold Voltage (V),V,2.0,4.5,sudden_jump,3.177526,3.166333,2.846009,2.759504,3.117714,3.09102,2.846009,2.759504,0.046777,0.0454309999999997,0.163837,0.239306,0.8624461018409483,1.1181334896537836,0.0,0.0,-0.011193,-0.3522551821763223,-0.000466375,3.099175,2.759504,-0.4180219999999996,-0.0024882261904761,-0.000668125,0.0018201011904761,1.1181334896537836,0,14.58,1,CRITICAL,HOLD / REJECT,Drift above learned safety slope,train
Power_MOSFET_0049,LOT_C03,Power MOSFET,Threshold Voltage (V),V,2.0,4.5,accelerating_drift,3.102812,3.045589,2.732328,2.298348,3.117714,3.09102,2.846009,2.759504,0.046777,0.0454309999999997,0.163837,0.239306,-0.2148761420723868,-0.6744907594765953,-0.4680065188453091,-1.299781287043321,-0.057223,-1.844230330422856,-0.0023842916666666,2.702251,2.298348,-0.8044640000000003,-0.0047884761904761,-0.000668125,0.0041203511904761,0.6744907594765953,1,20.22,1,CRITICAL,HOLD / REJECT,Abnormal early drift; Drift above learned safety slope,train
Power_MOSFET_0053,LOT_C03,Power MOSFET,Threshold Voltage (V),V,2.0,4.5,latent_defect,3.064286,2.987948,2.628092,2.250793,3.117714,3.09102,2.846009,2.759504,0.046777,0.0454309999999997,0.163837,0.239306,-0.7703934048210733,-1.5302571275290442,-0.8971294813312081,-1.4338164055397626,-0.0763380000000002,-2.4912165509355275,-0.00318075,2.5299199999999984,2.250793,-0.8134930000000002,-0.0048422202380952,-0.000668125,0.0041740952380952,1.5302571275290442,1,34.02,1,CRITICAL,HOLD / REJECT,Abnormal early drift; Drift above learned safety slope,train
Power_MOSFET_0057,LOT_C03,Power MOSFET,Threshold Voltage (V),V,2.0,4.5,healthy,3.117714,3.09102,3.009846,2.953415,3.117714,3.09102,2.846009,2.759504,0.046777,0.0454309999999997,0.163837,0.239306,0.0,0.0,0.6744907594765952,0.5465436623438861,-0.0266939999999999,-0.8562042573500968,-0.0011122499999999,2.930856,2.953415,-0.1642989999999997,-0.0009779702380952,-0.000668125,0.0003098452380952,0.0,0,5.99,0,NORMAL,PASS,Drift above learned safety slope,train
Power_MOSFET_0064,LOT_D04,Power MOSFET,Threshold Voltage (V),V,2.0,4.5,healthy,3.105858,3.095684,3.013443,2.95344,3.162477,3.112567,3.013443,2.932915,0.0566189999999999,0.023727,0.0425059999999999,0.0415830000000001,-0.6744907594765952,-0.4799354108080802,0.0,0.3329226568130523,-0.0101740000000001,-0.3275745381791481,-0.0004239166666666,3.034639999999999,2.95344,-0.1524179999999999,-0.0009072499999999,-0.000668125,0.0002391249999999,0.6744907594765952,0,9.6,0,NORMAL,PASS,Drift above learned safety slope,train
Power_MOSFET_0068,LOT_D04,Power MOSFET,Threshold Voltage (V),V,2.0,4.5,healthy,3.088846,3.066859,2.970937,2.884457,3.162477,3.112567,3.013443,2.932915,0.0566189999999999,0.023727,0.0425059999999999,0.0415830000000001,-0.8771512939299715,-1.2993477318732267,-0.6744907594765951,-0.7860056567038648,-0.0219870000000002,-0.7118192360512696,-0.000916125,2.934936999999999,2.884457,-0.2043890000000003,-0.0012166011904761,-0.000668125,0.0005484761904761,1.2993477318732267,0,19.06,1,CRITICAL,HOLD / REJECT,Drift above learned safety slope,train
Power_MOSFET_0072,LOT_D04,Power MOSFET,Threshold Voltage (V),V,2.0,4.5,healthy,3.258256,3.213588,3.091676,2.974498,3.162477,3.112567,3.013443,2.932915,0.0566189999999999,0.023727,0.0425059999999999,0.0415830000000001,1.1409959634028988,2.871738146966963,1.2414114615850127,0.6744907594765952,-0.0446679999999997,-1.3709174478616692,-0.0018611666666666,2.945580000000002,2.974498,-0.2837579999999997,-0.0016890357142857,-0.000668125,0.0010209107142857,2.871738146966963,0,40.71,1,CRITICAL,HOLD / REJECT,Abnormal early drift; Drift above learned safety slope,train
Power_MOSFET_0076,LOT_D04,Power MOSFET,Threshold Voltage (V),V,2.0,4.5,sudden_jump,3.162477,3.112567,2.623324,2.406178,3.162477,3.112567,3.013443,2.932915,0.0566189999999999,0.023727,0.0425059999999999,0.0415830000000001,0.0,0.0,-6.190459243312713,-8.543857806661904,-0.0499100000000001,-1.5781932959512472,-0.0020795833333333,2.813106999999999,2.406178,-0.7562989999999998,-0.0045017797619047,-0.000668125,0.0038336547619047,0.0,0,11.05,1,CRITICAL,HOLD / REJECT,Abnormal early drift; Drift above learned safety slope,train
Power_MOSFET_0080,LOT_D04,Power MOSFET,Threshold Voltage (V),V,2.0,4.5,healthy,3.184579,3.136294,3.043617,2.932915,3.162477,3.112567,3.013443,2.932915,0.0566189999999999,0.023727,0.0425059999999999,0.0415830000000001,0.2632966807246968,0.6744907594765952,0.4788049728613986,0.0,-0.0482849999999999,-1.5162129750902682,-0.0020118749999999,2.8465840000000004,2.932915,-0.2516639999999999,-0.0014979999999999,-0.000668125,0.0008298749999999,0.6744907594765952,0,17.92,1,CRITICAL,HOLD / REJECT,Abnormal early drift; Drift above learned safety slope,train
Power_MOSFET_0083,LOT_E05,Power MOSFET,Threshold Voltage (V),V,2.0,4.5,sudden_jump,3.091427,3.071942,2.666243,2.512734,3.128012,3.103869,2.973068,2.880691,0.0416669999999999,0.031927,0.1315379999999999,0.155542,-0.5922251286498034,-0.6744907594765952,-1.573314382736596,-1.5956050223394935,-0.0194849999999999,-0.6302914479300328,-0.0008118749999999,2.955032,2.512734,-0.5786929999999999,-0.0034446011904761,-0.000668125,0.0027764761904761,0.6744907594765952,0,11.72,1,CRITICAL,HOLD / REJECT,Drift above learned safety slope,train
Power_MOSFET_0087,LOT_E05,Power MOSFET,Threshold Voltage (V),V,2.0,4.5,gradual_drift,3.204844,3.103869,2.77865,2.466927,3.128012,3.103869,2.973068,2.880691,0.0416669999999999,0.031927,0.1315379999999999,0.155542,1.243729426935126,0.0,-0.996922140187025,-1.794242034974951,-0.100975,-3.150699378815319,-0.0042072916666666,2.498019,2.466927,-0.7379169999999999,-0.004392363095238,-0.000668125,0.003724238095238,1.243729426935126,1,35.53,1,CRITICAL,HOLD / REJECT,Abnormal early drift; Drift above learned safety slope,train
Power_MOSFET_0091,LOT_E05,Power MOSFET,Threshold Voltage (V),V,2.0,4.5,healthy,3.086345,3.065525,2.973068,2.880691,3.128012,3.103869,2.973068,2.880691,0.0416669999999999,0.031927,0.1315379999999999,0.155542,-0.6744907594765952,-0.8100564939195819,0.0,0.0,-0.02082,-0.6745843384326788,-0.0008675,2.940605,2.880691,-0.205654,-0.0012241309523809,-0.000668125,0.0005560059523809,0.8100564939195819,0,13.5,1,CRITICAL,HOLD / REJECT,Drift above learned safety slope,train
Power_MOSFET_0095,LOT_E05,Power MOSFET,Threshold Voltage (V),V,2.0,4.5,healthy,3.128012,3.112412,3.060871,3.015767,3.128012,3.103869,2.973068,2.880691,0.0416669999999999,0.031927,0.1315379999999999,0.155542,0.0,0.1804796742007869,0.4502296838504734,0.5857422035659845,-0.0156,-0.4987193143760337,-0.00065,3.018812,3.015767,-0.1122450000000001,-0.000668125,-0.000668125,0.0,0.1804796742007869,0,5.45,0,NORMAL,PASS,Within learned lot behavior,train
Power_MOSFET_0099,LOT_E05,Power MOSFET,Threshold Voltage (V),V,2.0,4.5,healthy,3.191398,3.180653,3.104606,3.036233,3.128012,3.103869,2.973068,2.880691,0.0416669999999999,0.031927,0.1315379999999999,0.155542,1.0260703021619877,1.6221410867181634,0.6744907594765952,0.6744907594765952,-0.010745,-0.3366863048732876,-0.0004477083333333,3.116183,3.036233,-0.1551649999999997,-0.0009236011904761,-0.000668125,0.0002554761904761,1.6221410867181634,0,19.93,0,NORMAL,PASS,Drift above learned safety slope,train
Power_MOSFET_0102,LOT_F06,Power MOSFET,Threshold Voltage (V),V,2.0,4.5,healthy,3.185721,3.169598,3.114626,3.051819,3.136488,3.10219,3.027618,2.986493,0.0269979999999998,0.0426449999999998,0.032219,0.0653260000000002,1.2299875383847487,1.0661524941915526,1.821474657827356,0.6744907594765952,-0.0161229999999998,-0.5061020723409203,-0.0006717916666666,3.072860000000001,3.051819,-0.1339019999999999,-0.0007970357142857,-0.000668125,0.0001289107142857,1.2299875383847487,0,16.87,0,NORMAL,PASS,Drift above learned safety slope,train
Power_MOSFET_0106,LOT_F06,Power MOSFET,Threshold Voltage (V),V,2.0,4.5,accelerating_drift,3.10949,3.014501,2.585889,2.071362,3.136488,3.10219,3.027618,2.986493,0.0269979999999998,0.0426449999999998,0.032219,0.0653260000000002,-0.6744907594765952,-1.3869250840132064,-9.24740459644424,-9.448724906018642,-0.0949889999999999,-3.05480963116138,-0.003957875,2.444567,2.071362,-1.038128,-0.0061793333333333,-0.000668125,0.0055112083333333,1.3869250840132064,1,36.41,1,CRITICAL,HOLD / REJECT,Abnormal early drift; Drift above learned safety slope,train
Power_MOSFET_0110,LOT_F06,Power MOSFET,Threshold Voltage (V),V,2.0,4.5,healthy,3.136488,3.10219,3.007118,2.904002,3.136488,3.10219,3.027618,2.986493,0.0269979999999998,0.0426449999999998,0.032219,0.0653260000000002,0.0,0.0,-0.4291585886982845,-0.8517193344148332,-0.0342980000000001,-1.0935160600008724,-0.0014290833333333,2.896401999999999,2.904002,-0.2324859999999997,-0.0013838452380952,-0.000668125,0.0007157202380952,0.0,0,7.65,1,CRITICAL,HOLD / REJECT,Drift above learned safety slope,train
Power_MOSFET_0114,LOT_F06,Power MOSFET,Threshold Voltage (V),V,2.0,4.5,healthy,3.145828,3.132335,3.059837,2.986493,3.136488,3.10219,3.027618,2.986493,0.0269979999999998,0.0426449999999998,0.032219,0.0653260000000002,0.2333411250282009,0.476785647659095,0.6744907594765952,0.0,-0.0134929999999999,-0.4289172834624136,-0.0005622083333333,3.051377,2.986493,-0.159335,-0.0009484226190476,-0.000668125,0.0002802976190476,0.476785647659095,0,8.17,0,NORMAL,PASS,Drift above learned safety slope,train
Power_MOSFET_0118,LOT_F06,Power MOSFET,Threshold Voltage (V),V,2.0,4.5,lot_outlier,3.077593,3.059545,3.027618,2.991327,3.136488,3.10219,3.027618,2.986493,0.0269979999999998,0.0426449999999998,0.032219,0.0653260000000002,-1.471373186138765,-0.6744907594765951,0.0,0.0499110359016318,-0.0180479999999998,-0.5864323190233356,-0.0007519999999999,2.951257000000001,2.991327,-0.0862659999999997,-0.000513488095238,-0.000668125,-0.0001546369047619,1.471373186138765,0,20.04,0,NORMAL,PASS,Within learned lot behavior,train
Power_MOSFET_0121,LOT_G07,Power MOSFET,Threshold Voltage (V),V,2.0,4.5,latent_defect,3.19832,3.144429,2.869129,2.57962,3.16447,3.139211,3.026509,2.94131,0.0241849999999996,0.0052180000000001,0.0527249999999996,0.0609929999999998,0.9440360640183112,0.6744907594765952,-2.0133021474903194,-3.9997469020230274,-0.0538909999999996,-1.684978363640902,-0.0022454583333333,2.821083000000002,2.57962,-0.6187,-0.003682738095238,-0.000668125,0.003014613095238,0.9440360640183112,1,22.02,1,CRITICAL,HOLD / REJECT,Abnormal early drift; Drift above learned safety slope,train
Power_MOSFET_0125,LOT_G07,Power MOSFET,Threshold Voltage (V),V,2.0,4.5,healthy,3.126709,3.094893,3.026509,2.949598,3.16447,3.139211,3.026509,2.94131,0.0241849999999996,0.0052180000000001,0.0527249999999996,0.0609929999999998,-1.0531091820796423,-5.728647274527184,0.0,0.0916528030190666,-0.031816,-1.0175555192376415,-0.0013256666666666,2.9039969999999995,2.949598,-0.177111,-0.0010542321428571,-0.000668125,0.0003861071428571,5.728647274527184,1,69.18,0,HIGH,QA REVIEW,Lot-level outlier; Drift above learned safety slope,train
Power_MOSFET_0129,LOT_G07,Power MOSFET,Threshold Voltage (V),V,2.0,4.5,healthy,3.16447,3.140392,3.080991,3.002303,3.16447,3.139211,3.026509,2.94131,0.0241849999999996,0.0052180000000001,0.0527249999999996,0.0609929999999998,0.0,0.1526587939712055,0.6969673884837208,0.6744907594765952,-0.0240780000000002,-0.7608857091392955,-0.00100325,2.9959239999999983,3.002303,-0.1621670000000001,-0.0009652797619047,-0.000668125,0.0002971547619047,0.1526587939712055,0,6.98,0,NORMAL,PASS,Drift above learned safety slope,train
Power_MOSFET_0133,LOT_G07,Power MOSFET,Threshold Voltage (V),V,2.0,4.5,healthy,3.188655,3.139211,2.973784,2.798108,3.16447,3.139211,3.026509,2.94131,0.0241849999999996,0.0052180000000001,0.0527249999999996,0.0609929999999998,0.6744907594765952,0.0,-0.6744907594765952,-1.583598539808956,-0.0494439999999998,-1.5506224411232894,-0.0020601666666666,2.842547000000001,2.798108,-0.3905469999999997,-0.0023246845238095,-0.000668125,0.0016565595238095,0.6744907594765952,0,18.16,1,CRITICAL,HOLD / REJECT,Abnormal early drift; Drift above learned safety slope,train
Power_MOSFET_0137,LOT_G07,Power MOSFET,Threshold Voltage (V),V,2.0,4.5,healthy,3.163136,3.131047,3.039674,2.94131,3.16447,3.139211,3.026509,2.94131,0.0241849999999996,0.0052180000000001,0.0527249999999996,0.0609929999999998,-0.0372036664520055,-1.0552975393573472,0.1684148098342274,0.0,-0.032089,-1.0144679204435103,-0.0013370416666666,2.938513,2.94131,-0.221826,-0.0013203928571428,-0.000668125,0.0006522678571428,1.0552975393573472,0,18.53,1,CRITICAL,HOLD / REJECT,Drift above learned safety slope,train
Power_MOSFET_0144,LOT_H08,Power MOSFET,Threshold Voltage (V),V,2.0,4.5,sudden_jump,3.225522,3.193686,2.817599,2.681876,3.23013,3.193686,2.84687,2.709884,0.0087410000000001,0.0169389999999998,0.0597729999999998,0.1434249999999997,-0.3555718361363945,0.0,-0.3302999518284091,-0.1317143956173658,-0.0318359999999997,-0.9870030339275242,-0.0013264999999999,3.002670000000001,2.681876,-0.5436459999999999,-0.003235988095238,-0.000668125,0.002567863095238,0.3555718361363945,0,10.76,1,CRITICAL,HOLD / REJECT,Drift above learned safety slope,train
Power_MOSFET_0148,LOT_H08,Power MOSFET,Threshold Voltage (V),V,2.0,4.5,lot_outlier,3.02246,2.980761,2.906643,2.853309,3.23013,3.193686,2.84687,2.709884,0.0087410000000001,0.0169389999999998,0.0597729999999998,0.1434249999999997,-16.024653474488346,-8.478419325907991,0.6744907594765952,0.6744907594765952,-0.0416989999999999,-1.379637778498307,-0.0017374583333333,2.7305670000000006,2.853309,-0.1691510000000002,-0.0010068511904761,-0.000668125,0.0003387261904761,16.024653474488346,1,100.0,0,CRITICAL,HOLD / REJECT,Lot-level outlier; Abnormal early drift; Drift above learned safety slope,train
Power_MOSFET_0152,LOT_H08,Power MOSFET,Threshold Voltage (V),V,2.0,4.5,sudden_jump,3.238871,3.210625,2.84687,2.709884,3.23013,3.193686,2.84687,2.709884,0.0087410000000001,0.0169389999999998,0.0597729999999998,0.1434249999999997,0.6744907594765952,0.6744907594765952,0.0,0.0,-0.0282460000000002,-0.8720940105363941,-0.0011769166666666,3.0411489999999985,2.709884,-0.5289869999999999,-0.0031487321428571,-0.000668125,0.0024806071428571,0.6744907594765952,0,13.41,1,CRITICAL,HOLD / REJECT,Drift above learned safety slope,train
Power_MOSFET_0156,LOT_H08,Power MOSFET,Threshold Voltage (V),V,2.0,4.5,healthy,3.23013,3.199212,3.124697,3.049193,3.23013,3.193686,2.84687,2.709884,0.0087410000000001,0.0169389999999998,0.0597729999999998,0.1434249999999997,0.0,0.2200387234705591,3.135056701739989,1.5956826571883862,-0.0309179999999997,-0.9571750982158544,-0.0012882499999999,3.013704000000001,3.049193,-0.1809370000000001,-0.0010770059523809,-0.000668125,0.0004088809523809,0.2200387234705591,0,9.08,0,NORMAL,PASS,Drift above learned safety slope,train
Power_MOSFET_0160,LOT_H08,Power MOSFET,Threshold Voltage (V),V,2.0,4.5,gradual_drift,3.244116,3.113047,2.738864,2.369146,3.23013,3.193686,2.84687,2.709884,0.0087410000000001,0.0169389999999998,0.0597729999999998,0.1434249999999997,1.0792160807733189,-3.2109487191353585,-1.218761798270613,-1.6024028753880886,-0.1310690000000001,-4.040206946977238,-0.0054612083333333,2.3266329999999997,2.369146,-0.8749699999999998,-0.0052081547619047,-0.000668125,0.0045400297619047,3.2109487191353585,1,63.07,1,CRITICAL,HOLD / REJECT,Lot-level outlier; Abnormal early drift; Drift above learned safety slope,train
Power_MOSFET_0163,LOT_I09,Power MOSFET,Threshold Voltage (V),V,2.0,4.5,lot_outlier,2.958609,2.92351,2.857209,2.782377,3.124851,3.08628,2.982175,2.882226,0.0630609999999998,0.0788790000000001,0.0990220000000001,0.1160019999999999,-1.778098869934008,-1.391838904144389,-0.851208945979195,-0.5805695405508421,-0.0350990000000002,-1.1863345240956211,-0.0014624583333333,2.7129159999999986,2.782377,-0.1762320000000001,-0.001049,-0.000668125,0.000380875,1.778098869934008,0,27.57,0,NORMAL,PASS,Drift above learned safety slope,validation
Power_MOSFET_0167,LOT_I09,Power MOSFET,Threshold Voltage (V),V,2.0,4.5,healthy,3.190741,3.161165,3.081197,2.998228,3.124851,3.08628,2.982175,2.882226,0.0630609999999998,0.0788790000000001,0.0990220000000001,0.1160019999999999,0.704749308477712,0.6403382462176853,0.6744907594765953,0.6744907594765952,-0.029576,-0.9269320198662332,-0.0012323333333333,2.983709,2.998228,-0.1925129999999999,-0.0011459107142857,-0.000668125,0.0004777857142857,0.704749308477712,0,14.12,0,NORMAL,PASS,Drift above learned safety slope,validation
Power_MOSFET_0171,LOT_I09,Power MOSFET,Threshold Voltage (V),V,2.0,4.5,healthy,3.187912,3.165159,3.078423,3.005356,3.124851,3.08628,2.982175,2.882226,0.0630609999999998,0.0788790000000001,0.0990220000000001,0.1160019999999999,0.6744907594765952,0.6744907594765952,0.6555955910616157,0.7159363391523683,-0.0227529999999998,-0.713727355083823,-0.0009480416666666,3.028641000000001,3.005356,-0.1825559999999999,-0.0010866428571428,-0.000668125,0.0004185178571428,0.6744907594765952,0,12.3,0,NORMAL,PASS,Drift above learned safety slope,validation
Power_MOSFET_0175,LOT_I09,Power MOSFET,Threshold Voltage (V),V,2.0,4.5,gradual_drift,3.110642,3.004649,2.6621,2.320432,3.124851,3.08628,2.982175,2.882226,0.0630609999999998,0.0788790000000001,0.0990220000000001,0.1160019999999999,-0.1519772791646669,-0.6980229869399168,-2.1801986411047105,-3.2665373159893343,-0.1059929999999997,-3.4074316491579486,-0.0044163749999999,2.368691000000001,2.320432,-0.7902100000000001,-0.0047036309523809,-0.000668125,0.0040355059523809,0.6980229869399168,1,31.41,1,CRITICAL,HOLD / REJECT,Abnormal early drift; Drift above learned safety slope,validation
Power_MOSFET_0179,LOT_I09,Power MOSFET,Threshold Voltage (V),V,2.0,4.5,healthy,3.124851,3.08628,2.982175,2.882226,3.124851,3.08628,2.982175,2.882226,0.0630609999999998,0.0788790000000001,0.0990220000000001,0.1160019999999999,0.0,0.0,0.0,0.0,-0.0385710000000001,-1.2343308528950705,-0.001607125,2.854853999999999,2.882226,-0.2426249999999998,-0.0014441964285714,-0.000668125,0.0007760714285714,0.0,0,8.64,1,CRITICAL,HOLD / REJECT,Abnormal early drift; Drift above learned safety slope,validation
Power_MOSFET_0182,LOT_J10,Power MOSFET,Threshold Voltage (V),V,2.0,4.5,healthy,3.204338,3.166207,3.105376,3.033832,3.253344,3.204565,3.105376,2.999555,0.0474130000000001,0.0383580000000001,0.0505340000000003,0.0922519999999997,-0.6971525564488609,-0.6744907594765952,0.0,0.2506126670704075,-0.0381309999999999,-1.1899805825727472,-0.0015887916666666,2.9374210000000005,3.033832,-0.170506,-0.0010149166666666,-0.000668125,0.0003467916666666,0.6971525564488609,0,15.88,0,NORMAL,PASS,Drift above learned safety slope,validation
Power_MOSFET_0186,LOT_J10,Power MOSFET,Threshold Voltage (V),V,2.0,4.5,healthy,3.25758,3.204565,3.054842,2.907303,3.253344,3.204565,3.105376,2.999555,0.0474130000000001,0.0383580000000001,0.0505340000000003,0.0922519999999997,0.0602607482577127,0.0,-0.6744907594765952,-0.6744907594765952,-0.0530149999999998,-1.6274350898519705,-0.0022089583333333,2.886475000000001,2.907303,-0.3502769999999997,-0.0020849821428571,-0.000668125,0.0014168571428571,0.0602607482577127,0,12.04,1,CRITICAL,HOLD / REJECT,Abnormal early drift; Drift above learned safety slope,validation
Power_MOSFET_0190,LOT_J10,Power MOSFET,Threshold Voltage (V),V,2.0,4.5,healthy,3.13803,3.104636,2.997774,2.893916,3.253344,3.204565,3.105376,2.999555,0.0474130000000001,0.0383580000000001,0.0505340000000003,0.0922519999999997,-1.6404409642562936,-1.7571611424927378,-1.4361925575097985,-0.7723683967865004,-0.0333939999999999,-1.064170833293497,-0.0013914166666666,2.9042720000000006,2.893916,-0.2441140000000001,-0.0014530595238095,-0.000668125,0.0007849345238095,1.7571611424927378,0,26.49,1,CRITICAL,HOLD / REJECT,Drift above learned safety slope,validation
Power_MOSFET_0194,LOT_J10,Power MOSFET,Threshold Voltage (V),V,2.0,4.5,healthy,3.253344,3.22766,3.164693,3.093538,3.253344,3.204565,3.105376,2.999555,0.0474130000000001,0.0383580000000001,0.0505340000000003,0.0922519999999997,0.0,0.4061047001958386,0.7917198001320498,0.6871467832446895,-0.0256839999999995,-0.7894646247061361,-0.0010701666666666,3.0735560000000026,3.093538,-0.1598059999999996,-0.0009512261904761,-0.000668125,0.0002831011904761,0.4061047001958386,0,9.93,0,NORMAL,PASS,Drift above learned safety slope,validation
Power_MOSFET_0198,LOT_J10,Power MOSFET,Threshold Voltage (V),V,2.0,4.5,healthy,3.300757,3.255719,3.121915,2.999555,3.253344,3.204565,3.105376,2.999555,0.0474130000000001,0.0383580000000001,0.0505340000000003,0.0922519999999997,0.6744907594765952,0.8994968535967881,0.2207504387339859,0.0,-0.0450379999999999,-1.364474876520747,-0.0018765833333333,2.985491000000001,2.999555,-0.3012019999999999,-0.001792869047619,-0.000668125,0.001124744047619,0.8994968535967881,0,19.3,1,CRITICAL,HOLD / REJECT,Abnormal early drift; Drift above learned safety slope,validation
Power_MOSFET_0201,LOT_K11,Power MOSFET,Threshold Voltage (V),V,2.0,4.5,latent_defect,3.197466,3.132917,2.867178,2.597348,3.17226,3.112989,2.867178,2.693964,0.0252059999999998,0.0199280000000001,0.0743,0.1307210000000003,0.6744907594765952,0.6744907594765952,0.0,-0.4985166822284889,-0.0645489999999999,-2.018754851498029,-0.0026895416666666,2.745623,2.597348,-0.6001179999999997,-0.0035721309523809,-0.000668125,0.0029040059523809,0.6744907594765952,1,21.44,1,CRITICAL,HOLD / REJECT,Abnormal early drift; Drift above learned safety slope,test
Power_MOSFET_0205,LOT_K11,Power MOSFET,Threshold Voltage (V),V,2.0,4.5,lot_outlier,2.947465,2.902735,2.792878,2.693964,3.17226,3.112989,2.867178,2.693964,0.0252059999999998,0.0199280000000001,0.0743,0.1307210000000003,-6.015319776106577,-7.1163378233134695,-0.6744907594765952,0.0,-0.0447299999999999,-1.5175752723102711,-0.0018637499999999,2.634355,2.693964,-0.253501,-0.0015089345238095,-0.000668125,0.0008408095238095,7.1163378233134695,1,87.72,1,CRITICAL,HOLD / REJECT,Lot-level outlier; Abnormal early drift; Drift above learned safety slope,test
Power_MOSFET_0209,LOT_K11,Power MOSFET,Threshold Voltage (V),V,2.0,4.5,latent_defect,3.17226,3.112989,2.840794,2.533866,3.17226,3.112989,2.867178,2.693964,0.0252059999999998,0.0199280000000001,0.0743,0.1307210000000003,0.0,0.0,-0.2395123041457685,-0.8260694273351905,-0.0592710000000002,-1.8684155775377895,-0.002469625,2.757362999999998,2.533866,-0.6383939999999999,-0.0037999642857142,-0.000668125,0.0031318392857142,0.0,1,13.08,1,CRITICAL,HOLD / REJECT,Abnormal early drift; Drift above learned safety slope,test
Power_MOSFET_0213,LOT_K11,Power MOSFET,Threshold Voltage (V),V,2.0,4.5,healthy,3.143655,3.10843,2.971328,2.824685,3.17226,3.112989,2.867178,2.693964,0.0252059999999998,0.0199280000000001,0.0743,0.1307210000000003,-0.765445059701193,-0.1543056690312002,0.94546719514788,0.6744907594765952,-0.035225,-1.1205109975490335,-0.0014677083333333,2.8970799999999994,2.824685,-0.3189699999999997,-0.0018986309523809,-0.000668125,0.0012305059523809,0.765445059701193,0,16.14,1,CRITICAL,HOLD / REJECT,Drift above learned safety slope,test
Power_MOSFET_0217,LOT_K11,Power MOSFET,Threshold Voltage (V),V,2.0,4.5,healthy,3.192835,3.148161,3.029593,2.915319,3.17226,3.112989,2.867178,2.693964,0.0252059999999998,0.0199280000000001,0.0743,0.1307210000000003,0.5505692048016758,1.1904450518020244,1.4743932261156298,1.14214167627192,-0.0446740000000001,-1.399195385918787,-0.0018614166666666,2.880117,2.915319,-0.2775159999999999,-0.0016518809523809,-0.000668125,0.0009837559523809,1.1904450518020244,0,22.69,1,CRITICAL,HOLD / REJECT,Abnormal early drift; Drift above learned safety slope,test
Power_MOSFET_0224,LOT_L12,Power MOSFET,Threshold Voltage (V),V,2.0,4.5,healthy,3.113022,3.080093,3.016152,2.955865,3.192113,3.19193,3.150668,3.072944,0.041188,0.0268429999999999,0.031962,0.1170789999999999,-1.295186672277445,-2.810156207114857,-2.8386771479179527,-0.6744907594765952,-0.0329289999999997,-1.0577824377726777,-0.0013720416666666,2.8825190000000016,2.955865,-0.1571569999999997,-0.0009354583333333,-0.000668125,0.0002673333333333,2.810156207114857,0,37.85,0,REVIEW,QA REVIEW,Drift above learned safety slope,test
Power_MOSFET_0228,LOT_L12,Power MOSFET,Threshold Voltage (V),V,2.0,4.5,healthy,3.295584,3.255486,3.161581,3.072944,3.192113,3.19193,3.150668,3.072944,0.041188,0.0268429999999999,0.031962,0.1170789999999999,1.6944312269059605,1.596987471940334,0.2302959032028045,0.0,-0.0400979999999999,-1.21671910046899,-0.0016707499999999,3.014898,3.072944,-0.2226399999999997,-0.001325238095238,-0.000668125,0.000657113095238,1.6944312269059605,0,26.87,1,CRITICAL,HOLD / REJECT,Abnormal early drift; Drift above learned safety slope,test
Power_MOSFET_0232,LOT_L12,Power MOSFET,Threshold Voltage (V),V,2.0,4.5,healthy,3.192113,3.19193,3.18263,3.195272,3.192113,3.19193,3.150668,3.072944,0.041188,0.0268429999999999,0.031962,0.1170789999999999,0.0,0.0,0.6744907594765952,0.7047301875251153,-0.0001829999999998,-0.0057328797570706,-7.624999999992592e-06,3.190832000000001,3.195272,0.0031590000000001,1.8803571428572225e-05,-0.000668125,-0.0006493214285714,0.0,0,0.04,0,NORMAL,PASS,Within learned lot behavior,test
Power_MOSFET_0236,LOT_L12,Power MOSFET,Threshold Voltage (V),V,2.0,4.5,healthy,3.233301,3.199698,3.150668,3.094981,3.192113,3.19193,3.150668,3.072944,0.041188,0.0268429999999999,0.031962,0.1170789999999999,0.6744907594765952,0.1951884744482434,0.0,0.1269549011059694,-0.0336029999999998,-1.0392784340214485,-0.0014001249999999,2.998080000000001,3.094981,-0.1383199999999997,-0.0008233333333333,-0.000668125,0.0001552083333333,0.6744907594765952,0,14.58,0,NORMAL,PASS,Drift above learned safety slope,test
Power_MOSFET_0240,LOT_L12,Power MOSFET,Threshold Voltage (V),V,2.0,4.5,sudden_jump,3.187795,3.165087,2.809633,2.693849,3.192113,3.19193,3.150668,3.072944,0.041188,0.0268429999999999,0.031962,0.1170789999999999,-0.0707111561479063,-0.6744907594765952,-7.196826110947389,-2.183961892942201,-0.0227079999999997,-0.7123419165912404,-0.0009461666666666,3.028839000000002,2.693849,-0.4939459999999998,-0.0029401547619047,-0.000668125,0.0022720297619047,0.6744907594765952,0,12.29,1,CRITICAL,HOLD / REJECT,Drift above learned safety slope,test
RF_MMIC_0004,LOT_A01,RF MMIC,Supply Current (mA),mA,35.0,65.0,healthy,46.782268,47.87979,50.546185,53.690699,74.089505,76.9284575,86.5037595,96.8703165,27.8672405,29.010908,33.02880999999999,33.808141500000005,-0.6609365941108298,-0.6753686511245386,-0.7342998955590969,-0.8614567884923185,1.097521999999998,2.3460213600588964,0.0457300833333332,54.46492199999999,53.690699,6.908431,0.041121613095238,0.1348156845238095,-0.0936940714285714,0.6753686511245386,0,23.74,0,NORMAL,PASS,Abnormal early drift,train
RF_MMIC_0008,LOT_A01,RF MMIC,Supply Current (mA),mA,35.0,65.0,accelerating_drift,47.690427,49.558446,59.798993,73.217574,74.089505,76.9284575,86.5037595,96.8703165,27.8672405,29.010908,33.02880999999999,33.808141500000005,-0.6389557720902389,-0.6363406427512761,-0.5453456615067312,-0.4718850414338611,1.868019000000004,3.916968493488229,0.0778341250000001,60.76656000000003,73.217574,25.527147,0.1519473035714285,0.1348156845238095,0.017131619047619,0.6389557720902389,1,34.34,1,CRITICAL,HOLD / REJECT,Abnormal early drift; Predicted value near limit; Drift above learned safety slope,train
RF_MMIC_0012,LOT_A01,RF MMIC,Supply Current (mA),mA,35.0,65.0,healthy,45.102588,46.487681,50.631087,54.414188,74.089505,76.9284575,86.5037595,96.8703165,27.8672405,29.010908,33.02880999999999,33.808141500000005,-0.7015910908801691,-0.7077345686850713,-0.7325660875756703,-0.8470227905429499,1.3850930000000048,3.070983421173093,0.0577122083333335,54.79823900000003,54.414188,9.311600000000006,0.0554261904761905,0.1348156845238095,-0.079389494047619,0.7077345686850713,0,29.16,0,NORMAL,PASS,Abnormal early drift,train
RF_MMIC_0016,LOT_A01,RF MMIC,Supply Current (mA),mA,35.0,65.0,accelerating_drift,47.341028,50.110357,62.51795,77.330473,74.089505,76.9284575,86.5037595,96.8703165,27.8672405,29.010908,33.02880999999999,33.808141500000005,-0.6474125260652284,-0.6235089564919738,-0.4898210642864801,-0.3898304756671943,2.769328999999999,5.849744116245213,0.1153887083333333,66.72633099999999,77.330473,29.989445,0.1785086011904761,0.1348156845238095,0.0436929166666666,0.6474125260652284,1,42.01,1,CRITICAL,HOLD / REJECT,Abnormal early drift; Predicted value near limit; Drift above learned safety slope,train
RF_MMIC_0020,LOT_A01,RF MMIC,Supply Current (mA),mA,35.0,65.0,healthy,46.481213,47.212274,49.485146,51.752516,74.089505,76.9284575,86.5037595,96.8703165,27.8672405,29.010908,33.02880999999999,33.808141500000005,-0.668223243666039,-0.6908881024220567,-0.7559676759285467,-0.9001245905563459,0.731061000000004,1.5728096424678162,0.0304608750000001,51.59864000000002,51.752516,5.271303000000003,0.0313768035714285,0.1348156845238095,-0.1034388809523809,0.6908881024220567,0,18.49,0,NORMAL,PASS,Abnormal early drift,train
RF_MMIC_0023,LOT_B02,RF MMIC,Supply Current (mA),mA,35.0,65.0,healthy,45.968109,46.755498,48.79586,50.564993,74.2285325,76.25891899999999,81.74678449999999,87.21253,28.3434895,29.11558949999999,32.77209199999999,35.6832935,-0.6725140357063382,-0.6834752508599466,-0.6781713566366454,-0.6927170291631467,0.7873890000000046,1.712902743073474,0.0328078750000001,51.47983200000003,50.564993,4.596884000000003,0.0273624047619047,0.1348156845238095,-0.1074532797619047,0.6834752508599466,0,19.39,0,NORMAL,PASS,Abnormal early drift,train
RF_MMIC_0027,LOT_B02,RF MMIC,Supply Current (mA),mA,35.0,65.0,healthy,47.684663,48.446821,50.144801,51.632454,74.2285325,76.25891899999999,81.74678449999999,87.21253,28.3434895,29.11558949999999,32.77209199999999,35.6832935,-0.6316651553614325,-0.6442941195697753,-0.6504084588765903,-0.672539727407028,0.7621579999999994,1.5983294251235445,0.0317565833333333,53.019769,51.632454,3.9477910000000014,0.0234987559523809,0.1348156845238095,-0.1113169285714285,0.6442941195697753,0,18.17,0,NORMAL,PASS,Abnormal early drift,train
RF_MMIC_0031,LOT_B02,RF MMIC,Supply Current (mA),mA,35.0,65.0,healthy,46.625427,47.358779,49.288499,51.627569,74.2285325,76.25891899999999,81.74678449999999,87.21253,28.3434895,29.11558949999999,32.77209199999999,35.6832935,-0.6568718221024825,-0.6694996636623116,-0.668032228098321,-0.6726320643814737,0.7333519999999965,1.5728585177353902,0.0305563333333331,51.75889099999998,51.627569,5.002141999999999,0.0297746547619047,0.1348156845238095,-0.1050410297619047,0.6694996636623116,0,18.26,0,NORMAL,PASS,Abnormal early drift,train
RF_MMIC_0035,LOT_B02,RF MMIC,Supply Current (mA),mA,35.0,65.0,latent_defect,46.544055,48.184842,55.437006,63.613459,74.2285325,76.25891899999999,81.74678449999999,87.21253,28.3434895,29.11558949999999,32.77209199999999,35.6832935,-0.6588082337105216,-0.6503631162039296,-0.5414882419506817,-0.4460730431660433,1.640787000000003,3.525234318324872,0.0683661250000001,58.02956400000002,63.613459,17.069404,0.1016035952380952,0.1348156845238095,-0.0332120892857142,0.6588082337105216,1,31.81,0,NORMAL,PASS,Abnormal early drift,train
RF_MMIC_0039,LOT_B02,RF MMIC,Supply Current (mA),mA,35.0,65.0,healthy,45.801977,46.92788,49.153525,51.433217,74.2285325,76.25891899999999,81.74678449999999,87.21253,28.3434895,29.11558949999999,32.77209199999999,35.6832935,-0.6764674832468524,-0.6794818552908789,-0.6708101623165452,-0.6763057339121686,1.125903000000001,2.4581973830518296,0.046912625,53.68329800000001,51.433217,5.631239999999998,0.0335192857142857,0.1348156845238095,-0.1012963988095238,0.6794818552908789,0,24.57,0,NORMAL,PASS,Abnormal early drift,train
RF_MMIC_0042,LOT_C03,RF MMIC,Supply Current (mA),mA,35.0,65.0,healthy,45.948855,47.348489,51.383509,55.498835,73.881106,76.695573,86.9983025,96.4695165,27.872337,29.394579999999998,33.06388749999999,35.924873500000004,-0.675940635723545,-0.6734009118546153,-0.7265282739791898,-0.7692259815809425,1.399633999999999,3.046069374307584,0.0583180833333332,55.746293,55.498835,9.549979999999998,0.056845119047619,0.1348156845238095,-0.0779705654761904,0.675940635723545,0,28.65,0,NORMAL,PASS,Abnormal early drift,train
RF_MMIC_0046,LOT_C03,RF MMIC,Supply Current (mA),mA,35.0,65.0,healthy,46.187841,47.253497,51.182451,55.031159,73.881106,76.695573,86.9983025,96.4695165,27.872337,29.394579999999998,33.06388749999999,35.924873500000004,-0.6701573442598879,-0.6755806070985751,-0.7306297808911899,-0.7780066148775071,1.0656560000000042,2.3072219374791825,0.0444023333333335,53.64743300000003,55.031159,8.843318000000004,0.0526387976190476,0.1348156845238095,-0.0821768869047618,0.6755806070985751,0,23.47,0,NORMAL,PASS,Abnormal early drift,train
RF_MMIC_0050,LOT_C03,RF MMIC,Supply Current (mA),mA,35.0,65.0,healthy,47.481848,48.672654,52.409975,56.047729,73.881106,76.695573,86.9983025,96.4695165,27.872337,29.394579999999998,33.06388749999999,35.924873500000004,-0.6388432939096058,-0.6430164989280714,-0.705588757054058,-0.7589204774869017,1.190806000000002,2.5079183944146446,0.0496169166666667,55.817490000000014,56.047729,8.565880999999997,0.0509873869047618,0.1348156845238095,-0.0838282976190476,0.6430164989280714,0,24.52,0,NORMAL,PASS,Abnormal early drift,train
RF_MMIC_0054,LOT_C03,RF MMIC,Supply Current (mA),mA,35.0,65.0,gradual_drift,46.068683,49.607656,60.175615,70.696835,73.881106,76.695573,86.9983025,96.4695165,27.872337,29.394579999999998,33.06388749999999,35.924873500000004,-0.6730408832296454,-0.6215618563003443,-0.547172647592585,-0.4838829987441263,3.5389729999999986,7.681949579500674,0.1474572083333332,70.84149399999998,70.696835,24.628151999999996,0.1465961428571428,0.1348156845238095,0.0117804583333332,0.6730408832296454,1,42.29,1,CRITICAL,HOLD / REJECT,Abnormal early drift; Predicted value near limit; Drift above learned safety slope,train
RF_MMIC_0058,LOT_C03,RF MMIC,Supply Current (mA),mA,35.0,65.0,latent_defect,44.280206,46.64609,55.458855,65.041557,73.881106,76.695573,86.9983025,96.4695165,27.872337,29.394579999999998,33.06388749999999,35.924873500000004,-0.7163207563897762,-0.6895182244668587,-0.6433927618991325,-0.5900610414662887,2.365884000000001,5.342983273384052,0.0985785,60.84139400000001,65.041557,20.761351,0.1235794702380952,0.1348156845238095,-0.0112362142857142,0.7163207563897762,1,42.76,1,CRITICAL,HOLD / REJECT,Abnormal early drift; Predicted value near limit,train
RF_MMIC_0061,LOT_D04,RF MMIC,Supply Current (mA),mA,35.0,65.0,healthy,47.46933,48.838127,53.001125,57.12705,74.25391450000001,75.728733,83.821222,93.3472895,26.865483000000008,27.37565900000001,30.933135,30.816577499999998,-0.6724597038389386,-0.6625398593592171,-0.672025988722848,-0.7927621699320498,1.3687970000000007,2.883539750824376,0.0570332083333333,57.050909,57.12705,9.657719999999998,0.0574864285714285,0.1348156845238095,-0.0773292559523809,0.6724597038389386,0,27.47,0,NORMAL,PASS,Abnormal early drift,train
RF_MMIC_0065,LOT_D04,RF MMIC,Supply Current (mA),mA,35.0,65.0,healthy,46.881301,47.249765,48.856375,50.48882,74.25391450000001,75.728733,83.821222,93.3472895,26.865483000000008,27.37565900000001,30.933135,30.816577499999998,-0.687222889998825,-0.7016744603455811,-0.7624014251388667,-0.9380549038276396,0.3684639999999959,0.7859508847674597,0.0153526666666664,49.46054899999997,50.48882,3.607518999999997,0.0214733273809523,0.1348156845238095,-0.1133423571428571,0.7016744603455811,0,13.1,0,NORMAL,PASS,Within learned lot behavior,train
RF_MMIC_0069,LOT_D04,RF MMIC,Supply Current (mA),mA,35.0,65.0,lot_outlier,49.150094,50.462333,53.623514,56.596654,74.25391450000001,75.728733,83.821222,93.3472895,26.865483000000008,27.37565900000001,30.933135,30.816577499999998,-0.6302620710302925,-0.6225221217593134,-0.6584549223146137,-0.804371090515893,1.3122389999999982,2.669860611049896,0.0546766249999999,58.33576699999999,56.596654,7.446559999999998,0.0443247619047618,0.1348156845238095,-0.0904909226190476,0.6302620710302925,0,25.52,0,NORMAL,PASS,Abnormal early drift,train
RF_MMIC_0073,LOT_D04,RF MMIC,Supply Current (mA),mA,35.0,65.0,accelerating_drift,47.307533,50.000705,62.613473,77.787549,74.25391450000001,75.728733,83.821222,93.3472895,26.865483000000008,27.37565900000001,30.933135,30.816577499999998,-0.6765218151142518,-0.6338958687918747,-0.4624306824962619,-0.3405602451181914,2.693172000000004,5.692903073174422,0.1122155000000001,66.15973700000004,77.787549,30.480016,0.1814286666666666,0.1348156845238095,0.0466129821428571,0.6765218151142518,1,42.33,1,CRITICAL,HOLD / REJECT,Abnormal early drift; Predicted value near limit; Drift above learned safety slope,train
RF_MMIC_0077,LOT_D04,RF MMIC,Supply Current (mA),mA,35.0,65.0,healthy,47.533309,47.868021,50.705467,53.017037,74.25391450000001,75.728733,83.821222,93.3472895,26.865483000000008,27.37565900000001,30.933135,30.816577499999998,-0.6708534329112744,-0.6864416595939732,-0.7220823476376015,-0.8827191351345833,0.3347119999999961,0.704163053323294,0.0139463333333331,49.876292999999976,53.017037,5.483727999999999,0.032641238095238,0.1348156845238095,-0.1021744464285714,0.6864416595939732,0,12.37,0,NORMAL,PASS,Within learned lot behavior,train
RF_MMIC_0084,LOT_E05,RF MMIC,Supply Current (mA),mA,35.0,65.0,gradual_drift,46.595223,49.723935,59.036553,68.280587,72.821643,75.428572,83.521536,91.562936,26.689767,28.2637205,27.751222,25.947177999999997,-0.6627812803368485,-0.6134203079244359,-0.5951051373320254,-0.6052191594557665,3.128712,6.714662573886598,0.130363,68.496207,68.280587,21.685364,0.1290795476190476,0.1348156845238095,-0.0057361369047619,0.6627812803368485,1,42.18,1,CRITICAL,HOLD / REJECT,Abnormal early drift; Predicted value near limit,train
RF_MMIC_0088,LOT_E05,RF MMIC,Supply Current (mA),mA,35.0,65.0,healthy,46.169124,47.060212,49.691653,52.428056,72.821643,75.428572,83.521536,91.562936,26.689767,28.2637205,27.751222,25.947177999999997,-0.6735494462081436,-0.6769878962504411,-0.8222320255905976,-1.017301956044138,0.8910880000000034,1.930051780926152,0.0371286666666668,52.40674000000002,52.428056,6.2589320000000015,0.0372555476190476,0.1348156845238095,-0.0975601369047619,0.6769878962504411,0,20.84,0,NORMAL,PASS,Abnormal early drift,train
RF_MMIC_0092,LOT_E05,RF MMIC,Supply Current (mA),mA,35.0,65.0,healthy,46.475036,47.269491,49.361229,51.783195,72.821643,75.428572,83.521536,91.562936,26.689767,28.2637205,27.751222,25.947177999999997,-0.6658185875156338,-0.6719936227027493,-0.8302629488670319,-1.0340649653257965,0.7944549999999992,1.7094230975958773,0.0331022916666666,52.036221,51.783195,5.308158999999996,0.0315961845238095,0.1348156845238095,-0.1032195,0.6719936227027493,0,19.25,0,NORMAL,PASS,Abnormal early drift,train
RF_MMIC_0096,LOT_E05,RF MMIC,Supply Current (mA),mA,35.0,65.0,gradual_drift,46.094628,49.377085,59.276266,68.973535,72.821643,75.428572,83.521536,91.562936,26.689767,28.2637205,27.751222,25.947177999999997,-0.6754320727450469,-0.6216976017762647,-0.5892789361137001,-0.5872061399745039,3.282457000000001,7.121126999875129,0.1367690416666667,69.07182700000001,68.973535,22.878907,0.1361839702380952,0.1348156845238095,0.0013682857142857,0.6754320727450469,1,42.32,1,CRITICAL,HOLD / REJECT,Abnormal early drift; Predicted value near limit; Drift above learned safety slope,train
RF_MMIC_0100,LOT_E05,RF MMIC,Supply Current (mA),mA,35.0,65.0,healthy,46.564765,47.748892,50.749321,53.820612,72.821643,75.428572,83.521536,91.562936,26.689767,28.2637205,27.751222,25.947177999999997,-0.6635510000407385,-0.6605531067740754,-0.7965255074201872,-0.9811027919557086,1.1841269999999966,2.542967842745468,0.0493386249999998,54.85365399999998,53.820612,7.255846999999996,0.0431895654761904,0.1348156845238095,-0.091626119047619,0.6635510000407385,0,24.99,0,NORMAL,PASS,Abnormal early drift,train
RF_MMIC_0103,LOT_F06,RF MMIC,Supply Current (mA),mA,35.0,65.0,accelerating_drift,47.151272,49.633485,61.097846,75.253572,75.9371085,77.7877175,85.35840449999999,94.1789295,28.73251700000001,28.703573,29.62176850000001,28.8701245,-0.675742425317423,-0.6615820846208115,-0.5524154483886187,-0.4421518429385742,2.4822130000000016,5.264360630610351,0.1034255416666667,64.52676300000002,75.253572,28.102300000000007,0.1672755952380952,0.1348156845238095,0.0324599107142857,0.675742425317423,1,42.32,1,CRITICAL,HOLD / REJECT,Abnormal early drift; Predicted value near limit; Drift above learned safety slope,train
RF_MMIC_0107,LOT_F06,RF MMIC,Supply Current (mA),mA,35.0,65.0,healthy,46.741028,47.423651,48.880977,50.764542,75.9371085,77.7877175,85.35840449999999,94.1789295,28.73251700000001,28.703573,29.62176850000001,28.8701245,-0.6853728307264136,-0.7135098572704813,-0.8305948302251915,-1.014287388926439,0.6826229999999995,1.460436428569777,0.0284426249999999,51.519389,50.764542,4.023513999999999,0.023949488095238,0.1348156845238095,-0.1108661964285714,0.7135098572704813,0,17.95,0,NORMAL,PASS,Abnormal early drift,train
RF_MMIC_0111,LOT_F06,RF MMIC,Supply Current (mA),mA,35.0,65.0,healthy,45.673051,46.377166,48.736191,51.178899,75.9371085,77.7877175,85.35840449999999,94.1789295,28.73251700000001,28.703573,29.62176850000001,28.8701245,-0.7104434020875491,-0.7381006795500235,-0.8338916225521447,-1.0046067944550003,0.7041150000000016,1.5416421381615202,0.029338125,50.60185600000001,51.178899,5.505848,0.0327729047619047,0.1348156845238095,-0.1020427797619047,0.7381006795500235,0,18.79,0,NORMAL,PASS,Abnormal early drift,train
RF_MMIC_0115,LOT_F06,RF MMIC,Supply Current (mA),mA,35.0,65.0,healthy,45.779059,46.567423,49.559725,52.218028,75.9371085,77.7877175,85.35840449999999,94.1789295,28.73251700000001,28.703573,29.62176850000001,28.8701245,-0.7079548830193939,-0.7336299264341749,-0.8151396674447108,-0.980329694146543,0.7883640000000014,1.7221061708586047,0.0328485,51.297607000000006,52.218028,6.438969,0.0383271964285714,0.1348156845238095,-0.096488488095238,0.7336299264341749,0,20.0,0,NORMAL,PASS,Abnormal early drift,train
RF_MMIC_0119,LOT_F06,RF MMIC,Supply Current (mA),mA,35.0,65.0,healthy,48.10453,49.310487,52.767073,56.440198,75.9371085,77.7877175,85.35840449999999,94.1789295,28.73251700000001,28.703573,29.62176850000001,28.8701245,-0.6533648622101902,-0.6691720514284079,-0.7421080188304242,-0.8816874229661987,1.205957000000005,2.506951008564069,0.0502482083333335,56.54622900000003,56.440198,8.335668000000005,0.0496170714285714,0.1348156845238095,-0.085198613095238,0.6691720514284079,0,24.8,0,NORMAL,PASS,Abnormal early drift,train
RF_MMIC_0122,LOT_G07,RF MMIC,Supply Current (mA),mA,35.0,65.0,lot_outlier,48.718531,49.564345,52.20872,54.664775,74.8501905,76.66852750000001,81.991973,87.308147,28.2904,29.294553,32.358587,35.252264,-0.6230227519773063,-0.6240586992202013,-0.6208098312714825,-0.6245741485470842,0.8458140000000043,1.736123775981678,0.0352422500000001,54.63922900000003,54.664775,5.946244,0.0353943095238095,0.1348156845238095,-0.0994213749999999,0.6240586992202013,0,18.91,0,NORMAL,PASS,Abnormal early drift,train
RF_MMIC_0126,LOT_G07,RF MMIC,Supply Current (mA),mA,35.0,65.0,latent_defect,46.770179,48.390134,55.27817,62.550597,74.8501905,76.66852750000001,81.991973,87.308147,28.2904,29.294553,32.358587,35.252264,-0.6694747434729282,-0.651094253207858,-0.55682942132109,-0.473692659917666,1.6199550000000045,3.463649348017258,0.0674981250000001,58.10986400000003,62.550597,15.780418000000004,0.0939310595238095,0.1348156845238095,-0.0408846249999999,0.6694747434729282,1,31.5,0,NORMAL,PASS,Abnormal early drift,train
RF_MMIC_0130,LOT_G07,RF MMIC,Supply Current (mA),mA,35.0,65.0,healthy,46.349402,47.59692,51.384929,55.118357,74.8501905,76.66852750000001,81.991973,87.308147,28.2904,29.294553,32.358587,35.252264,-0.6795067754802623,-0.6693575635675509,-0.6379811440126718,-0.6158956458652447,1.2475179999999997,2.6915514465537216,0.0519799166666666,55.082028,55.118357,8.768955000000005,0.0521961607142857,0.1348156845238095,-0.0826195238095237,0.6795067754802623,0,26.2,0,NORMAL,PASS,Abnormal early drift,train
RF_MMIC_0134,LOT_G07,RF MMIC,Supply Current (mA),mA,35.0,65.0,healthy,47.343451,47.689661,47.881843,48.477418,74.8501905,76.66852750000001,81.991973,87.308147,28.2904,29.294553,32.358587,35.252264,-0.6558069739586524,-0.6672222537191767,-0.7110003749405187,-0.7429584634405284,0.3462099999999992,0.7312732652294384,0.0144254166666666,49.766921,48.477418,1.1339669999999984,0.0067498035714285,0.1348156845238095,-0.1280658809523809,0.6672222537191767,0,12.35,0,NORMAL,PASS,Within learned lot behavior,train
RF_MMIC_0138,LOT_G07,RF MMIC,Supply Current (mA),mA,35.0,65.0,sudden_jump,45.391059,46.436367,55.946276,61.048319,74.8501905,76.66852750000001,81.991973,87.308147,28.2904,29.294553,32.358587,35.252264,-0.7023552858551272,-0.6960786497156427,-0.5429032469998545,-0.5024361366250055,1.0453079999999986,2.302894056734827,0.0435544999999999,52.70821499999999,61.048319,15.65726,0.0931979761904761,0.1348156845238095,-0.0416177083333333,0.7023552858551272,0,23.73,0,NORMAL,PASS,Abnormal early drift,train
RF_MMIC_0141,LOT_H08,RF MMIC,Supply Current (mA),mA,35.0,65.0,healthy,47.285313,47.981157,50.848427,53.634902,75.8337185,77.4476835,82.541493,88.2837965,28.8837595,29.0642315,31.074785,34.1056155,-0.6666596052892909,-0.6838267799415999,-0.6879107983042154,-0.6852349334182056,0.695844000000001,1.4715859023709985,0.0289935,52.15622100000001,53.634902,6.349588999999995,0.0377951726190475,0.1348156845238095,-0.0970205119047619,0.6838267799415999,0,17.71,0,NORMAL,PASS,Abnormal early drift,train
RF_MMIC_0145,LOT_H08,RF MMIC,Supply Current (mA),mA,35.0,65.0,healthy,48.64497,49.142222,52.084989,54.72146,75.8337185,77.4476835,82.541493,88.2837965,28.8837595,29.0642315,31.074785,34.1056155,-0.6349090264715416,-0.6568820587762841,-0.6610707206489751,-0.6637465855349847,0.497251999999996,1.022206406952242,0.0207188333333331,52.12573399999997,54.72146,6.07649,0.0361695833333333,0.1348156845238095,-0.0986461011904761,0.6568820587762841,0,14.27,0,NORMAL,PASS,Within learned lot behavior,train
RF_MMIC_0149,LOT_H08,RF MMIC,Supply Current (mA),mA,35.0,65.0,latent_defect,46.959909,48.717617,56.094388,64.105292,75.8337185,77.4476835,82.541493,88.2837965,28.8837595,29.0642315,31.074785,34.1056155,-0.6742584080385218,-0.6667358252151993,-0.5740450959646948,-0.4781669418402159,1.7577079999999938,3.74299703178725,0.073237833333333,59.26386499999996,64.105292,17.145383000000002,0.1020558511904762,0.1348156845238095,-0.0327598333333333,0.6742584080385218,1,33.51,0,NORMAL,PASS,Abnormal early drift; Predicted value near limit,train
RF_MMIC_0153,LOT_H08,RF MMIC,Supply Current (mA),mA,35.0,65.0,sudden_jump,48.479483,48.930546,55.976465,58.524987,75.8337185,77.4476835,82.541493,88.2837965,28.8837595,29.0642315,31.074785,34.1056155,-0.6387734628969142,-0.6617944028719113,-0.5766046623085894,-0.5885260162149636,0.4510629999999977,0.9304204007291036,0.0187942916666665,51.63692399999999,58.524987,10.045504,0.0597946666666666,0.1348156845238095,-0.0750210178571428,0.6617944028719113,0,13.68,0,NORMAL,PASS,Within learned lot behavior,train
RF_MMIC_0157,LOT_H08,RF MMIC,Supply Current (mA),mA,35.0,65.0,healthy,46.830314,48.049287,50.384316,53.105279,75.8337185,77.4476835,82.541493,88.2837965,28.8837595,29.0642315,31.074785,34.1056155,-0.6772846979497907,-0.6822456937379913,-0.6979845150128409,-0.6957090390535744,1.2189729999999983,2.6029571358415367,0.0507905416666666,55.36312499999999,53.105279,6.274965000000002,0.0373509821428571,0.1348156845238095,-0.0974647023809523,0.6822456937379913,0,25.61,0,NORMAL,PASS,Abnormal early drift,train
RF_MMIC_0164,LOT_I09,RF MMIC,Supply Current (mA),mA,35.0,65.0,healthy,45.234586,45.97525,48.476317,50.934095,73.9866755,75.878016,80.15915700000001,83.28946400000001,27.6516305,28.282459000000003,29.705351,30.84101249999999,-0.7013336404663025,-0.7131324525137969,-0.7193916952530018,-0.7076096288977379,0.7406640000000024,1.6373842793653566,0.0308610000000001,50.41923400000002,50.934095,5.699508999999999,0.0339256488095238,0.1348156845238095,-0.1008900357142857,0.7131324525137969,0,19.19,0,NORMAL,PASS,Abnormal early drift,validation
RF_MMIC_0168,LOT_I09,RF MMIC,Supply Current (mA),mA,35.0,65.0,healthy,46.615166,47.519172,50.980824,54.303454,73.9866755,75.878016,80.15915700000001,83.28946400000001,27.6516305,28.282459000000003,29.705351,30.84101249999999,-0.6676579245725074,-0.6763124177935974,-0.6625242699684312,-0.6339219861571079,0.9040059999999954,1.9392958935295763,0.0376669166666664,52.94320799999997,54.303454,7.688288,0.045763619047619,0.1348156845238095,-0.0890520654761904,0.6763124177935974,0,20.9,0,NORMAL,PASS,Abnormal early drift,validation
RF_MMIC_0172,LOT_I09,RF MMIC,Supply Current (mA),mA,35.0,65.0,lot_outlier,50.085366,50.662655,52.005794,53.424042,73.9866755,75.878016,80.15915700000001,83.28946400000001,27.6516305,28.282459000000003,29.705351,30.84101249999999,-0.5830112765733712,-0.6013454484762629,-0.6392512645849658,-0.6531546643246238,0.5772890000000004,1.1526101256802246,0.0240537083333333,54.126389,53.424042,3.3386759999999995,0.0198730714285714,0.1348156845238095,-0.1149426130952381,0.6013454484762629,0,14.58,0,NORMAL,PASS,Within learned lot behavior,validation
RF_MMIC_0176,LOT_I09,RF MMIC,Supply Current (mA),mA,35.0,65.0,healthy,46.850676,47.750342,50.83525,54.025618,73.9866755,75.878016,80.15915700000001,83.28946400000001,27.6516305,28.282459000000003,29.705351,30.84101249999999,-0.6619132608441124,-0.6707993883618847,-0.6658296784054513,-0.6399982398031236,0.8996660000000034,1.920283925038784,0.0374860833333334,53.14833800000002,54.025618,7.1749420000000015,0.0427079880952381,0.1348156845238095,-0.0921076964285714,0.6707993883618847,0,20.71,0,NORMAL,PASS,Abnormal early drift,validation
RF_MMIC_0180,LOT_I09,RF MMIC,Supply Current (mA),mA,35.0,65.0,healthy,46.746786,47.507338,49.04644,50.82592,73.9866755,75.878016,80.15915700000001,83.28946400000001,27.6516305,28.282459000000003,29.705351,30.84101249999999,-0.6644473915168777,-0.6765946394931902,-0.7064464620771652,-0.7099754084877037,0.760551999999997,1.6269610492580109,0.0316896666666665,52.07064999999998,50.82592,4.079134000000003,0.0242805595238095,0.1348156845238095,-0.1105351249999999,0.6765946394931902,0,18.72,0,NORMAL,PASS,Abnormal early drift,validation
RF_MMIC_0183,LOT_J10,RF MMIC,Supply Current (mA),mA,35.0,65.0,latent_defect,46.858589,48.513001,55.192782,62.287279,77.772313,79.484622,82.7617995,86.8653165,27.5570355,27.8530605,28.019669999999994,26.263994000000004,-0.7566496468391837,-0.7500099377054549,-0.6636426321794134,-0.6311933813196591,1.6544120000000009,3.5306483513620117,0.0689338333333333,58.43947300000001,62.287279,15.428689999999996,0.0918374404761904,0.1348156845238095,-0.042978244047619,0.7566496468391837,1,32.91,0,NORMAL,PASS,Abnormal early drift,validation
RF_MMIC_0187,LOT_J10,RF MMIC,Supply Current (mA),mA,35.0,65.0,healthy,47.44284,49.151317,54.291477,59.541015,77.772313,79.484622,82.7617995,86.8653165,27.5570355,27.8530605,28.019669999999994,26.263994000000004,-0.7423494184740913,-0.7345524534686307,-0.6853388867737771,-0.7017207234704085,1.708477000000002,3.6011271669234013,0.0711865416666667,59.40217900000001,59.541015,12.098175000000005,0.0720129464285714,0.1348156845238095,-0.062802738095238,0.7423494184740913,0,33.25,0,NORMAL,PASS,Abnormal early drift; Predicted value near limit,validation
RF_MMIC_0191,LOT_J10,RF MMIC,Supply Current (mA),mA,35.0,65.0,lot_outlier,52.173726,53.546588,57.87638,61.66163,77.772313,79.484622,82.7617995,86.8653165,27.5570355,27.8530605,28.019669999999994,26.263994000000004,-0.6265554358035971,-0.6281164058071734,-0.5990429401362927,-0.6472607954827818,1.3728619999999978,2.631328266645165,0.0572025833333332,61.78375999999999,61.66163,9.487904,0.056475619047619,0.1348156845238095,-0.0783400654761904,0.6281164058071734,0,25.22,0,NORMAL,PASS,Abnormal early drift; Predicted value near limit,validation
RF_MMIC_0195,LOT_J10,RF MMIC,Supply Current (mA),mA,35.0,65.0,latent_defect,47.664981,49.501546,57.736871,66.065367,77.772313,79.484622,82.7617995,86.8653165,27.5570355,27.8530605,28.019669999999994,26.263994000000004,-0.7369122569985439,-0.7260712948469156,-0.6024012070739053,-0.5341675655016458,1.836565,3.853069824993742,0.0765235416666666,60.520936,66.065367,18.400386,0.1095261071428571,0.1348156845238095,-0.0252895773809523,0.7369122569985439,1,34.95,1,CRITICAL,HOLD / REJECT,Abnormal early drift; Predicted value near limit,validation
RF_MMIC_0199,LOT_J10,RF MMIC,Supply Current (mA),mA,35.0,65.0,lot_outlier,52.274952,53.927267,59.194901,64.740881,77.772313,79.484622,82.7617995,86.8653165,27.5570355,27.8530605,28.019669999999994,26.263994000000004,-0.6240778107477823,-0.6188978688414855,-0.5673034431801957,-0.5681819491500776,1.6523150000000015,3.1608159104574622,0.0688464583333334,63.84115700000001,64.740881,12.465929000000004,0.0742019583333333,0.1348156845238095,-0.0606137261904761,0.6240778107477823,0,28.89,0,NORMAL,PASS,Abnormal early drift; Predicted value near limit,validation
RF_MMIC_0202,LOT_K11,RF MMIC,Supply Current (mA),mA,35.0,65.0,sudden_jump,47.077451,47.419791,54.696749,56.833811,75.383627,76.4921145,82.0986445,87.8515675,27.9853855,28.7926415,29.293296,32.4378495,-0.6822223030702284,-0.6810425350263285,-0.6309404481794504,-0.6449623036491707,0.342339999999993,0.7271846557707488,0.0142641666666663,49.473830999999954,56.833811,9.756359999999994,0.0580735714285713,0.1348156845238095,-0.0767421130952381,0.6822223030702284,0,12.48,0,NORMAL,PASS,Within learned lot behavior,test
RF_MMIC_0206,LOT_K11,RF MMIC,Supply Current (mA),mA,35.0,65.0,healthy,45.569677,45.949332,47.288474,48.489988,75.383627,76.4921145,82.0986445,87.8515675,27.9853855,28.7926415,29.293296,32.4378495,-0.7185619715153555,-0.7154892184849891,-0.8015191714191114,-0.8184581302516181,0.3796549999999996,0.8331307680763234,0.0158189583333333,48.227262,48.489988,2.920310999999998,0.0173828035714285,0.1348156845238095,-0.1174328809523809,0.7185619715153555,0,13.62,0,NORMAL,PASS,Within learned lot behavior,test
RF_MMIC_0210,LOT_K11,RF MMIC,Supply Current (mA),mA,35.0,65.0,gradual_drift,46.949249,49.864206,58.83688,67.423767,75.383627,76.4921145,82.0986445,87.8515675,27.9853855,28.7926415,29.293296,32.4378495,-0.6853121681123383,-0.6237801497802237,-0.5356121484031945,-0.424761902717422,2.914957000000001,6.208740420959664,0.1214565416666667,67.353948,67.423767,20.474518,0.1218721309523809,0.1348156845238095,-0.0129435535714285,0.6853121681123383,1,42.42,1,CRITICAL,HOLD / REJECT,Abnormal early drift; Predicted value near limit,test
RF_MMIC_0214,LOT_K11,RF MMIC,Supply Current (mA),mA,35.0,65.0,lot_outlier,49.268899,50.563405,54.624129,58.295054,75.383627,76.4921145,82.0986445,87.8515675,27.9853855,28.7926415,29.293296,32.4378495,-0.6294050415079939,-0.6074008514607112,-0.6326125549629679,-0.6145782024821109,1.2945060000000057,2.627430338964964,0.0539377500000002,58.33044100000004,58.295054,9.026155000000005,0.0537271130952381,0.1348156845238095,-0.0810885714285714,0.6294050415079939,0,25.21,0,NORMAL,PASS,Abnormal early drift,test
RF_MMIC_0218,LOT_K11,RF MMIC,Supply Current (mA),mA,35.0,65.0,healthy,47.365477,48.361077,51.224522,53.993625,75.383627,76.4921145,82.0986445,87.8515675,27.9853855,28.7926415,29.293296,32.4378495,-0.6752804342334027,-0.6589921542363378,-0.7108899706335006,-0.7040192153040198,0.9956000000000031,2.1019528632636875,0.0414833333333334,54.33467700000002,53.993625,6.628148000000003,0.0394532619047619,0.1348156845238095,-0.0953624226190476,0.6752804342334027,0,22.03,0,NORMAL,PASS,Abnormal early drift,test
RF_MMIC_0221,LOT_L12,RF MMIC,Supply Current (mA),mA,35.0,65.0,latent_defect,48.502538,49.992606,56.96075,64.66658,76.024201,77.4027985,85.1287215,94.5769145,28.510897499999995,29.090079000000003,28.675515,28.967648,-0.6510881454689006,-0.6355404382616037,-0.6625525815299251,-0.6964405336982834,1.4900680000000008,3.072144389639983,0.0620861666666667,58.93301400000001,64.66658,16.164041999999995,0.0962145357142856,0.1348156845238095,-0.0386011488095238,0.6510881454689006,1,28.56,0,NORMAL,PASS,Abnormal early drift; Predicted value near limit,test
RF_MMIC_0225,LOT_L12,RF MMIC,Supply Current (mA),mA,35.0,65.0,healthy,47.791811,47.900328,49.122705,50.370661,76.024201,77.4027985,85.1287215,94.5769145,28.510897499999995,29.090079000000003,28.675515,28.967648,-0.6679020249341304,-0.6840525848685679,-0.8469150567936379,-1.0293106812410142,0.108516999999999,0.227061912343098,0.0045215416666666,48.55143,50.370661,2.578849999999996,0.0153502976190475,0.1348156845238095,-0.1194653869047619,0.6840525848685679,0,9.0,0,NORMAL,PASS,Within learned lot behavior,test
RF_MMIC_0229,LOT_L12,RF MMIC,Supply Current (mA),mA,35.0,65.0,healthy,47.472669,48.909553,53.648183,58.43319,76.024201,77.4027985,85.1287215,94.5769145,28.510897499999995,29.090079000000003,28.675515,28.967648,-0.6754520618966946,-0.6606524099590131,-0.7404690838716304,-0.8415805172832058,1.4368839999999992,3.0267605135072544,0.0598701666666666,57.530857,58.43319,10.960521,0.0652411964285714,0.1348156845238095,-0.069574488095238,0.6754520618966946,0,28.5,0,NORMAL,PASS,Abnormal early drift,test
RF_MMIC_0233,LOT_L12,RF MMIC,Supply Current (mA),mA,35.0,65.0,sudden_jump,46.26964,47.249789,55.945663,59.808379,76.024201,77.4027985,85.1287215,94.5769145,28.510897499999995,29.090079000000003,28.675515,28.967648,-0.7039124758097386,-0.6991361652252643,-0.6864289374232653,-0.8095602347585819,0.9801489999999972,2.1183415302128936,0.0408395416666665,53.13068299999998,59.808379,13.538739,0.0805877321428571,0.1348156845238095,-0.0542279523809523,0.7039124758097386,0,22.45,0,NORMAL,PASS,Abnormal early drift,test
RF_MMIC_0237,LOT_L12,RF MMIC,Supply Current (mA),mA,35.0,65.0,accelerating_drift,46.913509,49.47649,61.398255,76.137082,76.024201,77.4027985,85.1287215,94.5769145,28.510897499999995,29.090079000000003,28.675515,28.967648,-0.6886802758829059,-0.6475072491051914,-0.5581758644027457,-0.4293581801168739,2.5629810000000006,5.4632046389878886,0.106790875,64.854376,76.137082,29.22357300000001,0.1739498392857143,0.1348156845238095,0.0391341547619048,0.6886802758829059,1,42.46,1,CRITICAL,HOLD / REJECT,Abnormal early drift; Predicted value near limit; Drift above learned safety slope,test
