component_id,lot_id,component_type,parameter,unit,datasheet_min,datasheet_max,failure_mode,parameter_value_0h,parameter_value_24h,parameter_value_96h,parameter_value_168h,lot_median_0h,lot_median_24h,lot_median_96h,lot_median_168h,lot_mad_0h,lot_mad_24h,lot_mad_96h,lot_mad_168h,robust_z_0h,robust_z_24h,robust_z_96h,robust_z_168h,early_drift_24h,early_pct_drift_24h,early_slope_per_h,predicted_168h_linear,actual_168h,observed_drift_168h,observed_slope_per_h,learned_safety_slope_95p,slope_excess_vs_safety,early_robust_z_max,anomaly_label_early,anomaly_score,future_failure_label_168h,risk_level_168h,qa_recommendation,explanation,split
FPGA_0001,LOT_A01,FPGA,Leakage Current (µA),µA,0.0,50.0,accelerating_drift,10.417137,13.278739,25.804767,40.716318,10.404641,11.285488,14.54341,17.83988,0.23596200000000067,0.16677800000000076,0.1187509999999996,0.6050269999999998,0.035719465551316956,8.061191409043616,63.9630928216781,25.502904896375284,2.8616019999999995,27.470138868289812,0.11923341666666665,30.448351,40.716318,30.299181,0.18035226785714287,0.05410567172619048,0.1262465961309524,8.061191409043616,1,100.0,1,CRITICAL,HOLD / REJECT,Lot-level outlier; Abnormal early drift; Drift above learned safety slope,train
FPGA_0005,LOT_A01,FPGA,Leakage Current (µA),µA,0.0,50.0,healthy,10.071377,11.11871,14.61832,17.83988,10.404641,11.285488,14.54341,17.83988,0.23596200000000067,0.16677800000000076,0.1187509999999996,0.6050269999999998,-0.9526257976547378,-0.6744907594765952,0.4254793878989864,0.0,1.047333,10.399104313144072,0.043638875,17.402708,17.83988,7.768503000000001,0.04624108928571429,0.05410567172619048,-0.007864582440476185,0.9526257976547378,0,45.32,0,REVIEW,QA REVIEW,Abnormal early drift,train
FPGA_0009,LOT_A01,FPGA,Leakage Current (µA),µA,0.0,50.0,healthy,9.49175,10.721567,14.424659,18.444907,10.404641,11.285488,14.54341,17.83988,0.23596200000000067,0.16677800000000076,0.1187509999999996,0.6050269999999998,-2.609473321591387,-2.2806335582318993,-0.6744907594765952,0.6744907594765952,1.2298170000000006,12.956693971080155,0.05124237500000003,18.100469000000004,18.444907,8.953157000000001,0.0532926011904762,0.05410567172619048,-0.0008130705357142776,2.609473321591387,0,63.27,0,HIGH,QA REVIEW,Abnormal early drift,train
FPGA_0013,LOT_A01,FPGA,Leakage Current (µA),µA,0.0,50.0,healthy,10.640603,11.318488,13.693177,16.060996,10.404641,11.285488,14.54341,17.83988,0.23596200000000067,0.16677800000000076,0.1187509999999996,0.6050269999999998,0.6744907594765952,0.13346001908361527,-4.829216612088029,-1.9831194643888044,0.6778849999999998,6.370738575623955,0.028245208333333327,15.385798,16.060996,5.420392999999999,0.03226424404761904,0.05410567172619048,-0.02184142767857144,0.6744907594765952,0,42.31,0,REVIEW,QA REVIEW,Abnormal early drift,train
FPGA_0017,LOT_A01,FPGA,Leakage Current (µA),µA,0.0,50.0,healthy,10.404641,11.285488,14.54341,17.55206,10.404641,11.285488,14.54341,17.83988,0.23596200000000067,0.16677800000000076,0.1187509999999996,0.6050269999999998,0.0,0.0,0.0,-0.32086490419857905,0.880847000000001,8.465904782298601,0.036701958333333375,16.570570000000007,17.55206,7.147419000000001,0.04254416071428572,0.05410567172619048,-0.011561511011904758,0.0,0,35.0,0,REVIEW,QA REVIEW,Abnormal early drift,train
FPGA_0024,LOT_B02,FPGA,Leakage Current (µA),µA,0.0,50.0,healthy,9.620889,10.60459,13.137644,15.753205,9.620889,10.60459,13.137644,15.753205,0.7745449999999998,1.045375,0.9856440000000006,1.25061,0.0,0.0,0.0,0.0,0.9837009999999999,10.224637245061242,0.04098754166666666,16.506796,15.753205,6.132315999999999,0.03650188095238095,0.05410567172619048,-0.017603790773809525,0.0,0,35.0,0,REVIEW,QA REVIEW,Abnormal early drift,train
FPGA_0028,LOT_B02,FPGA,Leakage Current (µA),µA,0.0,50.0,healthy,10.731802,11.649965,14.123288,16.79616,9.620889,10.60459,13.137644,15.753205,0.7745449999999998,1.045375,0.9856440000000006,1.25061,0.9674073850872745,0.6744907594765952,0.6744907594765952,0.5624963098407282,0.9181629999999998,8.555534289581562,0.03825679166666666,17.158943,16.79616,6.064358,0.03609736904761905,0.05410567172619048,-0.018008302678571425,0.9674073850872745,0,45.48,0,REVIEW,QA REVIEW,Abnormal early drift,train
FPGA_0032,LOT_B02,FPGA,Leakage Current (µA),µA,0.0,50.0,healthy,10.860407,11.963621,14.972326,18.016471,9.620889,10.60459,13.137644,15.753205,0.7745449999999998,1.045375,0.9856440000000006,1.25061,1.079399437353428,0.8768660541358236,1.255500013775804,1.2206459273774843,1.1032139999999995,10.158127591350853,0.04596724999999998,18.582904999999997,18.016471,7.156063999999999,0.04259561904761904,0.05410567172619048,-0.011510052678571435,1.079399437353428,0,46.69,0,REVIEW,QA REVIEW,Abnormal early drift,train
FPGA_0036,LOT_B02,FPGA,Leakage Current (µA),µA,0.0,50.0,healthy,8.86166,9.415057,11.019819,12.540827,9.620889,10.60459,13.137644,15.753205,0.7745449999999998,1.045375,0.9856440000000006,1.25061,-0.6611532510398437,-0.7675035433145746,-1.4492589542355245,-1.7325299469426165,0.5533969999999986,6.244845773816627,0.023058208333333274,12.73543899999999,12.540827,3.6791669999999996,0.02189980357142857,0.05410567172619048,-0.03220586815476191,0.7675035433145746,0,43.31,0,REVIEW,QA REVIEW,Abnormal early drift,train
FPGA_0040,LOT_B02,FPGA,Leakage Current (µA),µA,0.0,50.0,healthy,8.846344,9.576276,12.182286,14.502595,9.620889,10.60459,13.137644,15.753205,0.7745449999999998,1.045375,0.9856440000000006,1.25061,-0.6744907594765953,-0.6634827605791372,-0.6537656019739794,-0.6744907594765952,0.7299319999999998,8.251227851867391,0.030413833333333324,13.955867999999999,14.502595,5.656250999999999,0.03366816071428571,0.05410567172619048,-0.020437511011904767,0.6744907594765953,0,42.31,0,REVIEW,QA REVIEW,Abnormal early drift,train
FPGA_0043,LOT_C03,FPGA,Leakage Current (µA),µA,0.0,50.0,healthy,9.615765,10.488421,13.069131,15.610341,9.76158,10.680307,13.437858,15.962855,0.31363499999999966,0.19188600000000022,0.3398129999999995,0.6864559999999997,-0.31358384776278253,-0.6744907594765952,-0.7318818122600571,-0.3463695205317342,0.872656000000001,9.075263382580594,0.03636066666666671,15.724357000000007,15.610341,5.994576,0.035682000000000005,0.05410567172619048,-0.01842367172619047,0.6744907594765952,0,42.31,0,REVIEW,QA REVIEW,Abnormal early drift,train
FPGA_0047,LOT_C03,FPGA,Leakage Current (µA),µA,0.0,50.0,healthy,8.671506,10.163019,13.777671,17.785364,9.76158,10.680307,13.437858,15.962855,0.31363499999999966,0.19188600000000022,0.3398129999999995,0.6864559999999997,-2.344269103083809,-1.8182982395178855,0.6744907594765952,1.7907418386071823,1.4915129999999994,17.200161079286566,0.062146374999999976,19.112097,17.785364,9.113858,0.05424915476190476,0.05410567172619048,0.0001434830357142855,2.344269103083809,0,60.4,0,HIGH,QA REVIEW,Abnormal early drift; Drift above learned safety slope,train
FPGA_0051,LOT_C03,FPGA,Leakage Current (µA),µA,0.0,50.0,healthy,10.075215,11.413177,15.021492,18.747255,9.76158,10.680307,13.437858,15.962855,0.31363499999999966,0.19188600000000022,0.3398129999999995,0.6864559999999997,0.6744907594765952,2.5760818553600084,3.1433361860580966,2.735866640668349,1.3379619999999992,13.279736462199557,0.055748416666666634,19.440948999999996,18.747255,8.672039999999999,0.05161928571428571,0.05410567172619048,-0.002486386011904769,2.5760818553600084,0,62.91,0,HIGH,QA REVIEW,Abnormal early drift,train
FPGA_0055,LOT_C03,FPGA,Leakage Current (µA),µA,0.0,50.0,healthy,9.76158,10.680307,13.437858,15.962855,9.76158,10.680307,13.437858,15.962855,0.31363499999999966,0.19188600000000022,0.3398129999999995,0.6864559999999997,0.0,0.0,0.0,0.0,0.9187270000000005,9.411662866052426,0.03828029166666669,16.192669000000002,15.962855,6.201274999999999,0.036912351190476186,0.05410567172619048,-0.01719332053571429,0.0,0,35.0,0,REVIEW,QA REVIEW,Abnormal early drift,train
FPGA_0059,LOT_C03,FPGA,Leakage Current (µA),µA,0.0,50.0,healthy,10.207078,10.865767,13.117095,15.276399,9.76158,10.680307,13.437858,15.962855,0.31363499999999966,0.19188600000000022,0.3398129999999995,0.6864559999999997,0.9580699997299528,0.6519029853794887,-0.6366786423179546,-0.6744907594765952,0.6586890000000007,6.453257239731104,0.027445375000000032,14.817901000000004,15.276399,5.069321,0.030174529761904764,0.05410567172619048,-0.023931141964285713,0.9580699997299528,0,45.38,0,REVIEW,QA REVIEW,Abnormal early drift,train
FPGA_0062,LOT_D04,FPGA,Leakage Current (µA),µA,0.0,50.0,healthy,10.923944,11.75811,14.120501,16.482986,10.009678,11.857253,19.015894,26.120531,0.33985400000000077,0.4310919999999996,3.4865710000000014,5.425236999999999,1.8144967212497962,-0.15512010746380814,-0.9470328705500062,-1.1981845302868546,0.8341659999999997,7.636124828175609,0.03475691666666666,16.763106,16.482986,5.559042,0.03308953571428571,0.05410567172619048,-0.021016136011904767,1.8144967212497962,0,54.66,0,REVIEW,QA REVIEW,Abnormal early drift,train
FPGA_0066,LOT_D04,FPGA,Leakage Current (µA),µA,0.0,50.0,gradual_drift,9.475509,11.857253,19.015894,26.120531,10.009678,11.857253,19.015894,26.120531,0.33985400000000077,0.4310919999999996,3.4865710000000014,5.425236999999999,-1.0601377488534829,0.0,0.0,0.0,2.3817439999999994,25.135789539116043,0.0992393333333333,26.147716999999993,26.120531,16.645021999999997,0.09907751190476188,0.05410567172619048,0.04497184017857141,1.0601377488534829,1,46.48,1,CRITICAL,HOLD / REJECT,Abnormal early drift; Drift above learned safety slope,train
FPGA_0070,LOT_D04,FPGA,Leakage Current (µA),µA,0.0,50.0,latent_defect,10.349532,12.288345,20.067101,28.278348,10.009678,11.857253,19.015894,26.120531,0.33985400000000077,0.4310919999999996,3.4865710000000014,5.425236999999999,0.6744907594765952,0.6744907594765952,0.2033600944300615,0.2682698704483342,1.9388129999999997,18.73333982638055,0.08078387499999999,23.921222999999998,28.278348,17.928816,0.10671914285714286,0.05410567172619048,0.05261347113095238,0.6744907594765952,1,42.31,1,CRITICAL,HOLD / REJECT,Abnormal early drift; Drift above learned safety slope,train
FPGA_0074,LOT_D04,FPGA,Leakage Current (µA),µA,0.0,50.0,healthy,9.777585,10.766046,13.457887,16.160623,10.009678,11.857253,19.015894,26.120531,0.33985400000000077,0.4310919999999996,3.4865710000000014,5.425236999999999,-0.4606230435398741,-1.7073131447027043,-1.0752181334056388,-1.2382622014922144,0.9884609999999991,10.109459544458055,0.04118587499999996,16.696811999999994,16.160623,6.383038000000001,0.03799427380952382,0.05410567172619048,-0.01611139791666666,1.7073131447027043,0,53.5,0,REVIEW,QA REVIEW,Abnormal early drift,train
FPGA_0078,LOT_D04,FPGA,Leakage Current (µA),µA,0.0,50.0,gradual_drift,10.009678,13.094109,22.502465,31.545768,10.009678,11.857253,19.015894,26.120531,0.33985400000000077,0.4310919999999996,3.4865710000000014,5.425236999999999,0.0,1.9351969946164256,0.6744907594765952,0.6744907594765952,3.0844310000000004,30.814487738766427,0.12851795833333335,31.600695,31.545768,21.53609,0.12819101190476193,0.05410567172619048,0.07408534017857145,1.9351969946164256,1,55.96,1,CRITICAL,HOLD / REJECT,Abnormal early drift; Drift above learned safety slope,train
FPGA_0081,LOT_E05,FPGA,Leakage Current (µA),µA,0.0,50.0,healthy,10.46375,10.714025,11.865496,13.082187,9.855918,10.753848,13.444302,16.384326,0.6078319999999984,0.1210880000000003,1.714556,2.855884999999997,0.6744907594765952,-0.22182417344936323,-0.6210879423047164,-0.7798851291306508,0.25027500000000025,2.3918289332218396,0.01042812500000001,12.215675000000001,13.082187,2.618437,0.015585934523809524,0.05410567172619048,-0.03851973720238095,0.6744907594765952,0,24.05,0,NORMAL,PASS,Abnormal early drift,train
FPGA_0085,LOT_E05,FPGA,Leakage Current (µA),µA,0.0,50.0,healthy,10.467566,11.707623,15.523984,19.240211,9.855918,10.753848,13.444302,16.384326,0.6078319999999984,0.1210880000000003,1.714556,2.855884999999997,0.6787252465357876,5.312767773187997,0.8181280119458358,0.6744907594765952,1.2400570000000002,11.846660436628728,0.05166904166666667,19.147965,19.240211,8.772644999999999,0.05221812499999999,0.05410567172619048,-0.0018875467261904866,5.312767773187997,1,92.55,0,CRITICAL,HOLD / REJECT,Lot-level outlier; Abnormal early drift,train
FPGA_0089,LOT_E05,FPGA,Leakage Current (µA),µA,0.0,50.0,healthy,9.855918,10.753848,13.444302,16.384326,9.855918,10.753848,13.444302,16.384326,0.6078319999999984,0.1210880000000003,1.714556,2.855884999999997,0.0,0.0,0.0,0.0,0.8979299999999988,9.110566869570128,0.03741374999999995,16.14142799999999,16.384326,6.528408000000001,0.03885957142857143,0.05410567172619048,-0.015246100297619046,0.0,0,35.0,0,REVIEW,QA REVIEW,Abnormal early drift,train
FPGA_0093,LOT_E05,FPGA,Leakage Current (µA),µA,0.0,50.0,sudden_jump,9.725598,10.874936,18.62079,22.686427,9.855918,10.753848,13.444302,16.384326,0.6078319999999984,0.1210880000000003,1.714556,2.855884999999997,-0.144611727870515,0.6744907594765952,2.0363833683714505,1.488403381014366,1.1493380000000002,11.817658924417811,0.04788908333333334,17.770964,22.686427,12.960828999999999,0.07714779166666666,0.05410567172619048,0.023042119940476183,0.6744907594765952,0,42.31,0,REVIEW,QA REVIEW,Abnormal early drift; Drift above learned safety slope,train
FPGA_0097,LOT_E05,FPGA,Leakage Current (µA),µA,0.0,50.0,healthy,8.81914,9.496032,11.729746,13.765805,9.855918,10.753848,13.444302,16.384326,0.6078319999999984,0.1210880000000003,1.714556,2.855884999999997,-1.1504777317229553,-7.006352975702059,-0.6744907594765952,-0.6184311406080484,0.6768919999999987,7.675260853099039,0.02820383333333328,13.557383999999992,13.765805,4.946664999999999,0.029444434523809522,0.05410567172619048,-0.024661237202380955,7.006352975702059,1,100.0,0,CRITICAL,HOLD / REJECT,Lot-level outlier; Abnormal early drift,train
FPGA_0104,LOT_F06,FPGA,Leakage Current (µA),µA,0.0,50.0,healthy,10.016182,10.717525,13.105295,15.417457,10.215667,10.987906,13.307329,15.706554,0.12641499999999972,0.2703810000000004,0.20203399999999938,0.28909699999999994,-1.0643577831284925,-0.6744907594765952,-0.6744907594765953,-0.6744907594765952,0.7013429999999996,7.002099203069588,0.029222624999999985,14.925582999999998,15.417457,5.401275,0.03215044642857143,0.05410567172619048,-0.02195522529761905,1.0643577831284925,0,46.53,0,REVIEW,QA REVIEW,Abnormal early drift,train
FPGA_0108,LOT_F06,FPGA,Leakage Current (µA),µA,0.0,50.0,healthy,10.342082,11.08158,13.307329,15.753143,10.215667,10.987906,13.307329,15.706554,0.12641499999999972,0.2703810000000004,0.20203399999999938,0.28909699999999994,0.6744907594765952,0.23367857727876776,0.0,0.10869656203023378,0.7394980000000011,7.1503784247698015,0.030812416666666714,15.518568000000007,15.753143,5.411061,0.03220869642857143,0.05410567172619048,-0.021896975297619047,0.6744907594765952,0,42.31,0,REVIEW,QA REVIEW,Abnormal early drift,train
FPGA_0112,LOT_F06,FPGA,Leakage Current (µA),µA,0.0,50.0,healthy,8.436957,8.742936,9.469276,10.237023,10.215667,10.987906,13.307329,15.706554,0.12641499999999972,0.2703810000000004,0.20203399999999938,0.28909699999999994,-9.490356830982222,-5.600288187047795,-12.813344698820158,-12.76093531987804,0.30597900000000067,3.6266511729288258,0.012749125000000028,10.578810000000004,10.237023,1.800066000000001,0.010714678571428578,0.05410567172619048,-0.0433909931547619,9.490356830982222,1,100.0,0,CRITICAL,HOLD / REJECT,Lot-level outlier; Abnormal early drift,train
FPGA_0116,LOT_F06,FPGA,Leakage Current (µA),µA,0.0,50.0,healthy,10.215667,11.445475,14.256762,17.225778,10.215667,10.987906,13.307329,15.706554,0.12641499999999972,0.2703810000000004,0.20203399999999938,0.28909699999999994,0.0,1.141448779030129,3.1696832475828067,3.544493888124296,1.2298080000000002,12.038450352776772,0.05124200000000001,18.824323,17.225778,7.010110999999998,0.04172685119047618,0.05410567172619048,-0.012378820535714298,1.141448779030129,0,47.37,0,REVIEW,QA REVIEW,Abnormal early drift,train
FPGA_0120,LOT_F06,FPGA,Leakage Current (µA),µA,0.0,50.0,healthy,10.316045,10.987906,13.372961,15.706554,10.215667,10.987906,13.307329,15.706554,0.12641499999999972,0.2703810000000004,0.20203399999999938,0.28909699999999994,0.5355696195446938,0.0,0.21911251336888135,0.0,0.6718609999999998,6.51277694116301,0.027994208333333326,15.019072,15.706554,5.390509,0.032086363095238095,0.05410567172619048,-0.022019308630952382,0.5355696195446938,0,40.8,0,REVIEW,QA REVIEW,Abnormal early drift,train
FPGA_0123,LOT_G07,FPGA,Leakage Current (µA),µA,0.0,50.0,healthy,10.809516,10.886385,12.25496,13.589171,10.649934,11.643199,15.66871,18.229086,0.43146400000000007,0.7568139999999985,2.8184250000000013,4.6399149999999985,0.24946828560156636,-0.6744907594765952,-0.8169608310184681,-0.6744907594765952,0.0768690000000003,0.7111234212521661,0.0032028750000000126,11.347599000000002,13.589171,2.779655,0.016545565476190478,0.05410567172619048,-0.03756010625,0.6744907594765952,0,12.28,0,NORMAL,PASS,Within learned lot behavior,train
FPGA_0127,LOT_G07,FPGA,Leakage Current (µA),µA,0.0,50.0,gradual_drift,9.286994,11.643199,18.460586,25.339137,10.649934,11.643199,15.66871,18.229086,0.43146400000000007,0.7568139999999985,2.8184250000000013,4.6399149999999985,-2.130630680012772,0.0,0.6681371913762036,1.0335671448522932,2.356204999999999,25.371018867892015,0.0981752083333333,25.780428999999994,25.339137,16.052143,0.09554847023809525,0.05410567172619048,0.04144279851190477,2.130630680012772,1,58.08,0,REVIEW,QA REVIEW,Abnormal early drift; Drift above learned safety slope,train
FPGA_0131,LOT_G07,FPGA,Leakage Current (µA),µA,0.0,50.0,gradual_drift,10.21847,12.795716,19.867285,26.764586,10.649934,11.643199,15.66871,18.229086,0.43146400000000007,0.7568139999999985,2.8184250000000013,4.6399149999999985,-0.6744907594765952,1.0271507485851075,1.0047810534143868,1.2407804620370162,2.5772460000000006,25.221447046377794,0.10738525000000003,28.259192000000006,26.764586,16.546116,0.09848878571428572,0.05410567172619048,0.044383113988095246,1.0271507485851075,1,46.13,1,CRITICAL,HOLD / REJECT,Abnormal early drift; Drift above learned safety slope,train
FPGA_0135,LOT_G07,FPGA,Leakage Current (µA),µA,0.0,50.0,healthy,10.649934,11.147187,12.850285,14.590543,10.649934,11.643199,15.66871,18.229086,0.43146400000000007,0.7568139999999985,2.8184250000000013,4.6399149999999985,0.0,-0.442057771908956,-0.6744907594765952,-0.5289242650906857,0.4972530000000006,4.6690711886101885,0.020718875000000025,14.130705000000004,14.590543,3.9406090000000003,0.023456005952380954,0.05410567172619048,-0.030649665773809523,0.442057771908956,0,37.47,0,REVIEW,QA REVIEW,Abnormal early drift,train
FPGA_0139,LOT_G07,FPGA,Leakage Current (µA),µA,0.0,50.0,lot_outlier,12.247399,13.063728,15.66871,18.229086,10.649934,11.643199,15.66871,18.229086,0.43146400000000007,0.7568139999999985,2.8184250000000013,4.6399149999999985,2.4972544200380073,1.266009460803487,0.0,0.0,0.8163289999999996,6.6653254295054785,0.034013708333333316,17.961701999999995,18.229086,5.981686999999999,0.03560527976190476,0.05410567172619048,-0.01850039196428572,2.4972544200380073,0,62.05,0,HIGH,QA REVIEW,Abnormal early drift,train
FPGA_0142,LOT_H08,FPGA,Leakage Current (µA),µA,0.0,50.0,gradual_drift,10.542907,13.60734,22.459252,31.385653,9.632099,10.728248,15.145993,19.442677,0.3702380000000005,0.4940460000000009,1.5099719999999976,2.5025720000000007,1.6592882947113952,3.9306480564218433,3.2667662825264654,3.218859218696105,3.064433000000001,29.06630021492176,0.12768470833333337,31.993938000000007,31.385653,20.842746,0.1240639642857143,0.05410567172619048,0.06995829255952382,3.9306480564218433,1,77.58,1,CRITICAL,HOLD / REJECT,Lot-level outlier; Abnormal early drift; Drift above learned safety slope,train
FPGA_0146,LOT_H08,FPGA,Leakage Current (µA),µA,0.0,50.0,healthy,9.308732,10.234202,12.077973,14.322549,9.632099,10.728248,15.145993,19.442677,0.3702380000000005,0.4940460000000009,1.5099719999999976,2.5025720000000007,-0.5891022893913337,-0.6744907594765952,-1.370456630910631,-1.379971894250147,0.9254700000000007,9.941955574615328,0.038561250000000026,15.787022000000004,14.322549,5.013817000000001,0.029844148809523817,0.05410567172619048,-0.02426152291666666,0.6744907594765952,0,42.31,0,REVIEW,QA REVIEW,Abnormal early drift,train
FPGA_0150,LOT_H08,FPGA,Leakage Current (µA),µA,0.0,50.0,healthy,9.261861,10.728248,15.145993,19.442677,9.632099,10.728248,15.145993,19.442677,0.3702380000000005,0.4940460000000009,1.5099719999999976,2.5025720000000007,-0.6744907594765953,0.0,0.0,0.0,1.466387000000001,15.832530848821863,0.06109945833333338,19.526570000000007,19.442677,10.180816,0.06060009523809524,0.05410567172619048,0.006494423511904761,0.6744907594765953,0,42.31,0,REVIEW,QA REVIEW,Abnormal early drift; Drift above learned safety slope,train
FPGA_0154,LOT_H08,FPGA,Leakage Current (µA),µA,0.0,50.0,healthy,10.957734,12.285206,16.655965,20.757285,9.632099,10.728248,15.145993,19.442677,0.3702380000000005,0.4940460000000009,1.5099719999999976,2.5025720000000007,2.415010231091231,2.125619444126982,0.6744907594765952,0.35431186328865166,1.3274720000000002,12.11447549283456,0.055311333333333344,20.250038000000004,20.757285,9.799551,0.058330660714285706,0.05410567172619048,0.00422498898809523,2.415010231091231,0,61.16,0,HIGH,QA REVIEW,Abnormal early drift; Drift above learned safety slope,train
FPGA_0158,LOT_H08,FPGA,Leakage Current (µA),µA,0.0,50.0,healthy,9.632099,10.652313,13.923441,16.940105,9.632099,10.728248,15.145993,19.442677,0.3702380000000005,0.4940460000000009,1.5099719999999976,2.5025720000000007,0.0,-0.10366940693954808,-0.5461028595097339,-0.6744907594765952,1.0202139999999993,10.591813892278301,0.04250891666666664,16.773596999999995,16.940105,7.308005999999999,0.043500035714285706,0.05410567172619048,-0.01060563601190477,0.10366940693954808,0,36.12,0,REVIEW,QA REVIEW,Abnormal early drift,train
FPGA_0161,LOT_I09,FPGA,Leakage Current (µA),µA,0.0,50.0,sudden_jump,9.751096,10.393348,16.088701,18.416697,9.751096,10.923572,17.388778,24.572242,0.17549499999999973,0.5302240000000005,2.0261200000000024,6.155545,0.0,-0.6744907594765952,-0.43279268903522555,-0.6744907594765952,0.6422519999999992,6.586459614385902,0.026760499999999965,14.246859999999995,18.416697,8.665600999999999,0.05158095833333333,0.05410567172619048,-0.0025247133928571475,0.6744907594765952,0,42.31,0,REVIEW,QA REVIEW,Abnormal early drift,validation
FPGA_0165,LOT_I09,FPGA,Leakage Current (µA),µA,0.0,50.0,accelerating_drift,10.185902,12.265277,21.597729,33.79544,9.751096,10.923572,17.388778,24.572242,0.17549499999999973,0.5302240000000005,2.0261200000000024,6.155545,1.6711167222141994,1.7067647342322185,1.4011502559521516,1.0106273000722137,2.079374999999999,20.414245100728426,0.08664062499999996,24.74152699999999,33.79544,23.609538,0.1405329642857143,0.05410567172619048,0.08642729255952382,1.7067647342322185,1,53.49,1,CRITICAL,HOLD / REJECT,Abnormal early drift; Drift above learned safety slope,validation
FPGA_0169,LOT_I09,FPGA,Leakage Current (µA),µA,0.0,50.0,gradual_drift,9.734707,12.293927,19.414898,26.405498,9.751096,10.923572,17.388778,24.572242,0.17549499999999973,0.5302240000000005,2.0261200000000024,6.155545,-0.06298885470846506,1.7432100106795407,0.6744907594765952,0.20087810774757175,2.55922,26.28964590305594,0.10663416666666665,27.649247,26.405498,16.670791,0.09923089880952382,0.05410567172619048,0.045125227083333344,1.7432100106795407,1,53.88,1,CRITICAL,HOLD / REJECT,Abnormal early drift; Drift above learned safety slope,validation
FPGA_0173,LOT_I09,FPGA,Leakage Current (µA),µA,0.0,50.0,healthy,10.304031,10.740982,12.576282,14.16786,9.751096,10.923572,17.388778,24.572242,0.17549499999999973,0.5302240000000005,2.0261200000000024,6.155545,2.1251291950835727,-0.23227026270563192,-1.602069019612891,-1.1400549451047173,0.43695100000000053,4.240583127127631,0.01820629166666669,13.362688000000004,14.16786,3.863828999999999,0.022998982142857137,0.05410567172619048,-0.03110668958333334,2.1251291950835727,0,52.71,0,REVIEW,QA REVIEW,Abnormal early drift,validation
FPGA_0177,LOT_I09,FPGA,Leakage Current (µA),µA,0.0,50.0,latent_defect,9.575601,10.923572,17.388778,24.572242,9.751096,10.923572,17.388778,24.572242,0.17549499999999973,0.5302240000000005,2.0261200000000024,6.155545,-0.6744907594765952,0.0,0.0,0.0,1.3479709999999994,14.077142520871528,0.05616545833333331,19.011397999999996,24.572242,14.996640999999999,0.08926572023809523,0.05410567172619048,0.035160048511904754,0.6744907594765952,1,42.31,0,REVIEW,QA REVIEW,Abnormal early drift; Drift above learned safety slope,validation
FPGA_0184,LOT_J10,FPGA,Leakage Current (µA),µA,0.0,50.0,healthy,8.611946,9.224359,11.059099,13.09457,9.932008,10.704569,13.389481,16.086077,0.10677500000000073,0.48978000000000144,1.3216509999999992,2.146535,-8.338746157210839,-2.038441682152901,-1.1892860710207065,-0.9400004325154498,0.6124130000000001,7.111203437643479,0.025517208333333336,12.898837,13.09457,4.4826239999999995,0.02668228571428571,0.05410567172619048,-0.027423386011904766,8.338746157210839,1,100.0,0,CRITICAL,HOLD / REJECT,Lot-level outlier; Abnormal early drift,validation
FPGA_0188,LOT_J10,FPGA,Leakage Current (µA),µA,0.0,50.0,healthy,10.038783,10.704569,12.433052,13.939542,9.932008,10.704569,13.389481,16.086077,0.10677500000000073,0.48978000000000144,1.3216509999999992,2.146535,0.6744907594765952,0.0,-0.4881035330775226,-0.6744907594765952,0.6657859999999989,6.632138576956977,0.027741083333333288,14.699284999999993,13.939542,3.900758999999999,0.023218803571428564,0.05410567172619048,-0.030886868154761913,0.6744907594765952,0,42.31,0,REVIEW,QA REVIEW,Abnormal early drift,validation
FPGA_0192,LOT_J10,FPGA,Leakage Current (µA),µA,0.0,50.0,healthy,9.864509,10.583994,13.389481,16.086077,9.932008,10.704569,13.389481,16.086077,0.10677500000000073,0.48978000000000144,1.3216509999999992,2.146535,-0.426386811275207,-0.16604745666194903,0.0,0.0,0.7194850000000006,7.2936727007902835,0.02997854166666669,14.900904000000004,16.086077,6.2215679999999995,0.037033142857142855,0.05410567172619048,-0.017072528869047622,0.426386811275207,0,39.62,0,REVIEW,QA REVIEW,Abnormal early drift,validation
FPGA_0196,LOT_J10,FPGA,Leakage Current (µA),µA,0.0,50.0,healthy,9.932008,11.194349,15.050728,18.883081,9.932008,10.704569,13.389481,16.086077,0.10677500000000073,0.48978000000000144,1.3216509999999992,2.146535,0.0,0.6744907594765952,0.8478000248993234,0.8788831079945473,1.262341000000001,12.709826653381684,0.05259754166666671,18.768395000000005,18.883081,8.951073000000001,0.05328019642857144,0.05410567172619048,-0.0008254752976190396,0.6744907594765952,0,42.31,0,REVIEW,QA REVIEW,Abnormal early drift,validation
FPGA_0200,LOT_J10,FPGA,Leakage Current (µA),µA,0.0,50.0,healthy,10.538737,11.531112,14.711132,17.961986,9.932008,10.704569,13.389481,16.086077,0.10677500000000073,0.48978000000000144,1.3216509999999992,2.146535,3.832667796829521,1.1382572089715024,0.6744907594765952,0.5894538342579927,0.9923750000000009,9.416450946636214,0.04134895833333337,17.485362000000006,17.961986,7.423249,0.04418600595238095,0.05410567172619048,-0.009919665773809525,3.832667796829521,1,76.52,0,HIGH,QA REVIEW,Lot-level outlier; Abnormal early drift,validation
FPGA_0203,LOT_K11,FPGA,Leakage Current (µA),µA,0.0,50.0,healthy,9.104705,10.138678,12.960147,15.511525,9.512526,10.138678,12.486959,14.433029,0.4078210000000002,0.4766750000000002,0.7522159999999989,0.8727159999999987,-0.6744907594765952,0.0,0.42429426321058133,0.8335307088817805,1.0339730000000014,11.356468990483508,0.04308220833333339,16.34251600000001,15.511525,6.4068200000000015,0.03813583333333334,0.05410567172619048,-0.015969838392857136,0.6744907594765952,0,42.31,0,REVIEW,QA REVIEW,Abnormal early drift,test
FPGA_0207,LOT_K11,FPGA,Leakage Current (µA),µA,0.0,50.0,healthy,10.097991,10.615353,12.486959,14.433029,9.512526,10.138678,12.486959,14.433029,0.4078210000000002,0.4766750000000002,0.7522159999999989,0.8727159999999987,0.9682942577674158,0.6744907594765952,0.0,0.0,0.5173620000000003,5.123415142675412,0.021556750000000013,13.719525000000003,14.433029,4.335037999999999,0.025803797619047615,0.05410567172619048,-0.02830187410714286,0.9682942577674158,0,45.49,0,REVIEW,QA REVIEW,Abnormal early drift,test
FPGA_0211,LOT_K11,FPGA,Leakage Current (µA),µA,0.0,50.0,healthy,9.512526,9.582937,11.080744,12.172243,9.512526,10.138678,12.486959,14.433029,0.4078210000000002,0.4766750000000002,0.7522159999999989,0.8727159999999987,0.0,-0.7863684253679827,-1.2609131198184864,-1.7472800615023165,0.070411,0.7401924578182494,0.0029337916666666666,10.005403,12.172243,2.6597170000000006,0.015831648809523813,0.05410567172619048,-0.038274022916666664,0.7863684253679827,0,13.7,0,NORMAL,PASS,Within learned lot behavior,test
FPGA_0215,LOT_K11,FPGA,Leakage Current (µA),µA,0.0,50.0,healthy,10.442536,11.084341,13.239175,15.227304,9.512526,10.138678,12.486959,14.433029,0.4078210000000002,0.4766750000000002,0.7522159999999989,0.8727159999999987,1.5381335223562023,1.3381044843528924,0.6744907594765952,0.6138665361735937,0.6418049999999997,6.146064519193419,0.026741874999999988,14.935170999999999,15.227304,4.784768,0.028480761904761905,0.05410567172619048,-0.025624909821428572,1.5381335223562023,0,51.66,0,REVIEW,QA REVIEW,Abnormal early drift,test
FPGA_0219,LOT_K11,FPGA,Leakage Current (µA),µA,0.0,50.0,healthy,9.246612,9.748704,11.5711,13.560313,9.512526,10.138678,12.486959,14.433029,0.4078210000000002,0.4766750000000002,0.7522159999999989,0.8727159999999987,-0.4397923005815256,-0.5518096385086819,-0.821224797775475,-0.6744907594765952,0.5020919999999993,5.430010473025139,0.02092049999999997,12.761255999999996,13.560313,4.313701,0.025676791666666667,0.05410567172619048,-0.02842888005952381,0.5518096385086819,0,40.98,0,REVIEW,QA REVIEW,Abnormal early drift,test
FPGA_0222,LOT_L12,FPGA,Leakage Current (µA),µA,0.0,50.0,gradual_drift,10.636351,13.548818,22.974659,32.395247,10.547977,12.749115,22.358086,32.007026,0.08837399999999995,0.7997030000000009,1.7964839999999995,5.796579999999999,0.6744907594765951,0.6744907594765952,0.23149262172263274,0.04517344315695799,2.9124670000000012,27.38220090705921,0.12135279166666672,31.023620000000008,32.395247,21.758896,0.1295172380952381,0.05410567172619048,0.07541156636904763,0.6744907594765952,1,42.31,1,CRITICAL,HOLD / REJECT,Abnormal early drift; Drift above learned safety slope,test
FPGA_0226,LOT_L12,FPGA,Leakage Current (µA),µA,0.0,50.0,accelerating_drift,10.601349,13.141638,24.15457,37.803606,10.547977,12.749115,22.358086,32.007026,0.08837399999999995,0.7997030000000009,1.7964839999999995,5.796579999999999,0.40734741909142663,0.33106432810935016,0.6744907594765952,0.6744907594765952,2.5402889999999996,23.96194106995251,0.10584537499999998,28.383371999999994,37.803606,27.202257000000003,0.16191819642857144,0.05410567172619048,0.10781252470238097,0.40734741909142663,1,39.41,1,CRITICAL,HOLD / REJECT,Abnormal early drift; Drift above learned safety slope,test
FPGA_0230,LOT_L12,FPGA,Leakage Current (µA),µA,0.0,50.0,healthy,10.547977,11.342062,14.288177,17.071956,10.547977,12.749115,22.358086,32.007026,0.08837399999999995,0.7997030000000009,1.7964839999999995,5.796579999999999,0.0,-1.1867458876530663,-3.029851114909464,-1.7378465762805166,0.7940850000000008,7.528315619194097,0.033086875000000036,16.106572000000007,17.071956,6.523979000000001,0.038833208333333334,0.05410567172619048,-0.015272463392857143,1.1867458876530663,0,47.86,0,REVIEW,QA REVIEW,Abnormal early drift,test
FPGA_0234,LOT_L12,FPGA,Leakage Current (µA),µA,0.0,50.0,healthy,10.289447,11.150355,14.219377,17.401515,10.547977,12.749115,22.358086,32.007026,0.08837399999999995,0.7997030000000009,1.7964839999999995,5.796579999999999,-1.9731606133872461,-1.3484366653880258,-3.0556821071431766,-1.69949905063568,0.8609080000000002,8.366902516724178,0.035871166666666676,16.315803000000002,17.401515,7.112068000000001,0.0423337380952381,0.05410567172619048,-0.011771933630952379,1.9731606133872461,0,56.38,0,REVIEW,QA REVIEW,Abnormal early drift,test
FPGA_0238,LOT_L12,FPGA,Leakage Current (µA),µA,0.0,50.0,gradual_drift,9.444045,12.749115,22.358086,32.007026,10.547977,12.749115,22.358086,32.007026,0.08837399999999995,0.7997030000000009,1.7964839999999995,5.796579999999999,-8.425463746017124,0.0,0.0,0.0,3.3050700000000006,34.99633896280673,0.13771125000000004,32.57953500000001,32.007026,22.562981000000004,0.13430345833333335,0.05410567172619048,0.08019778660714287,8.425463746017124,1,100.0,1,CRITICAL,HOLD / REJECT,Lot-level outlier; Abnormal early drift; Drift above learned safety slope,test
Microprocessor_0002,LOT_A01,Microprocessor,Supply Current (mA),mA,80.0,140.0,sudden_jump,104.691994,107.434627,126.299807,135.357164,74.089505,76.9284575,86.5037595,96.8703165,27.8672405,29.010908,33.02880999999999,33.808141500000005,0.7406939358593523,0.709254926966669,0.812686448662294,0.7678334817705049,2.742633000000012,2.6197160787672193,0.1142763750000005,123.89042500000008,135.357164,30.665170000000018,0.18253077380952393,0.13481568452380951,0.04771508928571441,0.7406939358593523,0,26.36,0,NORMAL,PASS,Abnormal early drift; Drift above learned safety slope,train
Microprocessor_0006,LOT_A01,Microprocessor,Supply Current (mA),mA,80.0,140.0,healthy,100.488583,103.746558,111.011365,118.804779,74.089505,76.9284575,86.5037595,96.8703165,27.8672405,29.010908,33.02880999999999,33.808141500000005,0.6389557720902389,0.6235089564919739,0.5004768093869498,0.4376044234888183,3.2579749999999876,3.2421344820833897,0.1357489583333328,123.29440799999992,118.804779,18.31619599999999,0.10902497619047613,0.13481568452380951,-0.025790708333333384,0.6389557720902389,0,29.62,0,NORMAL,PASS,Abnormal early drift,train
Microprocessor_0010,LOT_A01,Microprocessor,Supply Current (mA),mA,80.0,140.0,sudden_jump,102.215694,105.901606,128.079142,140.541727,74.089505,76.9284575,86.5037595,96.8703165,27.8672405,29.010908,33.02880999999999,33.808141500000005,0.6807582752871514,0.6736128678286519,0.8490227567373739,0.8712683255765229,3.685912000000002,3.606013769275002,0.15357966666666675,128.01707800000003,140.541727,38.32603300000001,0.22813114880952387,0.13481568452380951,0.09331546428571436,0.6807582752871514,0,32.62,1,CRITICAL,HOLD / REJECT,Abnormal early drift; Predicted value near limit; Drift above learned safety slope,train
Microprocessor_0014,LOT_A01,Microprocessor,Supply Current (mA),mA,80.0,140.0,healthy,103.675144,105.647376,110.489569,116.41016,74.089505,76.9284575,86.5037595,96.8703165,27.8672405,29.010908,33.02880999999999,33.808141500000005,0.7160823878026378,0.6677021329498354,0.4898210642864801,0.3898304756671943,1.972231999999991,1.9023190360844746,0.08217633333333296,117.48076799999994,116.41016,12.735016000000002,0.07580366666666667,0.13481568452380951,-0.05901201785714284,0.7160823878026378,0,21.07,0,NORMAL,PASS,Abnormal early drift,train
Microprocessor_0018,LOT_A01,Microprocessor,Supply Current (mA),mA,80.0,140.0,healthy,104.857802,107.568941,116.688707,125.999752,74.089505,76.9284575,86.5037595,96.8703165,27.8672405,29.010908,33.02880999999999,33.808141500000005,0.7447071055109116,0.7123776679669966,0.6164154313775202,0.5811480371826855,2.7111389999999886,2.5855386516684646,0.11296412499999953,123.83577499999993,125.999752,21.141949999999994,0.12584494047619044,0.13481568452380951,-0.008970744047619078,0.7447071055109116,0,26.17,0,NORMAL,PASS,Abnormal early drift,train
Microprocessor_0021,LOT_B02,Microprocessor,Supply Current (mA),mA,80.0,140.0,healthy,104.965659,107.418555,114.95714,122.799804,74.2285325,76.25891899999999,81.74678449999999,87.21253,28.3434895,29.11558949999999,32.77209199999999,35.6832935,0.7314522016462787,0.721843071412113,0.6835107720215949,0.6726757850410217,2.4528959999999955,2.3368557139244897,0.10220399999999981,122.13593099999997,122.799804,17.834144999999992,0.10615562499999995,0.13481568452380951,-0.028660059523809567,0.7314522016462787,0,24.28,0,NORMAL,PASS,Abnormal early drift,train
Microprocessor_0025,LOT_B02,Microprocessor,Supply Current (mA),mA,80.0,140.0,healthy,100.772402,104.358997,115.478912,126.063636,74.2285325,76.25891899999999,81.74678449999999,87.21253,28.3434895,29.11558949999999,32.77209199999999,35.6832935,0.6316651553614325,0.6509654544886195,0.6942494942415136,0.7343692081686828,3.5865950000000026,3.559104406383012,0.14944145833333344,125.87856700000002,126.063636,25.291234000000003,0.15054305952380953,0.13481568452380951,0.015727375000000016,0.6509654544886195,0,31.97,0,NORMAL,PASS,Abnormal early drift; Drift above learned safety slope,train
Microprocessor_0029,LOT_B02,Microprocessor,Supply Current (mA),mA,80.0,140.0,healthy,105.621571,108.392238,117.846222,127.053459,74.2285325,76.25891899999999,81.74678449999999,87.21253,28.3434895,29.11558949999999,32.77209199999999,35.6832935,0.7470609566314337,0.7443993787868772,0.7429717033643412,0.7530789852529478,2.770667000000003,2.6232018457669057,0.11544445833333346,125.01624000000002,127.053459,21.431888,0.1275707619047619,0.13481568452380951,-0.007244922619047606,0.7470609566314337,0,26.46,0,NORMAL,PASS,Abnormal early drift,train
Microprocessor_0033,LOT_B02,Microprocessor,Supply Current (mA),mA,80.0,140.0,healthy,103.247181,104.071017,108.056563,110.811601,74.2285325,76.25891899999999,81.74678449999999,87.21253,28.3434895,29.11558949999999,32.77209199999999,35.6832935,0.6905575358231512,0.6442941195697757,0.541488241950682,0.44607304316604324,0.823836,0.7979259017251038,0.0343265,109.014033,110.811601,7.564419999999998,0.04502630952380952,0.13481568452380951,-0.089789375,0.6905575358231512,0,13.07,0,NORMAL,PASS,Within learned lot behavior,train
Microprocessor_0037,LOT_B02,Microprocessor,Supply Current (mA),mA,80.0,140.0,gradual_drift,103.917369,110.673694,131.316851,151.909219,74.2285325,76.25891899999999,81.74678449999999,87.21253,28.3434895,29.11558949999999,32.77209199999999,35.6832935,0.7065060171529499,0.7972515111523383,1.020214144427837,1.222906145118894,6.756325000000004,6.501632080388799,0.2815135416666668,151.21164400000004,151.909219,47.991850000000014,0.2856657738095239,0.13481568452380951,0.1508500892857144,0.7972515111523383,1,43.64,1,CRITICAL,HOLD / REJECT,Abnormal early drift; Predicted value near limit; Drift above learned safety slope,train
Microprocessor_0044,LOT_C03,Microprocessor,Supply Current (mA),mA,80.0,140.0,healthy,103.260095,106.397571,116.346287,126.489697,73.881106,76.695573,86.9983025,96.4695165,27.872337,29.394579999999994,33.06388749999999,35.924873500000004,0.7109506677988479,0.6815448014223138,0.5986877482120745,0.5636299413850261,3.1374759999999924,3.0384206018791597,0.13072816666666634,125.22242699999995,126.489697,23.229602,0.13827144047619047,0.13481568452380951,0.0034557559523809567,0.7109506677988479,0,28.97,0,NORMAL,PASS,Abnormal early drift; Drift above learned safety slope,train
Microprocessor_0048,LOT_C03,Microprocessor,Supply Current (mA),mA,80.0,140.0,healthy,100.280364,103.78349,113.82099,123.953127,73.881106,76.695573,86.9983025,96.4695165,27.872337,29.394579999999994,33.06388749999999,35.924873500000004,0.6388432939096058,0.6215618563003444,0.5471726475925852,0.5160057507037269,3.5031259999999946,3.493331954798244,0.14596358333333312,124.80224599999997,123.953127,23.67276299999999,0.1409093035714285,0.13481568452380951,0.006093619047618987,0.6388432939096058,0,31.37,0,NORMAL,PASS,Abnormal early drift; Drift above learned safety slope,train
Microprocessor_0052,LOT_C03,Microprocessor,Supply Current (mA),mA,80.0,140.0,latent_defect,101.10257,105.694512,123.670406,143.446616,73.881106,76.695573,86.9983025,96.4695165,27.872337,29.394579999999994,33.06388749999999,35.924873500000004,0.6587400951497103,0.6654123443888453,0.7480969968010965,0.8819966901139564,4.591942000000003,4.541864761696961,0.1913309166666668,133.24616400000002,143.446616,42.344046000000006,0.2520478928571429,0.13481568452380951,0.1172322083333334,0.6654123443888453,1,39.0,1,CRITICAL,HOLD / REJECT,Abnormal early drift; Predicted value near limit; Drift above learned safety slope,train
Microprocessor_0056,LOT_C03,Microprocessor,Supply Current (mA),mA,80.0,140.0,gradual_drift,102.527978,109.894635,132.850759,154.941186,73.881106,76.695573,86.9983025,96.4695165,27.872337,29.394579999999994,33.06388749999999,35.924873500000004,0.6932339563743366,0.7617887563724528,0.9353727146740553,1.0978076448597505,7.366656999999989,7.185021243664816,0.3069440416666662,154.09457699999993,154.941186,52.41320799999998,0.3119833809523809,0.13481568452380951,0.17716769642857136,0.7617887563724528,1,43.25,1,CRITICAL,HOLD / REJECT,Abnormal early drift; Predicted value near limit; Drift above learned safety slope,train
Microprocessor_0060,LOT_C03,Microprocessor,Supply Current (mA),mA,80.0,140.0,healthy,106.758168,108.64063,114.989981,122.242198,73.881106,76.695573,86.9983025,96.4695165,27.872337,29.394579999999994,33.06388749999999,35.924873500000004,0.7956015499431964,0.7330142413143216,0.5710196204390573,0.4838829987441263,1.8824620000000039,1.7632955260153995,0.07843591666666683,119.93540200000002,122.242198,15.484030000000004,0.09216684523809526,0.13481568452380951,-0.04264883928571425,0.7956015499431964,0,20.96,0,NORMAL,PASS,Abnormal early drift,train
Microprocessor_0063,LOT_D04,Microprocessor,Supply Current (mA),mA,80.0,140.0,lot_outlier,109.240329,110.606154,114.867395,119.059817,74.25391450000001,75.728733,83.821222,93.3472895,26.865483000000008,27.375659000000006,30.933135,30.816577499999994,0.878376662257215,0.859321712725708,0.6769555302303424,0.562777037830948,1.365825000000001,1.2502937445382472,0.05690937500000004,118.80110400000001,119.059817,9.819487999999993,0.05844933333333329,0.13481568452380951,-0.07636635119047622,0.878376662257215,0,18.27,0,NORMAL,PASS,Abnormal early drift,train
Microprocessor_0067,LOT_D04,Microprocessor,Supply Current (mA),mA,80.0,140.0,healthy,99.357735,101.241747,105.028971,109.736341,74.25391450000001,75.728733,83.821222,93.3472895,26.865483000000008,27.375659000000006,30.933135,30.816577499999994,0.6302620710302924,0.6285982810275728,0.46243068249626157,0.35871159908448724,1.8840119999999985,1.8961905683538363,0.07850049999999993,112.545819,109.736341,10.37860599999999,0.06177741666666661,0.13481568452380951,-0.0730382678571429,0.6302620710302924,0,20.1,0,NORMAL,PASS,Abnormal early drift,train
Microprocessor_0071,LOT_D04,Microprocessor,Supply Current (mA),mA,80.0,140.0,healthy,99.748116,100.995133,105.051475,108.90703,74.25391450000001,75.728733,83.821222,93.3472895,26.865483000000008,27.375659000000006,30.933135,30.816577499999994,0.6400630627777785,0.622522121759313,0.46292137766994057,0.34056024511819144,1.2470169999999996,1.250165968046955,0.05195904166666665,108.477235,108.90703,9.15891400000001,0.054517345238095295,0.13481568452380951,-0.08029833928571423,0.6400630627777785,0,15.69,0,NORMAL,PASS,Abnormal early drift,train
Microprocessor_0075,LOT_D04,Microprocessor,Supply Current (mA),mA,80.0,140.0,healthy,106.176383,108.841714,117.488796,125.568328,74.25391450000001,75.728733,83.821222,93.3472895,26.865483000000008,27.375659000000006,30.933135,30.816577499999994,0.8014525561640815,0.8158488423319437,0.7341146494525841,0.7052305769188553,2.665330999999995,2.510286115133527,0.11105545833333312,124.83369999999996,125.568328,19.391944999999993,0.115428244047619,0.13481568452380951,-0.01938744047619051,0.8158488423319437,0,26.41,0,NORMAL,PASS,Abnormal early drift,train
Microprocessor_0079,LOT_D04,Microprocessor,Supply Current (mA),mA,80.0,140.0,lot_outlier,112.403207,113.617907,118.035169,122.759406,74.25391450000001,75.728733,83.821222,93.3472895,26.865483000000008,27.375659000000006,30.933135,30.816577499999994,0.9577845770284406,0.9335263033193413,0.7460282023377833,0.6437509420343352,1.2147000000000077,1.0806631166671319,0.05061250000000032,120.90610700000005,122.759406,10.356199000000004,0.06164404166666669,0.13481568452380951,-0.07317164285714282,0.9577845770284406,0,17.94,0,NORMAL,PASS,Within learned lot behavior,train
Microprocessor_0082,LOT_E05,Microprocessor,Supply Current (mA),mA,80.0,140.0,healthy,103.400181,105.681111,111.82073,117.541072,72.821643,75.428572,83.521536,91.56293600000001,26.689766999999996,28.2637205,27.751222,25.947177999999994,0.7727658813695877,0.7219522994577205,0.6878091657958525,0.6752955053696504,2.280929999999998,2.2059245718341614,0.09503874999999991,119.36669099999999,117.541072,14.140890999999996,0.08417197023809522,0.13481568452380951,-0.05064371428571429,0.7727658813695877,0,23.81,0,NORMAL,PASS,Abnormal early drift,train
Microprocessor_0086,LOT_E05,Microprocessor,Supply Current (mA),mA,80.0,140.0,healthy,102.316861,104.301414,110.360583,116.858737,72.821643,75.428572,83.521536,91.56293600000001,26.689766999999996,28.2637205,27.751222,25.947177999999994,0.7453887472958363,0.6890269498959888,0.652320434561694,0.6575583683149981,1.9845529999999911,1.9396148206696755,0.08268970833333296,116.20873199999994,116.858737,14.541876000000002,0.08655878571428573,0.13481568452380951,-0.04825689880952379,0.7453887472958363,0,21.65,0,NORMAL,PASS,Abnormal early drift,train
Microprocessor_0090,LOT_E05,Microprocessor,Supply Current (mA),mA,80.0,140.0,healthy,102.602398,104.592364,110.724786,117.479156,72.821643,75.428572,83.521536,91.56293600000001,26.689766999999996,28.2637205,27.751222,25.947177999999994,0.7526046989371025,0.6959702355992889,0.661172353157338,0.6736860135835399,1.9899660000000097,1.939492681252937,0.0829152500000004,116.53216000000006,117.479156,14.87675800000001,0.08855213095238101,0.13481568452380951,-0.0462635535714285,0.7526046989371025,0,21.73,0,NORMAL,PASS,Abnormal early drift,train
Microprocessor_0094,LOT_E05,Microprocessor,Supply Current (mA),mA,80.0,140.0,healthy,99.048063,101.133209,107.766806,114.152337,72.821643,75.428572,83.521536,91.56293600000001,26.689766999999996,28.2637205,27.751222,25.947177999999994,0.6627812803368487,0.6134203079244356,0.5892789361137003,0.5872061399745035,2.0851459999999946,2.1051860448800443,0.08688108333333311,113.64408499999996,114.152337,15.104274000000004,0.08990639285714289,0.13481568452380951,-0.04490929166666663,0.6627812803368487,0,21.92,0,NORMAL,PASS,Abnormal early drift,train
Microprocessor_0098,LOT_E05,Microprocessor,Supply Current (mA),mA,80.0,140.0,healthy,104.753552,107.594451,117.604471,127.143237,72.821643,75.428572,83.521536,91.56293600000001,26.689766999999996,28.2637205,27.751222,25.947177999999994,0.8069676124541489,0.7676126062717846,0.8283824299103454,0.9249015150663343,2.8408990000000074,2.711983456179135,0.11837079166666697,124.63984500000005,127.143237,22.389685,0.13327193452380953,0.13481568452380951,-0.0015437499999999826,0.8069676124541489,0,27.73,0,NORMAL,PASS,Abnormal early drift,train
Microprocessor_0101,LOT_F06,Microprocessor,Supply Current (mA),mA,80.0,140.0,healthy,103.769687,106.453047,115.414609,123.941585,75.9371085,77.7877175,85.35840449999999,94.17892950000001,28.73251700000001,28.703573,29.62176850000001,28.870124499999996,0.6533648622101905,0.6735920947925838,0.6843829125255927,0.6953429006596512,2.6833599999999933,2.5858804026266293,0.11180666666666639,122.55320699999996,123.941585,20.171898,0.12007082142857142,0.13481568452380951,-0.014744863095238092,0.6735920947925838,0,25.4,0,NORMAL,PASS,Abnormal early drift,train
Microprocessor_0105,LOT_F06,Microprocessor,Supply Current (mA),mA,80.0,140.0,healthy,104.54695,106.724037,114.545737,122.156523,75.9371085,77.7877175,85.35840449999999,94.17892950000001,28.73251700000001,28.703573,29.62176850000001,28.870124499999996,0.6716109737911234,0.6799599518851681,0.6645986064275977,0.6536386182935393,2.177087,2.0824012560863805,0.09071195833333334,119.786559,122.156523,17.60957300000001,0.10481888690476197,0.13481568452380951,-0.02999679761904754,0.6799599518851681,0,21.94,0,NORMAL,PASS,Abnormal early drift,train
Microprocessor_0109,LOT_F06,Microprocessor,Supply Current (mA),mA,80.0,140.0,healthy,104.649417,106.159287,109.618963,113.104287,75.9371085,77.7877175,85.35840449999999,94.17892950000001,28.73251700000001,28.703573,29.62176850000001,28.870124499999996,0.6740163685099813,0.6666891769745185,0.5524154483886188,0.44215184293857385,1.5098700000000065,1.4427887352683546,0.06291125000000027,115.21850700000005,113.104287,8.45487,0.05032660714285714,0.13481568452380951,-0.08448907738095238,0.6740163685099813,0,17.4,0,NORMAL,PASS,Abnormal early drift,train
Microprocessor_0113,LOT_F06,Microprocessor,Supply Current (mA),mA,80.0,140.0,healthy,104.689834,106.529534,114.151514,121.223159,75.9371085,77.7877175,85.35840449999999,94.17892950000001,28.73251700000001,28.703573,29.62176850000001,28.870124499999996,0.6749651504432093,0.6753894241606067,0.6556221075844196,0.631832498502538,1.8396999999999935,1.757286194569755,0.0766541666666664,117.56773399999996,121.223159,16.53332499999999,0.09841264880952376,0.13481568452380951,-0.036403035714285756,0.6753894241606067,0,19.62,0,NORMAL,PASS,Abnormal early drift,train
Microprocessor_0117,LOT_F06,Microprocessor,Supply Current (mA),mA,80.0,140.0,healthy,104.127291,105.94195,111.849179,117.536819,75.9371085,77.7877175,85.35840449999999,94.17892950000001,28.73251700000001,28.703573,29.62176850000001,28.870124499999996,0.6617595529207839,0.6615820846208117,0.6031976994090757,0.5457087872490949,1.814659000000006,1.7427314036240564,0.07561079166666691,116.82990400000004,117.536819,13.409527999999995,0.07981861904761901,0.13481568452380951,-0.0549970654761905,0.6617595529207839,0,19.37,0,NORMAL,PASS,Abnormal early drift,train
Microprocessor_0124,LOT_G07,Microprocessor,Supply Current (mA),mA,80.0,140.0,lot_outlier,110.312241,112.741873,121.10236,129.08436,74.8501905,76.66852750000001,81.991973,87.308147,28.290399999999998,29.294553,32.358587,35.252264,0.8454749800053155,0.8305686795479217,0.8152270255513184,0.7993151768756188,2.429631999999998,2.202504434661968,0.10123466666666658,127.31966499999999,129.08436,18.772119000000004,0.1117388035714286,0.13481568452380951,-0.023076880952380918,0.8454749800053155,0,24.58,0,NORMAL,PASS,Abnormal early drift; Predicted value near limit,train
Microprocessor_0128,LOT_G07,Microprocessor,Supply Current (mA),mA,80.0,140.0,healthy,102.486664,103.77271,108.03767,112.065697,74.8501905,76.66852750000001,81.991973,87.308147,28.290399999999998,29.294553,32.358587,35.252264,0.6589000509101959,0.624058699220201,0.5429032469998545,0.4736926599176659,1.286045999999999,1.2548422885537565,0.05358524999999995,111.488986,112.065697,9.579032999999995,0.05701805357142854,0.13481568452380951,-0.07779763095238097,0.6589000509101959,0,15.92,0,NORMAL,PASS,Abnormal early drift,train
Microprocessor_0132,LOT_G07,Microprocessor,Supply Current (mA),mA,80.0,140.0,accelerating_drift,104.740729,110.217637,135.520571,166.373398,74.8501905,76.66852750000001,81.991973,87.308147,28.290399999999998,29.294553,32.358587,35.252264,0.7126407549567845,0.7724495521887105,1.1157639460195634,1.5127760644024917,5.476907999999995,5.229014588966623,0.22820449999999978,143.07908499999996,166.373398,61.63266900000001,0.36686112500000007,0.13481568452380951,0.23204544047619055,0.7724495521887105,1,43.37,1,CRITICAL,HOLD / REJECT,Abnormal early drift; Predicted value near limit; Drift above learned safety slope,train
Microprocessor_0136,LOT_G07,Microprocessor,Supply Current (mA),mA,80.0,140.0,accelerating_drift,100.98185,106.186026,131.233138,162.767838,74.8501905,76.66852750000001,81.991973,87.308147,28.290399999999998,29.294553,32.358587,35.252264,0.6230227519773063,0.6796239553856395,1.0263955832917655,1.4437899447382785,5.204176000000004,5.153575617796668,0.21684066666666682,137.41108200000002,162.767838,61.78598800000002,0.3677737380952382,0.13481568452380951,0.2329580535714287,0.6796239553856395,1,42.36,1,CRITICAL,HOLD / REJECT,Abnormal early drift; Predicted value near limit; Drift above learned safety slope,train
Microprocessor_0140,LOT_G07,Microprocessor,Supply Current (mA),mA,80.0,140.0,healthy,106.728188,109.414648,117.629568,125.169303,74.8501905,76.66852750000001,81.991973,87.308147,28.290399999999998,29.294553,32.358587,35.252264,0.7600251231643247,0.7539611779007891,0.7428392505973551,0.7244073704061064,2.6864599999999967,2.5171044785282,0.11193583333333319,125.53340799999998,125.169303,18.441114999999996,0.10976854166666665,0.13481568452380951,-0.025047142857142865,0.7600251231643247,0,25.85,0,NORMAL,PASS,Abnormal early drift,train
Microprocessor_0143,LOT_H08,Microprocessor,Supply Current (mA),mA,80.0,140.0,healthy,103.022467,105.753145,112.736951,120.427726,75.8337185,77.4476835,82.541493,88.2837965,28.8837595,29.064231499999998,31.074785000000002,34.1056155,0.6349090264715416,0.6568820587762843,0.6554046117829498,0.6356954156425397,2.7306779999999975,2.650565531497122,0.1137782499999999,122.13721299999999,120.427726,17.405259,0.10360273214285715,0.13481568452380951,-0.03121295238095237,0.6568820587762843,0,25.67,0,NORMAL,PASS,Abnormal early drift,train
Microprocessor_0147,LOT_H08,Microprocessor,Supply Current (mA),mA,80.0,140.0,healthy,105.02575,105.950533,108.988598,112.462301,75.8337185,77.4476835,82.541493,88.2837965,28.8837595,29.064231499999998,31.074785000000002,34.1056155,0.6816894974180798,0.6614628226623536,0.5740450959646947,0.47816694184021624,0.9247829999999908,0.8805297748409231,0.03853262499999962,111.49923099999994,112.462301,7.436550999999994,0.04426518452380949,0.13481568452380951,-0.09055050000000003,0.6816894974180798,0,13.55,0,NORMAL,PASS,Within learned lot behavior,train
Microprocessor_0151,LOT_H08,Microprocessor,Supply Current (mA),mA,80.0,140.0,gradual_drift,104.727428,112.464965,135.330387,158.004558,75.8337185,77.4476835,82.541493,88.2837965,28.8837595,29.064231499999998,31.074785000000002,34.1056155,0.6747231109146686,0.812642604836833,1.1458042656124403,1.378834795560912,7.737537000000003,7.388262222958443,0.32239737500000015,158.89018700000003,158.004558,53.27713,0.3171257738095238,0.13481568452380951,0.18231008928571427,0.812642604836833,1,43.8,1,CRITICAL,HOLD / REJECT,Abnormal early drift; Predicted value near limit; Drift above learned safety slope,train
Microprocessor_0155,LOT_H08,Microprocessor,Supply Current (mA),mA,80.0,140.0,healthy,107.489537,111.094144,119.123129,127.734198,75.8337185,77.4476835,82.541493,88.2837965,28.8837595,29.064231499999998,31.074785000000002,34.1056155,0.7392236132529164,0.7808300968268941,0.7940191846391329,0.7801920850656286,3.6046070000000014,3.3534491826864987,0.1501919583333334,132.721786,127.734198,20.244661000000008,0.12050393452380957,0.13481568452380951,-0.014311749999999943,0.7808300968268941,0,31.93,0,NORMAL,PASS,Abnormal early drift; Predicted value near limit,train
Microprocessor_0159,LOT_H08,Microprocessor,Supply Current (mA),mA,80.0,140.0,latent_defect,107.831459,110.839977,124.336072,139.274951,75.8337185,77.4476835,82.541493,88.2837965,28.8837595,29.064231499999998,31.074785000000002,34.1056155,0.7472081427412524,0.7749316682768778,0.9071682179527406,1.0084281436085916,3.0085180000000094,2.790018820018015,0.12535491666666707,128.89108500000006,139.274951,31.443491999999992,0.18716364285714282,0.13481568452380951,0.052347958333333305,0.7749316682768778,1,27.93,0,NORMAL,PASS,Abnormal early drift; Predicted value near limit; Drift above learned safety slope,train
Microprocessor_0162,LOT_I09,Microprocessor,Supply Current (mA),mA,80.0,140.0,healthy,97.887985,101.093377,110.845758,120.434567,73.9866755,75.878016,80.15915700000001,83.28946400000001,27.651630499999996,28.282459000000003,29.705351,30.84101249999999,0.5830112765733709,0.6013454484762629,0.6967710569804493,0.812360772309481,3.2053920000000033,3.27455100848179,0.13355800000000015,120.32572900000002,120.434567,22.546582,0.13420584523809526,0.13481568452380951,-0.0006098392857142587,0.6013454484762629,0,29.44,0,NORMAL,PASS,Abnormal early drift,validation
Microprocessor_0166,LOT_I09,Microprocessor,Supply Current (mA),mA,80.0,140.0,healthy,103.55776,105.031918,110.927163,117.224702,73.9866755,75.878016,80.15915700000001,83.28946400000001,27.651630499999996,28.282459000000003,29.705351,30.84101249999999,0.7213109275039522,0.695273261129318,0.6986194418143866,0.7421612520548413,1.4741580000000027,1.4235128299414768,0.06142325000000012,113.87686600000002,117.224702,13.666941999999992,0.08135084523809519,0.13481568452380951,-0.05346483928571433,0.7213109275039522,0,17.78,0,NORMAL,PASS,Abnormal early drift,validation
Microprocessor_0170,LOT_I09,Microprocessor,Supply Current (mA),mA,80.0,140.0,healthy,101.918427,103.911346,108.31252,113.615773,73.9866755,75.878016,80.15915700000001,83.28946400000001,27.651630499999996,28.282459000000003,29.705351,30.84101249999999,0.681323594380683,0.6685494370329685,0.6392512645849657,0.663234230378523,1.9929190000000006,1.9554059640265058,0.0830382916666667,115.86886,113.615773,11.69734600000001,0.06962705952380958,0.13481568452380951,-0.06518862499999993,0.681323594380683,0,21.07,0,NORMAL,PASS,Abnormal early drift,validation
Microprocessor_0174,LOT_I09,Microprocessor,Supply Current (mA),mA,80.0,140.0,healthy,102.945283,104.08409,108.347672,112.275474,73.9866755,75.878016,80.15915700000001,83.28946400000001,27.651630499999996,28.282459000000003,29.705351,30.84101249999999,0.7063711185515671,0.6726691011595931,0.6400494271509329,0.6339219861571077,1.138807,1.1062255275941102,0.047450291666666665,110.916932,112.275474,9.330191,0.05553685119047619,0.13481568452380951,-0.07927883333333333,0.7063711185515671,0,15.4,0,NORMAL,PASS,Within learned lot behavior,validation
Microprocessor_0178,LOT_I09,Microprocessor,Supply Current (mA),mA,80.0,140.0,healthy,104.257921,106.149022,110.245952,114.64518,73.9866755,75.878016,80.15915700000001,83.28946400000001,27.651630499999996,28.282459000000003,29.705351,30.84101249999999,0.7383895632338014,0.7219143790524215,0.6831518405477393,0.6857472885746674,1.8911010000000061,1.8138679362309613,0.07879587500000025,117.49562800000004,114.64518,10.387259,0.06182892261904762,0.13481568452380951,-0.07298676190476189,0.7383895632338014,0,20.7,0,NORMAL,PASS,Abnormal early drift,validation
Microprocessor_0181,LOT_J10,Microprocessor,Supply Current (mA),mA,80.0,140.0,healthy,104.4654,105.041977,106.328698,107.665266,77.772313,79.484622,82.7617995,86.8653165,27.557035499999998,27.853060499999998,28.019669999999994,26.263994000000004,0.6533446068030371,0.6188978688414855,0.567303443180196,0.5341675655016453,0.5765770000000003,0.5519310700002109,0.02402404166666668,108.501439,107.665266,3.199866,0.01904682142857143,0.13481568452380951,-0.11576886309523808,0.6533446068030371,0,10.94,0,NORMAL,PASS,Within learned lot behavior,validation
Microprocessor_0185,LOT_J10,Microprocessor,Supply Current (mA),mA,80.0,140.0,healthy,104.869632,107.456517,115.299109,123.120481,77.772313,79.484622,82.7617995,86.8653165,27.557035499999998,27.853060499999998,28.019669999999994,26.263994000000004,0.6632386590382544,0.6773684601930757,0.7832395811934989,0.9310759604405134,2.5868850000000094,2.466762732608816,0.10778687500000039,122.97782700000006,123.120481,18.250849000000002,0.10863600595238096,0.13481568452380951,-0.026179678571428555,0.6773684601930757,0,24.61,0,NORMAL,PASS,Abnormal early drift,validation
Microprocessor_0189,LOT_J10,Microprocessor,Supply Current (mA),mA,80.0,140.0,sudden_jump,105.789065,107.218848,123.259644,130.023293,77.772313,79.484622,82.7617995,86.8653165,27.557035499999998,27.853060499999998,28.019669999999994,26.263994000000004,0.6857428599149359,0.6716130587601147,0.9748659386056316,1.1083484235854622,1.4297830000000005,1.3515413904074118,0.05957429166666669,115.797546,130.023293,24.234228,0.14425135714285714,0.13481568452380951,0.009435672619047625,0.6857428599149359,0,16.89,0,NORMAL,PASS,Abnormal early drift; Drift above learned safety slope,validation
Microprocessor_0193,LOT_J10,Microprocessor,Supply Current (mA),mA,80.0,140.0,latent_defect,103.269674,106.493144,120.68499,135.841806,77.772313,79.484622,82.7617995,86.8653165,27.557035499999998,27.853060499999998,28.019669999999994,26.263994000000004,0.6240778107477823,0.6540393834322203,0.9128887514421337,1.2577747923393705,3.223470000000006,3.1214100666184015,0.13431125000000024,125.83396400000004,135.841806,32.572131999999996,0.19388173809523807,0.13481568452380951,0.05906605357142855,0.6540393834322203,1,28.94,0,NORMAL,PASS,Abnormal early drift; Drift above learned safety slope,validation
Microprocessor_0197,LOT_J10,Microprocessor,Supply Current (mA),mA,80.0,140.0,healthy,108.03037,109.568228,113.338459,117.17177,77.772313,79.484622,82.7617995,86.8653165,27.557035499999998,27.853060499999998,28.019669999999994,26.263994000000004,0.7406014281258996,0.7285057331037162,0.7360427259997087,0.7783059514199213,1.537858,1.4235422872290449,0.06407741666666666,118.795376,117.17177,9.14139999999999,0.05441309523809518,0.13481568452380951,-0.08040258928571434,0.7406014281258996,0,17.99,0,NORMAL,PASS,Abnormal early drift,validation
Microprocessor_0204,LOT_K11,Microprocessor,Supply Current (mA),mA,80.0,140.0,healthy,105.020526,109.810547,122.810724,136.439536,75.383627,76.4921145,82.0986445,87.8515675,27.9853855,28.7926415,29.293296,32.4378495,0.7142947705702016,0.7805110497240997,0.9374131685907421,1.010305438866713,4.790020999999996,4.561033145082511,0.19958420833333315,138.55067299999996,136.439536,31.41901,0.18701791666666667,0.13481568452380951,0.05220223214285716,0.7805110497240997,0,40.38,0,REVIEW,QA REVIEW,Abnormal early drift; Predicted value near limit; Drift above learned safety slope,test
Microprocessor_0208,LOT_K11,Microprocessor,Supply Current (mA),mA,80.0,140.0,healthy,103.336248,105.005074,109.811114,114.619991,75.383627,76.4921145,82.0986445,87.8515675,27.9853855,28.7926415,29.293296,32.4378495,0.6737010847197878,0.6679389839268619,0.6380915483196898,0.5566045399065723,1.6688259999999957,1.614947351291481,0.06953441666666649,115.01802999999997,114.619991,11.283743000000001,0.06716513690476192,0.13481568452380951,-0.0676505476190476,0.6737010847197878,0,18.6,0,NORMAL,PASS,Abnormal early drift,test
Microprocessor_0212,LOT_K11,Microprocessor,Supply Current (mA),mA,80.0,140.0,gradual_drift,101.498355,109.148681,131.722262,154.22355,75.383627,76.4921145,82.0986445,87.8515675,27.9853855,28.7926415,29.293296,32.4378495,0.6294050415079938,0.7650063069233484,1.1426051699867115,1.3800942286384392,7.650325999999993,7.537389152760153,0.31876358333333304,155.05063699999994,154.22355,52.725194999999985,0.31384044642857134,0.13481568452380951,0.17902476190476183,0.7650063069233484,1,43.29,1,CRITICAL,HOLD / REJECT,Abnormal early drift; Predicted value near limit; Drift above learned safety slope,test
Microprocessor_0216,LOT_K11,Microprocessor,Supply Current (mA),mA,80.0,140.0,healthy,101.937086,102.420824,105.360409,108.279368,75.383627,76.4921145,82.0986445,87.8515675,27.9853855,28.7926415,29.293296,32.4378495,0.6399791322381686,0.6074008514607112,0.5356121484031943,0.424761902717422,0.48373800000000244,0.47454564278990913,0.0201557500000001,105.32325200000001,108.279368,6.3422820000000115,0.03775167857142864,0.13481568452380951,-0.09706400595238088,0.6399791322381686,0,10.25,0,NORMAL,PASS,Within learned lot behavior,test
Microprocessor_0220,LOT_K11,Microprocessor,Supply Current (mA),mA,80.0,140.0,latent_defect,101.889806,107.5415,128.106898,150.322077,75.383627,76.4921145,82.0986445,87.8515675,27.9853855,28.7926415,29.293296,32.4378495,0.6388396116441767,0.7273568007706617,1.0593598564465643,1.298969631064626,5.651694000000006,5.546868937997592,0.23548725000000026,141.45166400000005,150.322077,48.432271000000014,0.2882873273809525,0.13481568452380951,0.15347164285714296,0.7273568007706617,1,42.88,1,CRITICAL,HOLD / REJECT,Abnormal early drift; Predicted value near limit; Drift above learned safety slope,test
Microprocessor_0223,LOT_L12,Microprocessor,Supply Current (mA),mA,80.0,140.0,healthy,103.545864,104.812991,108.859188,113.016747,76.024201,77.4027985,85.1287215,94.5769145,28.510897499999995,29.090079000000003,28.675514999999997,28.967647999999997,0.6510881454689003,0.6355404382616034,0.5581758644027459,0.4293581801168739,1.2671270000000021,1.2237350204543198,0.05279695833333342,112.41575300000001,113.016747,9.470883,0.05637430357142857,0.13481568452380951,-0.07844138095238094,0.6510881454689003,0,15.62,0,NORMAL,PASS,Abnormal early drift,test
Microprocessor_0227,LOT_L12,Microprocessor,Supply Current (mA),mA,80.0,140.0,healthy,104.976998,106.535509,111.65595,116.899623,76.024201,77.4027985,85.1287215,94.5769145,28.510897499999995,29.090079000000003,28.675514999999997,28.967647999999997,0.684944907030783,0.6754792254347876,0.6239598660311484,0.5197681430587549,1.55851100000001,1.4846214215422793,0.06493795833333375,115.88657500000006,116.899623,11.92262500000001,0.07096800595238102,0.13481568452380951,-0.06384767857142849,0.684944907030783,0,17.81,0,NORMAL,PASS,Abnormal early drift,test
Microprocessor_0231,LOT_L12,Microprocessor,Supply Current (mA),mA,80.0,140.0,healthy,105.353748,108.163294,115.625188,124.212775,76.024201,77.4027985,85.1287215,94.5769145,28.510897499999995,29.090079000000003,28.675514999999997,28.967647999999997,0.6938577935378741,0.7132215066061313,0.7173222469042855,0.6900496048691087,2.8095459999999974,2.6667736585887742,0.11706441666666656,125.02056999999998,124.212775,18.859026999999998,0.11225611309523809,0.13481568452380951,-0.02255957142857143,0.7132215066061313,0,26.39,0,NORMAL,PASS,Abnormal early drift,test
Microprocessor_0235,LOT_L12,Microprocessor,Supply Current (mA),mA,80.0,140.0,healthy,104.494464,107.702019,115.263033,122.87635,76.024201,77.4027985,85.1287215,94.5769145,28.510897499999995,29.090079000000003,28.675514999999997,28.967647999999997,0.6735294570564958,0.7025262546242595,0.7088038227016775,0.6589319140840818,3.2075550000000135,3.069593237015899,0.13364812500000056,126.94734900000009,122.87635,18.38188600000001,0.10941598809523814,0.13481568452380951,-0.025399696428571372,0.7025262546242595,0,29.1,0,NORMAL,PASS,Abnormal early drift; Predicted value near limit,test
Microprocessor_0239,LOT_L12,Microprocessor,Supply Current (mA),mA,80.0,140.0,healthy,104.423768,106.450246,113.002851,119.772724,76.024201,77.4027985,85.1287215,94.5769145,28.510897499999995,29.090079000000003,28.675514999999997,28.967647999999997,0.6718569808136151,0.6735022935184029,0.6556409806834846,0.5866662245164886,2.0264780000000115,1.9406290721093418,0.08443658333333381,118.60911400000008,119.772724,15.348956000000001,0.09136283333333334,0.13481568452380951,-0.04345285119047618,0.6735022935184029,0,20.88,0,NORMAL,PASS,Abnormal early drift,test
Power_MOSFET_0003,LOT_A01,Power MOSFET,Threshold Voltage (V),V,2.0,4.5,healthy,3.217471,3.187641,3.100672,3.013703,3.191466,3.172453,3.100672,3.013703,0.026005000000000056,0.054848999999999926,0.0996220000000001,0.12650300000000003,0.6744907594765952,0.18677032680505895,0.0,0.0,-0.029830000000000023,-0.9271256834948947,-0.0012429166666666676,3.008661,3.013703,-0.20376800000000017,-0.001212904761904763,-0.0006681250000000009,0.0005447797619047621,0.6744907594765952,0,13.8,1,CRITICAL,HOLD / REJECT,Drift above learned safety slope,train
Power_MOSFET_0007,LOT_A01,Power MOSFET,Threshold Voltage (V),V,2.0,4.5,healthy,3.170136,3.110081,2.924796,2.734122,3.191466,3.172453,3.100672,3.013703,0.026005000000000056,0.054848999999999926,0.0996220000000001,0.12650300000000003,-0.5532354508608323,-0.7670028195605055,-1.1907684729648607,-1.490674537562159,-0.06005499999999975,-1.8943982214012192,-0.002502291666666656,2.7497510000000016,2.734122,-0.4360139999999997,-0.002595321428571427,-0.0006681250000000009,0.0019271964285714261,0.7670028195605055,0,21.57,1,CRITICAL,HOLD / REJECT,Abnormal early drift; Drift above learned safety slope,train
Power_MOSFET_0011,LOT_A01,Power MOSFET,Threshold Voltage (V),V,2.0,4.5,healthy,3.15672,3.107075,2.990244,2.8872,3.191466,3.172453,3.100672,3.013703,0.026005000000000056,0.054848999999999926,0.0996220000000001,0.12650300000000003,-0.901205765382574,-0.8039682924585837,-0.7476527833960492,-0.6744907594765952,-0.04964499999999994,-1.5726767023999575,-0.0020685416666666643,2.8092050000000004,2.8872,-0.26952,-0.0016042857142857141,-0.0006681250000000009,0.0009361607142857133,0.901205765382574,0,20.77,1,CRITICAL,HOLD / REJECT,Abnormal early drift; Drift above learned safety slope,train
Power_MOSFET_0015,LOT_A01,Power MOSFET,Threshold Voltage (V),V,2.0,4.5,healthy,3.242466,3.227302,3.200294,3.166401,3.191466,3.172453,3.100672,3.013703,0.026005000000000056,0.054848999999999926,0.0996220000000001,0.12650300000000003,1.322785184899292,0.6744907594765952,0.6744907594765953,0.8141576878853237,-0.015163999999999955,-0.46766874348104054,-0.0006318333333333315,3.136318,3.166401,-0.07606499999999983,-0.0004527678571428561,-0.0006681250000000009,-0.00021535714285714474,1.322785184899292,0,17.6,0,NORMAL,PASS,Within learned lot behavior,train
Power_MOSFET_0019,LOT_A01,Power MOSFET,Threshold Voltage (V),V,2.0,4.5,healthy,3.191466,3.172453,3.116503,3.052708,3.191466,3.172453,3.100672,3.013703,0.026005000000000056,0.054848999999999926,0.0996220000000001,0.12650300000000003,0.0,0.0,0.10718378684702094,0.2079674954221209,-0.01901300000000017,-0.5957450275202734,-0.0007922083333333404,3.058374999999999,3.052708,-0.13875800000000016,-0.0008259404761904772,-0.0006681250000000009,0.00015781547619047633,0.0,0,4.17,0,NORMAL,PASS,Drift above learned safety slope,train
Power_MOSFET_0022,LOT_B02,Power MOSFET,Threshold Voltage (V),V,2.0,4.5,healthy,3.208018,3.184749,3.131807,3.0904,3.122538,3.099977,2.994704,2.917358,0.04331599999999991,0.02282699999999993,0.039079000000000086,0.06487700000000007,1.331043266230942,2.504837721222682,2.3663529413884508,1.799023228591776,-0.023268999999999984,-0.725338822911841,-0.000969541666666666,3.045135,3.0904,-0.11761800000000022,-0.0007001071428571441,-0.0006681250000000009,3.1982142857143276e-05,2.504837721222682,0,32.21,0,NORMAL,PASS,Drift above learned safety slope,train
Power_MOSFET_0026,LOT_B02,Power MOSFET,Threshold Voltage (V),V,2.0,4.5,healthy,3.067881,3.028992,2.890572,2.757118,3.122538,3.099977,2.994704,2.917358,0.04331599999999991,0.02282699999999993,0.039079000000000086,0.06487700000000007,-0.8510860061111936,-2.0974603128508416,-1.797284264331651,-1.6659278218556568,-0.03888899999999973,-1.2676176161982726,-0.0016203749999999888,2.7956580000000018,2.757118,-0.3107629999999997,-0.00184977976190476,-0.0006681250000000009,0.0011816547619047592,2.0974603128508416,0,31.6,1,CRITICAL,HOLD / REJECT,Abnormal early drift; Drift above learned safety slope,train
Power_MOSFET_0030,LOT_B02,Power MOSFET,Threshold Voltage (V),V,2.0,4.5,healthy,3.109877,3.079554,2.994704,2.917358,3.122538,3.099977,2.994704,2.917358,0.04331599999999991,0.02282699999999993,0.039079000000000086,0.06487700000000007,-0.1971494945455077,-0.6034575187624568,0.0,0.0,-0.0303230000000001,-0.9750546404246888,-0.0012634583333333376,2.8976159999999993,2.917358,-0.19251899999999988,-0.0011459464285714278,-0.0006681250000000009,0.00047782142857142695,0.6034575187624568,0,13.36,0,NORMAL,PASS,Drift above learned safety slope,train
Power_MOSFET_0034,LOT_B02,Power MOSFET,Threshold Voltage (V),V,2.0,4.5,healthy,3.122538,3.099977,3.033783,2.963535,3.122538,3.099977,2.994704,2.917358,0.04331599999999991,0.02282699999999993,0.039079000000000086,0.06487700000000007,0.0,0.0,0.6744907594765952,0.4800770658376696,-0.022561000000000053,-0.7225212311267326,-0.0009400416666666689,2.9646109999999997,2.963535,-0.15900300000000023,-0.00094644642857143,-0.0006681250000000009,0.0002783214285714291,0.0,0,5.06,0,NORMAL,PASS,Drift above learned safety slope,train
Power_MOSFET_0038,LOT_B02,Power MOSFET,Threshold Voltage (V),V,2.0,4.5,healthy,3.165854,3.122804,2.990273,2.852481,3.122538,3.099977,2.994704,2.917358,0.04331599999999991,0.02282699999999993,0.039079000000000086,0.06487700000000007,0.6744907594765952,0.6744907594765952,-0.07647761087132954,-0.6744907594765952,-0.04305000000000003,-1.3598226576462475,-0.0017937500000000013,2.8645039999999997,2.852481,-0.3133729999999999,-0.0018653154761904757,-0.0006681250000000009,0.001197190476190475,0.6744907594765952,0,16.83,1,CRITICAL,HOLD / REJECT,Abnormal early drift; Drift above learned safety slope,train
Power_MOSFET_0041,LOT_C03,Power MOSFET,Threshold Voltage (V),V,2.0,4.5,healthy,3.164491,3.129723,3.065453,2.99881,3.117714,3.09102,2.846009,2.759504,0.04677700000000007,0.04543099999999978,0.163837,0.23930600000000002,0.6744907594765952,0.5746035936700216,0.9034158964249961,0.6744907594765952,-0.03476800000000013,-1.0986917011298225,-0.001448666666666672,2.921114999999999,2.99881,-0.16568099999999975,-0.000986196428571427,-0.0006681250000000009,0.00031807142857142613,0.6744907594765952,0,15.0,0,NORMAL,PASS,Drift above learned safety slope,train
Power_MOSFET_0045,LOT_C03,Power MOSFET,Threshold Voltage (V),V,2.0,4.5,sudden_jump,3.177526,3.166333,2.846009,2.759504,3.117714,3.09102,2.846009,2.759504,0.04677700000000007,0.04543099999999978,0.163837,0.23930600000000002,0.8624461018409483,1.1181334896537836,0.0,0.0,-0.011193000000000008,-0.35225518217632235,-0.00046637500000000037,3.099175,2.759504,-0.41802199999999967,-0.0024882261904761887,-0.0006681250000000009,0.001820101190476188,1.1181334896537836,0,14.58,1,CRITICAL,HOLD / REJECT,Drift above learned safety slope,train
Power_MOSFET_0049,LOT_C03,Power MOSFET,Threshold Voltage (V),V,2.0,4.5,accelerating_drift,3.102812,3.045589,2.732328,2.298348,3.117714,3.09102,2.846009,2.759504,0.04677700000000007,0.04543099999999978,0.163837,0.23930600000000002,-0.2148761420723868,-0.6744907594765953,-0.46800651884530914,-1.299781287043321,-0.057223000000000024,-1.844230330422856,-0.002384291666666668,2.702251,2.298348,-0.8044640000000003,-0.004788476190476192,-0.0006681250000000009,0.004120351190476191,0.6744907594765953,1,20.22,1,CRITICAL,HOLD / REJECT,Abnormal early drift; Drift above learned safety slope,train
Power_MOSFET_0053,LOT_C03,Power MOSFET,Threshold Voltage (V),V,2.0,4.5,latent_defect,3.064286,2.987948,2.628092,2.250793,3.117714,3.09102,2.846009,2.759504,0.04677700000000007,0.04543099999999978,0.163837,0.23930600000000002,-0.7703934048210733,-1.5302571275290442,-0.8971294813312081,-1.4338164055397626,-0.07633800000000024,-2.4912165509355275,-0.00318075000000001,2.5299199999999984,2.250793,-0.8134930000000002,-0.004842220238095239,-0.0006681250000000009,0.004174095238095238,1.5302571275290442,1,34.02,1,CRITICAL,HOLD / REJECT,Abnormal early drift; Drift above learned safety slope,train
Power_MOSFET_0057,LOT_C03,Power MOSFET,Threshold Voltage (V),V,2.0,4.5,healthy,3.117714,3.09102,3.009846,2.953415,3.117714,3.09102,2.846009,2.759504,0.04677700000000007,0.04543099999999978,0.163837,0.23930600000000002,0.0,0.0,0.6744907594765952,0.5465436623438861,-0.026693999999999996,-0.8562042573500968,-0.0011122499999999997,2.930856,2.953415,-0.16429899999999975,-0.0009779702380952365,-0.0006681250000000009,0.0003098452380952357,0.0,0,5.99,0,NORMAL,PASS,Drift above learned safety slope,train
Power_MOSFET_0064,LOT_D04,Power MOSFET,Threshold Voltage (V),V,2.0,4.5,healthy,3.105858,3.095684,3.013443,2.95344,3.162477,3.112567,3.013443,2.932915,0.056618999999999975,0.023727000000000054,0.04250599999999993,0.04158300000000015,-0.6744907594765952,-0.4799354108080802,0.0,0.3329226568130523,-0.010174000000000127,-0.32757453817914817,-0.000423916666666672,3.034639999999999,2.95344,-0.15241799999999994,-0.0009072499999999996,-0.0006681250000000009,0.00023912499999999878,0.6744907594765952,0,9.6,0,NORMAL,PASS,Drift above learned safety slope,train
Power_MOSFET_0068,LOT_D04,Power MOSFET,Threshold Voltage (V),V,2.0,4.5,healthy,3.088846,3.066859,2.970937,2.884457,3.162477,3.112567,3.013443,2.932915,0.056618999999999975,0.023727000000000054,0.04250599999999993,0.04158300000000015,-0.8771512939299715,-1.2993477318732267,-0.6744907594765951,-0.7860056567038648,-0.0219870000000002,-0.7118192360512696,-0.0009161250000000084,2.934936999999999,2.884457,-0.20438900000000038,-0.0012166011904761926,-0.0006681250000000009,0.0005484761904761918,1.2993477318732267,0,19.06,1,CRITICAL,HOLD / REJECT,Drift above learned safety slope,train
Power_MOSFET_0072,LOT_D04,Power MOSFET,Threshold Voltage (V),V,2.0,4.5,healthy,3.258256,3.213588,3.091676,2.974498,3.162477,3.112567,3.013443,2.932915,0.056618999999999975,0.023727000000000054,0.04250599999999993,0.04158300000000015,1.1409959634028988,2.871738146966963,1.2414114615850127,0.6744907594765952,-0.04466799999999971,-1.3709174478616692,-0.0018611666666666544,2.945580000000002,2.974498,-0.28375799999999973,-0.0016890357142857128,-0.0006681250000000009,0.001020910714285712,2.871738146966963,0,40.71,1,CRITICAL,HOLD / REJECT,Abnormal early drift; Drift above learned safety slope,train
Power_MOSFET_0076,LOT_D04,Power MOSFET,Threshold Voltage (V),V,2.0,4.5,sudden_jump,3.162477,3.112567,2.623324,2.406178,3.162477,3.112567,3.013443,2.932915,0.056618999999999975,0.023727000000000054,0.04250599999999993,0.04158300000000015,0.0,0.0,-6.190459243312713,-8.543857806661904,-0.04991000000000012,-1.5781932959512472,-0.0020795833333333382,2.813106999999999,2.406178,-0.7562989999999998,-0.004501779761904761,-0.0006681250000000009,0.00383365476190476,0.0,0,11.05,1,CRITICAL,HOLD / REJECT,Abnormal early drift; Drift above learned safety slope,train
Power_MOSFET_0080,LOT_D04,Power MOSFET,Threshold Voltage (V),V,2.0,4.5,healthy,3.184579,3.136294,3.043617,2.932915,3.162477,3.112567,3.013443,2.932915,0.056618999999999975,0.023727000000000054,0.04250599999999993,0.04158300000000015,0.2632966807246968,0.6744907594765952,0.47880497286139867,0.0,-0.04828499999999991,-1.5162129750902682,-0.0020118749999999963,2.8465840000000004,2.932915,-0.2516639999999999,-0.0014979999999999993,-0.0006681250000000009,0.0008298749999999985,0.6744907594765952,0,17.92,1,CRITICAL,HOLD / REJECT,Abnormal early drift; Drift above learned safety slope,train
Power_MOSFET_0083,LOT_E05,Power MOSFET,Threshold Voltage (V),V,2.0,4.5,sudden_jump,3.091427,3.071942,2.666243,2.512734,3.128012,3.103869,2.973068,2.880691,0.0416669999999999,0.03192700000000004,0.13153799999999993,0.15554200000000007,-0.5922251286498034,-0.6744907594765952,-1.573314382736596,-1.5956050223394935,-0.019484999999999975,-0.6302914479300328,-0.0008118749999999989,2.955032,2.512734,-0.5786929999999999,-0.0034446011904761898,-0.0006681250000000009,0.002776476190476189,0.6744907594765952,0,11.72,1,CRITICAL,HOLD / REJECT,Drift above learned safety slope,train
Power_MOSFET_0087,LOT_E05,Power MOSFET,Threshold Voltage (V),V,2.0,4.5,gradual_drift,3.204844,3.103869,2.77865,2.466927,3.128012,3.103869,2.973068,2.880691,0.0416669999999999,0.03192700000000004,0.13153799999999993,0.15554200000000007,1.243729426935126,0.0,-0.996922140187025,-1.794242034974951,-0.10097500000000004,-3.150699378815319,-0.004207291666666668,2.4980189999999998,2.466927,-0.7379169999999999,-0.004392363095238095,-0.0006681250000000009,0.0037242380952380943,1.243729426935126,1,35.53,1,CRITICAL,HOLD / REJECT,Abnormal early drift; Drift above learned safety slope,train
Power_MOSFET_0091,LOT_E05,Power MOSFET,Threshold Voltage (V),V,2.0,4.5,healthy,3.086345,3.065525,2.973068,2.880691,3.128012,3.103869,2.973068,2.880691,0.0416669999999999,0.03192700000000004,0.13153799999999993,0.15554200000000007,-0.6744907594765952,-0.8100564939195819,0.0,0.0,-0.02082000000000006,-0.6745843384326788,-0.0008675000000000025,2.9406049999999997,2.880691,-0.205654,-0.0012241309523809525,-0.0006681250000000009,0.0005560059523809516,0.8100564939195819,0,13.5,1,CRITICAL,HOLD / REJECT,Drift above learned safety slope,train
Power_MOSFET_0095,LOT_E05,Power MOSFET,Threshold Voltage (V),V,2.0,4.5,healthy,3.128012,3.112412,3.060871,3.015767,3.128012,3.103869,2.973068,2.880691,0.0416669999999999,0.03192700000000004,0.13153799999999993,0.15554200000000007,0.0,0.18047967420078692,0.4502296838504734,0.5857422035659845,-0.015600000000000058,-0.4987193143760337,-0.0006500000000000025,3.0188119999999996,3.015767,-0.11224500000000015,-0.0006681250000000009,-0.0006681250000000009,0.0,0.18047967420078692,0,5.45,0,NORMAL,PASS,Within learned lot behavior,train
Power_MOSFET_0099,LOT_E05,Power MOSFET,Threshold Voltage (V),V,2.0,4.5,healthy,3.191398,3.180653,3.104606,3.036233,3.128012,3.103869,2.973068,2.880691,0.0416669999999999,0.03192700000000004,0.13153799999999993,0.15554200000000007,1.0260703021619875,1.6221410867181634,0.6744907594765952,0.6744907594765952,-0.010745000000000005,-0.33668630487328766,-0.00044770833333333354,3.116183,3.036233,-0.15516499999999978,-0.0009236011904761891,-0.0006681250000000009,0.00025547619047618824,1.6221410867181634,0,19.93,0,NORMAL,PASS,Drift above learned safety slope,train
Power_MOSFET_0102,LOT_F06,Power MOSFET,Threshold Voltage (V),V,2.0,4.5,healthy,3.185721,3.169598,3.114626,3.051819,3.136488,3.10219,3.027618,2.986493,0.026997999999999855,0.04264499999999982,0.032219,0.06532600000000022,1.2299875383847487,1.0661524941915526,1.821474657827356,0.6744907594765952,-0.016122999999999887,-0.5061020723409203,-0.000671791666666662,3.072860000000001,3.051819,-0.13390199999999997,-0.0007970357142857141,-0.0006681250000000009,0.00012891071428571324,1.2299875383847487,0,16.87,0,NORMAL,PASS,Drift above learned safety slope,train
Power_MOSFET_0106,LOT_F06,Power MOSFET,Threshold Voltage (V),V,2.0,4.5,accelerating_drift,3.10949,3.014501,2.585889,2.071362,3.136488,3.10219,3.027618,2.986493,0.026997999999999855,0.04264499999999982,0.032219,0.06532600000000022,-0.6744907594765952,-1.3869250840132064,-9.247404596444241,-9.448724906018642,-0.09498899999999999,-3.0548096311613797,-0.003957875,2.444567,2.071362,-1.038128,-0.006179333333333333,-0.0006681250000000009,0.0055112083333333315,1.3869250840132064,1,36.41,1,CRITICAL,HOLD / REJECT,Abnormal early drift; Drift above learned safety slope,train
Power_MOSFET_0110,LOT_F06,Power MOSFET,Threshold Voltage (V),V,2.0,4.5,healthy,3.136488,3.10219,3.007118,2.904002,3.136488,3.10219,3.027618,2.986493,0.026997999999999855,0.04264499999999982,0.032219,0.06532600000000022,0.0,0.0,-0.4291585886982845,-0.8517193344148332,-0.03429800000000016,-1.0935160600008724,-0.0014290833333333401,2.896401999999999,2.904002,-0.23248599999999975,-0.0013838452380952365,-0.0006681250000000009,0.0007157202380952357,0.0,0,7.65,1,CRITICAL,HOLD / REJECT,Drift above learned safety slope,train
Power_MOSFET_0114,LOT_F06,Power MOSFET,Threshold Voltage (V),V,2.0,4.5,healthy,3.145828,3.132335,3.059837,2.986493,3.136488,3.10219,3.027618,2.986493,0.026997999999999855,0.04264499999999982,0.032219,0.06532600000000022,0.2333411250282009,0.476785647659095,0.6744907594765952,0.0,-0.013492999999999977,-0.42891728346241365,-0.0005622083333333324,3.051377,2.986493,-0.159335,-0.000948422619047619,-0.0006681250000000009,0.00028029761904761817,0.476785647659095,0,8.17,0,NORMAL,PASS,Drift above learned safety slope,train
Power_MOSFET_0118,LOT_F06,Power MOSFET,Threshold Voltage (V),V,2.0,4.5,lot_outlier,3.077593,3.059545,3.027618,2.991327,3.136488,3.10219,3.027618,2.986493,0.026997999999999855,0.04264499999999982,0.032219,0.06532600000000022,-1.471373186138765,-0.6744907594765951,0.0,0.04991103590163187,-0.018047999999999842,-0.5864323190233356,-0.0007519999999999935,2.951257000000001,2.991327,-0.08626599999999973,-0.0005134880952380937,-0.0006681250000000009,-0.0001546369047619072,1.471373186138765,0,20.04,0,NORMAL,PASS,Within learned lot behavior,train
Power_MOSFET_0121,LOT_G07,Power MOSFET,Threshold Voltage (V),V,2.0,4.5,latent_defect,3.19832,3.144429,2.869129,2.57962,3.16447,3.139211,3.026509,2.94131,0.02418499999999968,0.005218000000000167,0.05272499999999969,0.06099299999999985,0.9440360640183112,0.6744907594765952,-2.0133021474903194,-3.9997469020230274,-0.05389099999999969,-1.684978363640902,-0.0022454583333333202,2.821083000000002,2.57962,-0.6187,-0.0036827380952380953,-0.0006681250000000009,0.0030146130952380945,0.9440360640183112,1,22.02,1,CRITICAL,HOLD / REJECT,Abnormal early drift; Drift above learned safety slope,train
Power_MOSFET_0125,LOT_G07,Power MOSFET,Threshold Voltage (V),V,2.0,4.5,healthy,3.126709,3.094893,3.026509,2.949598,3.16447,3.139211,3.026509,2.94131,0.02418499999999968,0.005218000000000167,0.05272499999999969,0.06099299999999985,-1.0531091820796425,-5.728647274527184,0.0,0.09165280301906668,-0.031816000000000066,-1.0175555192376415,-0.0013256666666666694,2.9039969999999995,2.949598,-0.17711100000000002,-0.001054232142857143,-0.0006681250000000009,0.00038610714285714214,5.728647274527184,1,69.18,0,HIGH,QA REVIEW,Lot-level outlier; Drift above learned safety slope,train
Power_MOSFET_0129,LOT_G07,Power MOSFET,Threshold Voltage (V),V,2.0,4.5,healthy,3.16447,3.140392,3.080991,3.002303,3.16447,3.139211,3.026509,2.94131,0.02418499999999968,0.005218000000000167,0.05272499999999969,0.06099299999999985,0.0,0.1526587939712055,0.6969673884837208,0.6744907594765952,-0.024078000000000266,-0.7608857091392955,-0.001003250000000011,2.9959239999999983,3.002303,-0.16216700000000017,-0.0009652797619047629,-0.0006681250000000009,0.00029715476190476204,0.1526587939712055,0,6.98,0,NORMAL,PASS,Drift above learned safety slope,train
Power_MOSFET_0133,LOT_G07,Power MOSFET,Threshold Voltage (V),V,2.0,4.5,healthy,3.188655,3.139211,2.973784,2.798108,3.16447,3.139211,3.026509,2.94131,0.02418499999999968,0.005218000000000167,0.05272499999999969,0.06099299999999985,0.6744907594765952,0.0,-0.6744907594765952,-1.583598539808956,-0.04944399999999982,-1.5506224411232894,-0.0020601666666666594,2.842547000000001,2.798108,-0.39054699999999976,-0.0023246845238095223,-0.0006681250000000009,0.0016565595238095215,0.6744907594765952,0,18.16,1,CRITICAL,HOLD / REJECT,Abnormal early drift; Drift above learned safety slope,train
Power_MOSFET_0137,LOT_G07,Power MOSFET,Threshold Voltage (V),V,2.0,4.5,healthy,3.163136,3.131047,3.039674,2.94131,3.16447,3.139211,3.026509,2.94131,0.02418499999999968,0.005218000000000167,0.05272499999999969,0.06099299999999985,-0.037203666452005534,-1.0552975393573472,0.16841480983422744,0.0,-0.032089000000000034,-1.0144679204435103,-0.001337041666666668,2.938513,2.94131,-0.22182600000000008,-0.0013203928571428577,-0.0006681250000000009,0.0006522678571428568,1.0552975393573472,0,18.53,1,CRITICAL,HOLD / REJECT,Drift above learned safety slope,train
Power_MOSFET_0144,LOT_H08,Power MOSFET,Threshold Voltage (V),V,2.0,4.5,sudden_jump,3.225522,3.193686,2.817599,2.681876,3.23013,3.193686,2.84687,2.709884,0.00874100000000011,0.016938999999999815,0.059772999999999854,0.1434249999999997,-0.35557183613639454,0.0,-0.3302999518284091,-0.1317143956173658,-0.03183599999999975,-0.9870030339275242,-0.0013264999999999898,3.0026700000000015,2.681876,-0.5436459999999999,-0.0032359880952380943,-0.0006681250000000009,0.0025678630952380935,0.35557183613639454,0,10.76,1,CRITICAL,HOLD / REJECT,Drift above learned safety slope,train
Power_MOSFET_0148,LOT_H08,Power MOSFET,Threshold Voltage (V),V,2.0,4.5,lot_outlier,3.02246,2.980761,2.906643,2.853309,3.23013,3.193686,2.84687,2.709884,0.00874100000000011,0.016938999999999815,0.059772999999999854,0.1434249999999997,-16.024653474488346,-8.478419325907991,0.6744907594765952,0.6744907594765952,-0.04169899999999993,-1.379637778498307,-0.0017374583333333304,2.7305670000000006,2.853309,-0.16915100000000027,-0.0010068511904761921,-0.0006681250000000009,0.00033872619047619127,16.024653474488346,1,100.0,0,CRITICAL,HOLD / REJECT,Lot-level outlier; Abnormal early drift; Drift above learned safety slope,train
Power_MOSFET_0152,LOT_H08,Power MOSFET,Threshold Voltage (V),V,2.0,4.5,sudden_jump,3.238871,3.210625,2.84687,2.709884,3.23013,3.193686,2.84687,2.709884,0.00874100000000011,0.016938999999999815,0.059772999999999854,0.1434249999999997,0.6744907594765952,0.6744907594765952,0.0,0.0,-0.028246000000000215,-0.8720940105363941,-0.0011769166666666757,3.0411489999999985,2.709884,-0.5289869999999999,-0.003148732142857142,-0.0006681250000000009,0.002480607142857141,0.6744907594765952,0,13.41,1,CRITICAL,HOLD / REJECT,Drift above learned safety slope,train
Power_MOSFET_0156,LOT_H08,Power MOSFET,Threshold Voltage (V),V,2.0,4.5,healthy,3.23013,3.199212,3.124697,3.049193,3.23013,3.193686,2.84687,2.709884,0.00874100000000011,0.016938999999999815,0.059772999999999854,0.1434249999999997,0.0,0.22003872347055914,3.135056701739989,1.5956826571883862,-0.03091799999999978,-0.9571750982158544,-0.0012882499999999908,3.0137040000000015,3.049193,-0.18093700000000013,-0.0010770059523809532,-0.0006681250000000009,0.00040888095238095234,0.22003872347055914,0,9.08,0,NORMAL,PASS,Drift above learned safety slope,train
Power_MOSFET_0160,LOT_H08,Power MOSFET,Threshold Voltage (V),V,2.0,4.5,gradual_drift,3.244116,3.113047,2.738864,2.369146,3.23013,3.193686,2.84687,2.709884,0.00874100000000011,0.016938999999999815,0.059772999999999854,0.1434249999999997,1.0792160807733187,-3.2109487191353585,-1.218761798270613,-1.6024028753880886,-0.1310690000000001,-4.040206946977238,-0.005461208333333338,2.3266329999999993,2.369146,-0.8749699999999998,-0.005208154761904761,-0.0006681250000000009,0.00454002976190476,3.2109487191353585,1,63.07,1,CRITICAL,HOLD / REJECT,Lot-level outlier; Abnormal early drift; Drift above learned safety slope,train
Power_MOSFET_0163,LOT_I09,Power MOSFET,Threshold Voltage (V),V,2.0,4.5,lot_outlier,2.958609,2.92351,2.857209,2.782377,3.124851,3.08628,2.982175,2.882226,0.06306099999999981,0.07887900000000014,0.09902200000000017,0.11600199999999994,-1.7780988699340081,-1.391838904144389,-0.851208945979195,-0.5805695405508421,-0.03509900000000021,-1.1863345240956211,-0.0014624583333333423,2.7129159999999986,2.782377,-0.17623200000000017,-0.0010490000000000009,-0.0006681250000000009,0.00038087500000000003,1.7780988699340081,0,27.57,0,NORMAL,PASS,Drift above learned safety slope,validation
Power_MOSFET_0167,LOT_I09,Power MOSFET,Threshold Voltage (V),V,2.0,4.5,healthy,3.190741,3.161165,3.081197,2.998228,3.124851,3.08628,2.982175,2.882226,0.06306099999999981,0.07887900000000014,0.09902200000000017,0.11600199999999994,0.704749308477712,0.6403382462176853,0.6744907594765953,0.6744907594765952,-0.029576000000000047,-0.9269320198662331,-0.0012323333333333353,2.9837089999999997,2.998228,-0.19251299999999993,-0.001145910714285714,-0.0006681250000000009,0.00047778571428571304,0.704749308477712,0,14.12,0,NORMAL,PASS,Drift above learned safety slope,validation
Power_MOSFET_0171,LOT_I09,Power MOSFET,Threshold Voltage (V),V,2.0,4.5,healthy,3.187912,3.165159,3.078423,3.005356,3.124851,3.08628,2.982175,2.882226,0.06306099999999981,0.07887900000000014,0.09902200000000017,0.11600199999999994,0.6744907594765952,0.6744907594765952,0.6555955910616157,0.7159363391523683,-0.0227529999999998,-0.713727355083823,-0.0009480416666666583,3.0286410000000012,3.005356,-0.18255599999999994,-0.0010866428571428568,-0.0006681250000000009,0.0004185178571428559,0.6744907594765952,0,12.3,0,NORMAL,PASS,Drift above learned safety slope,validation
Power_MOSFET_0175,LOT_I09,Power MOSFET,Threshold Voltage (V),V,2.0,4.5,gradual_drift,3.110642,3.004649,2.6621,2.320432,3.124851,3.08628,2.982175,2.882226,0.06306099999999981,0.07887900000000014,0.09902200000000017,0.11600199999999994,-0.15197727916466697,-0.6980229869399168,-2.1801986411047105,-3.2665373159893343,-0.10599299999999978,-3.4074316491579486,-0.004416374999999991,2.3686910000000014,2.320432,-0.7902100000000001,-0.004703630952380953,-0.0006681250000000009,0.004035505952380952,0.6980229869399168,1,31.41,1,CRITICAL,HOLD / REJECT,Abnormal early drift; Drift above learned safety slope,validation
Power_MOSFET_0179,LOT_I09,Power MOSFET,Threshold Voltage (V),V,2.0,4.5,healthy,3.124851,3.08628,2.982175,2.882226,3.124851,3.08628,2.982175,2.882226,0.06306099999999981,0.07887900000000014,0.09902200000000017,0.11600199999999994,0.0,0.0,0.0,0.0,-0.03857100000000013,-1.2343308528950703,-0.0016071250000000055,2.854853999999999,2.882226,-0.24262499999999987,-0.0014441964285714277,-0.0006681250000000009,0.0007760714285714269,0.0,0,8.64,1,CRITICAL,HOLD / REJECT,Abnormal early drift; Drift above learned safety slope,validation
Power_MOSFET_0182,LOT_J10,Power MOSFET,Threshold Voltage (V),V,2.0,4.5,healthy,3.204338,3.166207,3.105376,3.033832,3.253344,3.204565,3.105376,2.999555,0.04741300000000015,0.038358000000000114,0.0505340000000003,0.09225199999999978,-0.6971525564488609,-0.6744907594765952,0.0,0.2506126670704075,-0.038130999999999915,-1.1899805825727472,-0.001588791666666663,2.9374210000000005,3.033832,-0.17050600000000005,-0.001014916666666667,-0.0006681250000000009,0.00034679166666666615,0.6971525564488609,0,15.88,0,NORMAL,PASS,Drift above learned safety slope,validation
Power_MOSFET_0186,LOT_J10,Power MOSFET,Threshold Voltage (V),V,2.0,4.5,healthy,3.25758,3.204565,3.054842,2.907303,3.253344,3.204565,3.105376,2.999555,0.04741300000000015,0.038358000000000114,0.0505340000000003,0.09225199999999978,0.06026074825771276,0.0,-0.6744907594765952,-0.6744907594765952,-0.05301499999999981,-1.6274350898519703,-0.0022089583333333254,2.8864750000000012,2.907303,-0.3502769999999997,-0.002084982142857141,-0.0006681250000000009,0.0014168571428571403,0.06026074825771276,0,12.04,1,CRITICAL,HOLD / REJECT,Abnormal early drift; Drift above learned safety slope,validation
Power_MOSFET_0190,LOT_J10,Power MOSFET,Threshold Voltage (V),V,2.0,4.5,healthy,3.13803,3.104636,2.997774,2.893916,3.253344,3.204565,3.105376,2.999555,0.04741300000000015,0.038358000000000114,0.0505340000000003,0.09225199999999978,-1.6404409642562936,-1.7571611424927378,-1.4361925575097985,-0.7723683967865004,-0.033393999999999924,-1.064170833293497,-0.0013914166666666634,2.9042720000000006,2.893916,-0.24411400000000016,-0.0014530595238095249,-0.0006681250000000009,0.000784934523809524,1.7571611424927378,0,26.49,1,CRITICAL,HOLD / REJECT,Drift above learned safety slope,validation
Power_MOSFET_0194,LOT_J10,Power MOSFET,Threshold Voltage (V),V,2.0,4.5,healthy,3.253344,3.22766,3.164693,3.093538,3.253344,3.204565,3.105376,2.999555,0.04741300000000015,0.038358000000000114,0.0505340000000003,0.09225199999999978,0.0,0.40610470019583866,0.7917198001320498,0.6871467832446895,-0.025683999999999596,-0.7894646247061361,-0.0010701666666666498,3.0735560000000026,3.093538,-0.15980599999999967,-0.0009512261904761885,-0.0006681250000000009,0.0002831011904761877,0.40610470019583866,0,9.93,0,NORMAL,PASS,Drift above learned safety slope,validation
Power_MOSFET_0198,LOT_J10,Power MOSFET,Threshold Voltage (V),V,2.0,4.5,healthy,3.300757,3.255719,3.121915,2.999555,3.253344,3.204565,3.105376,2.999555,0.04741300000000015,0.038358000000000114,0.0505340000000003,0.09225199999999978,0.6744907594765952,0.8994968535967881,0.22075043873398598,0.0,-0.04503799999999991,-1.364474876520747,-0.0018765833333333297,2.9854910000000006,2.999555,-0.30120199999999997,-0.0017928690476190475,-0.0006681250000000009,0.0011247440476190467,0.8994968535967881,0,19.3,1,CRITICAL,HOLD / REJECT,Abnormal early drift; Drift above learned safety slope,validation
Power_MOSFET_0201,LOT_K11,Power MOSFET,Threshold Voltage (V),V,2.0,4.5,latent_defect,3.197466,3.132917,2.867178,2.597348,3.17226,3.112989,2.867178,2.693964,0.02520599999999984,0.019928000000000168,0.07430000000000003,0.1307210000000003,0.6744907594765952,0.6744907594765952,0.0,-0.4985166822284889,-0.06454899999999997,-2.018754851498029,-0.002689541666666665,2.745623,2.597348,-0.6001179999999997,-0.0035721309523809508,-0.0006681250000000009,0.00290400595238095,0.6744907594765952,1,21.44,1,CRITICAL,HOLD / REJECT,Abnormal early drift; Drift above learned safety slope,test
Power_MOSFET_0205,LOT_K11,Power MOSFET,Threshold Voltage (V),V,2.0,4.5,lot_outlier,2.947465,2.902735,2.792878,2.693964,3.17226,3.112989,2.867178,2.693964,0.02520599999999984,0.019928000000000168,0.07430000000000003,0.1307210000000003,-6.015319776106577,-7.1163378233134695,-0.6744907594765952,0.0,-0.044729999999999936,-1.5175752723102713,-0.0018637499999999974,2.6343550000000002,2.693964,-0.253501,-0.0015089345238095237,-0.0006681250000000009,0.0008408095238095229,7.1163378233134695,1,87.72,1,CRITICAL,HOLD / REJECT,Lot-level outlier; Abnormal early drift; Drift above learned safety slope,test
Power_MOSFET_0209,LOT_K11,Power MOSFET,Threshold Voltage (V),V,2.0,4.5,latent_defect,3.17226,3.112989,2.840794,2.533866,3.17226,3.112989,2.867178,2.693964,0.02520599999999984,0.019928000000000168,0.07430000000000003,0.1307210000000003,0.0,0.0,-0.23951230414576855,-0.8260694273351905,-0.059271000000000296,-1.8684155775377898,-0.002469625000000012,2.757362999999998,2.533866,-0.6383939999999999,-0.003799964285714285,-0.0006681250000000009,0.0031318392857142842,0.0,1,13.08,1,CRITICAL,HOLD / REJECT,Abnormal early drift; Drift above learned safety slope,test
Power_MOSFET_0213,LOT_K11,Power MOSFET,Threshold Voltage (V),V,2.0,4.5,healthy,3.143655,3.10843,2.971328,2.824685,3.17226,3.112989,2.867178,2.693964,0.02520599999999984,0.019928000000000168,0.07430000000000003,0.1307210000000003,-0.765445059701193,-0.15430566903120022,0.94546719514788,0.6744907594765952,-0.03522500000000006,-1.1205109975490335,-0.0014677083333333358,2.8970799999999994,2.824685,-0.31896999999999975,-0.001898630952380951,-0.0006681250000000009,0.00123050595238095,0.765445059701193,0,16.14,1,CRITICAL,HOLD / REJECT,Drift above learned safety slope,test
Power_MOSFET_0217,LOT_K11,Power MOSFET,Threshold Voltage (V),V,2.0,4.5,healthy,3.192835,3.148161,3.029593,2.915319,3.17226,3.112989,2.867178,2.693964,0.02520599999999984,0.019928000000000168,0.07430000000000003,0.1307210000000003,0.5505692048016758,1.1904450518020244,1.4743932261156298,1.14214167627192,-0.0446740000000001,-1.399195385918787,-0.001861416666666671,2.8801169999999994,2.915319,-0.2775159999999999,-0.0016518809523809515,-0.0006681250000000009,0.0009837559523809508,1.1904450518020244,0,22.69,1,CRITICAL,HOLD / REJECT,Abnormal early drift; Drift above learned safety slope,test
Power_MOSFET_0224,LOT_L12,Power MOSFET,Threshold Voltage (V),V,2.0,4.5,healthy,3.113022,3.080093,3.016152,2.955865,3.192113,3.19193,3.150668,3.072944,0.041188,0.02684299999999995,0.031962000000000046,0.11707899999999993,-1.295186672277445,-2.810156207114857,-2.8386771479179527,-0.6744907594765952,-0.032928999999999764,-1.0577824377726777,-0.0013720416666666568,2.8825190000000016,2.955865,-0.15715699999999977,-0.000935458333333332,-0.0006681250000000009,0.0002673333333333311,2.810156207114857,0,37.85,0,REVIEW,QA REVIEW,Drift above learned safety slope,test
Power_MOSFET_0228,LOT_L12,Power MOSFET,Threshold Voltage (V),V,2.0,4.5,healthy,3.295584,3.255486,3.161581,3.072944,3.192113,3.19193,3.150668,3.072944,0.041188,0.02684299999999995,0.031962000000000046,0.11707899999999993,1.6944312269059603,1.5969874719403339,0.23029590320280455,0.0,-0.04009799999999997,-1.2167191004689901,-0.0016707499999999986,3.014898,3.072944,-0.22263999999999973,-0.0013252380952380935,-0.0006681250000000009,0.0006571130952380927,1.6944312269059603,0,26.87,1,CRITICAL,HOLD / REJECT,Abnormal early drift; Drift above learned safety slope,test
Power_MOSFET_0232,LOT_L12,Power MOSFET,Threshold Voltage (V),V,2.0,4.5,healthy,3.192113,3.19193,3.18263,3.195272,3.192113,3.19193,3.150668,3.072944,0.041188,0.02684299999999995,0.031962000000000046,0.11707899999999993,0.0,0.0,0.6744907594765952,0.7047301875251153,-0.0001829999999998222,-0.005732879757070698,-7.624999999992592e-06,3.1908320000000012,3.195272,0.003159000000000134,1.8803571428572225e-05,-0.0006681250000000009,-0.0006493214285714287,0.0,0,0.04,0,NORMAL,PASS,Within learned lot behavior,test
Power_MOSFET_0236,LOT_L12,Power MOSFET,Threshold Voltage (V),V,2.0,4.5,healthy,3.233301,3.199698,3.150668,3.094981,3.192113,3.19193,3.150668,3.072944,0.041188,0.02684299999999995,0.031962000000000046,0.11707899999999993,0.6744907594765952,0.19518847444824347,0.0,0.1269549011059694,-0.03360299999999983,-1.0392784340214485,-0.0014001249999999927,2.998080000000001,3.094981,-0.13831999999999978,-0.000823333333333332,-0.0006681250000000009,0.0001552083333333311,0.6744907594765952,0,14.58,0,NORMAL,PASS,Drift above learned safety slope,test
Power_MOSFET_0240,LOT_L12,Power MOSFET,Threshold Voltage (V),V,2.0,4.5,sudden_jump,3.187795,3.165087,2.809633,2.693849,3.192113,3.19193,3.150668,3.072944,0.041188,0.02684299999999995,0.031962000000000046,0.11707899999999993,-0.07071115614790638,-0.6744907594765952,-7.196826110947389,-2.183961892942201,-0.02270799999999973,-0.7123419165912404,-0.0009461666666666554,3.028839000000002,2.693849,-0.4939459999999998,-0.0029401547619047606,-0.0006681250000000009,0.00227202976190476,0.6744907594765952,0,12.29,1,CRITICAL,HOLD / REJECT,Drift above learned safety slope,test
RF_MMIC_0004,LOT_A01,RF MMIC,Supply Current (mA),mA,35.0,65.0,healthy,46.782268,47.87979,50.546185,53.690699,74.089505,76.9284575,86.5037595,96.8703165,27.8672405,29.010908,33.02880999999999,33.808141500000005,-0.6609365941108298,-0.6753686511245386,-0.7342998955590969,-0.8614567884923185,1.0975219999999979,2.3460213600588964,0.04573008333333325,54.46492199999999,53.690699,6.908431,0.041121613095238096,0.13481568452380951,-0.09369407142857142,0.6753686511245386,0,23.74,0,NORMAL,PASS,Abnormal early drift,train
RF_MMIC_0008,LOT_A01,RF MMIC,Supply Current (mA),mA,35.0,65.0,accelerating_drift,47.690427,49.558446,59.798993,73.217574,74.089505,76.9284575,86.5037595,96.8703165,27.8672405,29.010908,33.02880999999999,33.808141500000005,-0.6389557720902389,-0.6363406427512761,-0.5453456615067312,-0.4718850414338611,1.8680190000000039,3.916968493488229,0.07783412500000016,60.76656000000003,73.217574,25.527147,0.15194730357142858,0.13481568452380951,0.017131619047619062,0.6389557720902389,1,34.34,1,CRITICAL,HOLD / REJECT,Abnormal early drift; Predicted value near limit; Drift above learned safety slope,train
RF_MMIC_0012,LOT_A01,RF MMIC,Supply Current (mA),mA,35.0,65.0,healthy,45.102588,46.487681,50.631087,54.414188,74.089505,76.9284575,86.5037595,96.8703165,27.8672405,29.010908,33.02880999999999,33.808141500000005,-0.7015910908801691,-0.7077345686850713,-0.7325660875756703,-0.8470227905429499,1.3850930000000048,3.070983421173093,0.057712208333333535,54.79823900000003,54.414188,9.311600000000006,0.05542619047619051,0.13481568452380951,-0.079389494047619,0.7077345686850713,0,29.16,0,NORMAL,PASS,Abnormal early drift,train
RF_MMIC_0016,LOT_A01,RF MMIC,Supply Current (mA),mA,35.0,65.0,accelerating_drift,47.341028,50.110357,62.51795,77.330473,74.089505,76.9284575,86.5037595,96.8703165,27.8672405,29.010908,33.02880999999999,33.808141500000005,-0.6474125260652284,-0.6235089564919738,-0.4898210642864801,-0.3898304756671943,2.769328999999999,5.849744116245213,0.1153887083333333,66.72633099999999,77.330473,29.989444999999996,0.17850860119047618,0.13481568452380951,0.043692916666666665,0.6474125260652284,1,42.01,1,CRITICAL,HOLD / REJECT,Abnormal early drift; Predicted value near limit; Drift above learned safety slope,train
RF_MMIC_0020,LOT_A01,RF MMIC,Supply Current (mA),mA,35.0,65.0,healthy,46.481213,47.212274,49.485146,51.752516,74.089505,76.9284575,86.5037595,96.8703165,27.8672405,29.010908,33.02880999999999,33.808141500000005,-0.668223243666039,-0.6908881024220567,-0.7559676759285467,-0.9001245905563459,0.731061000000004,1.5728096424678162,0.030460875000000165,51.598640000000024,51.752516,5.271303000000003,0.031376803571428594,0.13481568452380951,-0.10343888095238092,0.6908881024220567,0,18.49,0,NORMAL,PASS,Abnormal early drift,train
RF_MMIC_0023,LOT_B02,RF MMIC,Supply Current (mA),mA,35.0,65.0,healthy,45.968109,46.755498,48.79586,50.564993,74.2285325,76.25891899999999,81.74678449999999,87.21253,28.3434895,29.11558949999999,32.77209199999999,35.6832935,-0.6725140357063382,-0.6834752508599466,-0.6781713566366454,-0.6927170291631467,0.7873890000000046,1.712902743073474,0.03280787500000019,51.47983200000003,50.564993,4.596884000000003,0.02736240476190478,0.13481568452380951,-0.10745327976190473,0.6834752508599466,0,19.39,0,NORMAL,PASS,Abnormal early drift,train
RF_MMIC_0027,LOT_B02,RF MMIC,Supply Current (mA),mA,35.0,65.0,healthy,47.684663,48.446821,50.144801,51.632454,74.2285325,76.25891899999999,81.74678449999999,87.21253,28.3434895,29.11558949999999,32.77209199999999,35.6832935,-0.6316651553614325,-0.6442941195697753,-0.6504084588765903,-0.672539727407028,0.7621579999999994,1.5983294251235445,0.03175658333333331,53.019769,51.632454,3.9477910000000023,0.023498755952380965,0.13481568452380951,-0.11131692857142855,0.6442941195697753,0,18.17,0,NORMAL,PASS,Abnormal early drift,train
RF_MMIC_0031,LOT_B02,RF MMIC,Supply Current (mA),mA,35.0,65.0,healthy,46.625427,47.358779,49.288499,51.627569,74.2285325,76.25891899999999,81.74678449999999,87.21253,28.3434895,29.11558949999999,32.77209199999999,35.6832935,-0.6568718221024825,-0.6694996636623116,-0.668032228098321,-0.6726320643814737,0.7333519999999965,1.5728585177353902,0.030556333333333185,51.75889099999998,51.627569,5.002141999999999,0.029774654761904756,0.13481568452380951,-0.10504102976190476,0.6694996636623116,0,18.26,0,NORMAL,PASS,Abnormal early drift,train
RF_MMIC_0035,LOT_B02,RF MMIC,Supply Current (mA),mA,35.0,65.0,latent_defect,46.544055,48.184842,55.437006,63.613459,74.2285325,76.25891899999999,81.74678449999999,87.21253,28.3434895,29.11558949999999,32.77209199999999,35.6832935,-0.6588082337105216,-0.6503631162039296,-0.5414882419506817,-0.44607304316604335,1.640787000000003,3.5252343183248716,0.06836612500000012,58.02956400000002,63.613459,17.069404,0.10160359523809523,0.13481568452380951,-0.033212089285714286,0.6588082337105216,1,31.81,0,NORMAL,PASS,Abnormal early drift,train
RF_MMIC_0039,LOT_B02,RF MMIC,Supply Current (mA),mA,35.0,65.0,healthy,45.801977,46.92788,49.153525,51.433217,74.2285325,76.25891899999999,81.74678449999999,87.21253,28.3434895,29.11558949999999,32.77209199999999,35.6832935,-0.6764674832468524,-0.6794818552908789,-0.6708101623165452,-0.6763057339121686,1.125903000000001,2.4581973830518296,0.04691262500000004,53.68329800000001,51.433217,5.631239999999998,0.0335192857142857,0.13481568452380951,-0.10129639880952382,0.6794818552908789,0,24.57,0,NORMAL,PASS,Abnormal early drift,train
RF_MMIC_0042,LOT_C03,RF MMIC,Supply Current (mA),mA,35.0,65.0,healthy,45.948855,47.348489,51.383509,55.498835,73.881106,76.695573,86.9983025,96.4695165,27.872337,29.394579999999994,33.06388749999999,35.924873500000004,-0.675940635723545,-0.6734009118546153,-0.7265282739791898,-0.7692259815809425,1.399633999999999,3.0460693743075837,0.05831808333333329,55.746292999999994,55.498835,9.549979999999998,0.05684511904761903,0.13481568452380951,-0.07797056547619048,0.675940635723545,0,28.65,0,NORMAL,PASS,Abnormal early drift,train
RF_MMIC_0046,LOT_C03,RF MMIC,Supply Current (mA),mA,35.0,65.0,healthy,46.187841,47.253497,51.182451,55.031159,73.881106,76.695573,86.9983025,96.4695165,27.872337,29.394579999999994,33.06388749999999,35.924873500000004,-0.6701573442598879,-0.6755806070985751,-0.7306297808911899,-0.7780066148775071,1.0656560000000042,2.3072219374791825,0.04440233333333351,53.64743300000003,55.031159,8.843318000000004,0.05263879761904764,0.13481568452380951,-0.08217688690476188,0.6755806070985751,0,23.47,0,NORMAL,PASS,Abnormal early drift,train
RF_MMIC_0050,LOT_C03,RF MMIC,Supply Current (mA),mA,35.0,65.0,healthy,47.481848,48.672654,52.409975,56.047729,73.881106,76.695573,86.9983025,96.4695165,27.872337,29.394579999999994,33.06388749999999,35.924873500000004,-0.6388432939096058,-0.6430164989280714,-0.705588757054058,-0.7589204774869017,1.190806000000002,2.5079183944146446,0.049616916666666754,55.817490000000014,56.047729,8.565880999999997,0.050987386904761886,0.13481568452380951,-0.08382829761904763,0.6430164989280714,0,24.52,0,NORMAL,PASS,Abnormal early drift,train
RF_MMIC_0054,LOT_C03,RF MMIC,Supply Current (mA),mA,35.0,65.0,gradual_drift,46.068683,49.607656,60.175615,70.696835,73.881106,76.695573,86.9983025,96.4695165,27.872337,29.394579999999994,33.06388749999999,35.924873500000004,-0.6730408832296454,-0.6215618563003443,-0.547172647592585,-0.4838829987441263,3.5389729999999986,7.6819495795006745,0.14745720833333328,70.84149399999998,70.696835,24.628151999999993,0.1465961428571428,0.13481568452380951,0.011780458333333299,0.6730408832296454,1,42.29,1,CRITICAL,HOLD / REJECT,Abnormal early drift; Predicted value near limit; Drift above learned safety slope,train
RF_MMIC_0058,LOT_C03,RF MMIC,Supply Current (mA),mA,35.0,65.0,latent_defect,44.280206,46.64609,55.458855,65.041557,73.881106,76.695573,86.9983025,96.4695165,27.872337,29.394579999999994,33.06388749999999,35.924873500000004,-0.7163207563897762,-0.6895182244668587,-0.6433927618991325,-0.5900610414662887,2.365884000000001,5.342983273384052,0.09857850000000005,60.84139400000001,65.041557,20.761350999999998,0.12357947023809522,0.13481568452380951,-0.011236214285714294,0.7163207563897762,1,42.76,1,CRITICAL,HOLD / REJECT,Abnormal early drift; Predicted value near limit,train
RF_MMIC_0061,LOT_D04,RF MMIC,Supply Current (mA),mA,35.0,65.0,healthy,47.46933,48.838127,53.001125,57.12705,74.25391450000001,75.728733,83.821222,93.3472895,26.865483000000008,27.375659000000006,30.933135,30.816577499999994,-0.6724597038389386,-0.6625398593592171,-0.672025988722848,-0.7927621699320498,1.3687970000000007,2.883539750824376,0.05703320833333336,57.050909000000004,57.12705,9.657719999999998,0.057486428571428556,0.13481568452380951,-0.07732925595238097,0.6724597038389386,0,27.47,0,NORMAL,PASS,Abnormal early drift,train
RF_MMIC_0065,LOT_D04,RF MMIC,Supply Current (mA),mA,35.0,65.0,healthy,46.881301,47.249765,48.856375,50.48882,74.25391450000001,75.728733,83.821222,93.3472895,26.865483000000008,27.375659000000006,30.933135,30.816577499999994,-0.687222889998825,-0.7016744603455811,-0.7624014251388667,-0.9380549038276396,0.3684639999999959,0.7859508847674597,0.015352666666666496,49.46054899999997,50.48882,3.6075189999999964,0.02147332738095236,0.13481568452380951,-0.11334235714285715,0.7016744603455811,0,13.1,0,NORMAL,PASS,Within learned lot behavior,train
RF_MMIC_0069,LOT_D04,RF MMIC,Supply Current (mA),mA,35.0,65.0,lot_outlier,49.150094,50.462333,53.623514,56.596654,74.25391450000001,75.728733,83.821222,93.3472895,26.865483000000008,27.375659000000006,30.933135,30.816577499999994,-0.6302620710302925,-0.6225221217593134,-0.6584549223146137,-0.804371090515893,1.3122389999999982,2.669860611049896,0.05467662499999992,58.33576699999999,56.596654,7.446559999999998,0.044324761904761895,0.13481568452380951,-0.09049092261904762,0.6302620710302925,0,25.52,0,NORMAL,PASS,Abnormal early drift,train
RF_MMIC_0073,LOT_D04,RF MMIC,Supply Current (mA),mA,35.0,65.0,accelerating_drift,47.307533,50.000705,62.613473,77.787549,74.25391450000001,75.728733,83.821222,93.3472895,26.865483000000008,27.375659000000006,30.933135,30.816577499999994,-0.6765218151142518,-0.6338958687918747,-0.4624306824962619,-0.34056024511819144,2.693172000000004,5.692903073174422,0.11221550000000018,66.15973700000004,77.787549,30.480016,0.18142866666666665,0.13481568452380951,0.04661298214285714,0.6765218151142518,1,42.33,1,CRITICAL,HOLD / REJECT,Abnormal early drift; Predicted value near limit; Drift above learned safety slope,train
RF_MMIC_0077,LOT_D04,RF MMIC,Supply Current (mA),mA,35.0,65.0,healthy,47.533309,47.868021,50.705467,53.017037,74.25391450000001,75.728733,83.821222,93.3472895,26.865483000000008,27.375659000000006,30.933135,30.816577499999994,-0.6708534329112744,-0.6864416595939732,-0.7220823476376015,-0.8827191351345833,0.3347119999999961,0.704163053323294,0.013946333333333172,49.876292999999976,53.017037,5.483727999999999,0.03264123809523809,0.13481568452380951,-0.10217444642857143,0.6864416595939732,0,12.37,0,NORMAL,PASS,Within learned lot behavior,train
RF_MMIC_0084,LOT_E05,RF MMIC,Supply Current (mA),mA,35.0,65.0,gradual_drift,46.595223,49.723935,59.036553,68.280587,72.821643,75.428572,83.521536,91.56293600000001,26.689766999999996,28.2637205,27.751222,25.947177999999994,-0.6627812803368485,-0.6134203079244359,-0.5951051373320254,-0.6052191594557665,3.128712,6.714662573886598,0.130363,68.496207,68.280587,21.685364,0.1290795476190476,0.13481568452380951,-0.005736136904761907,0.6627812803368485,1,42.18,1,CRITICAL,HOLD / REJECT,Abnormal early drift; Predicted value near limit,train
RF_MMIC_0088,LOT_E05,RF MMIC,Supply Current (mA),mA,35.0,65.0,healthy,46.169124,47.060212,49.691653,52.428056,72.821643,75.428572,83.521536,91.56293600000001,26.689766999999996,28.2637205,27.751222,25.947177999999994,-0.6735494462081436,-0.6769878962504411,-0.8222320255905976,-1.017301956044138,0.8910880000000034,1.9300517809261521,0.03712866666666681,52.40674000000002,52.428056,6.2589320000000015,0.037255547619047626,0.13481568452380951,-0.0975601369047619,0.6769878962504411,0,20.84,0,NORMAL,PASS,Abnormal early drift,train
RF_MMIC_0092,LOT_E05,RF MMIC,Supply Current (mA),mA,35.0,65.0,healthy,46.475036,47.269491,49.361229,51.783195,72.821643,75.428572,83.521536,91.56293600000001,26.689766999999996,28.2637205,27.751222,25.947177999999994,-0.6658185875156338,-0.6719936227027493,-0.8302629488670319,-1.0340649653257963,0.7944549999999992,1.7094230975958773,0.03310229166666664,52.036221,51.783195,5.308158999999996,0.0315961845238095,0.13481568452380951,-0.10321950000000002,0.6719936227027493,0,19.25,0,NORMAL,PASS,Abnormal early drift,train
RF_MMIC_0096,LOT_E05,RF MMIC,Supply Current (mA),mA,35.0,65.0,gradual_drift,46.094628,49.377085,59.276266,68.973535,72.821643,75.428572,83.521536,91.56293600000001,26.689766999999996,28.2637205,27.751222,25.947177999999994,-0.6754320727450469,-0.6216976017762647,-0.5892789361137001,-0.5872061399745039,3.282457000000001,7.121126999875129,0.1367690416666667,69.07182700000001,68.973535,22.878906999999998,0.13618397023809523,0.13481568452380951,0.0013682857142857108,0.6754320727450469,1,42.32,1,CRITICAL,HOLD / REJECT,Abnormal early drift; Predicted value near limit; Drift above learned safety slope,train
RF_MMIC_0100,LOT_E05,RF MMIC,Supply Current (mA),mA,35.0,65.0,healthy,46.564765,47.748892,50.749321,53.820612,72.821643,75.428572,83.521536,91.56293600000001,26.689766999999996,28.2637205,27.751222,25.947177999999994,-0.6635510000407385,-0.6605531067740754,-0.7965255074201872,-0.9811027919557086,1.1841269999999966,2.5429678427454676,0.04933862499999986,54.85365399999998,53.820612,7.255846999999996,0.04318956547619045,0.13481568452380951,-0.09162611904761907,0.6635510000407385,0,24.99,0,NORMAL,PASS,Abnormal early drift,train
RF_MMIC_0103,LOT_F06,RF MMIC,Supply Current (mA),mA,35.0,65.0,accelerating_drift,47.151272,49.633485,61.097846,75.253572,75.9371085,77.7877175,85.35840449999999,94.17892950000001,28.73251700000001,28.703573,29.62176850000001,28.870124499999996,-0.675742425317423,-0.6615820846208115,-0.5524154483886187,-0.4421518429385742,2.4822130000000016,5.2643606306103505,0.10342554166666673,64.52676300000002,75.253572,28.102300000000007,0.16727559523809526,0.13481568452380951,0.03245991071428575,0.675742425317423,1,42.32,1,CRITICAL,HOLD / REJECT,Abnormal early drift; Predicted value near limit; Drift above learned safety slope,train
RF_MMIC_0107,LOT_F06,RF MMIC,Supply Current (mA),mA,35.0,65.0,healthy,46.741028,47.423651,48.880977,50.764542,75.9371085,77.7877175,85.35840449999999,94.17892950000001,28.73251700000001,28.703573,29.62176850000001,28.870124499999996,-0.6853728307264136,-0.7135098572704813,-0.8305948302251915,-1.014287388926439,0.6826229999999995,1.460436428569777,0.028442624999999982,51.519389,50.764542,4.023513999999999,0.023949488095238086,0.13481568452380951,-0.11086619642857143,0.7135098572704813,0,17.95,0,NORMAL,PASS,Abnormal early drift,train
RF_MMIC_0111,LOT_F06,RF MMIC,Supply Current (mA),mA,35.0,65.0,healthy,45.673051,46.377166,48.736191,51.178899,75.9371085,77.7877175,85.35840449999999,94.17892950000001,28.73251700000001,28.703573,29.62176850000001,28.870124499999996,-0.7104434020875491,-0.7381006795500235,-0.8338916225521447,-1.0046067944550003,0.7041150000000016,1.5416421381615202,0.029338125000000066,50.60185600000001,51.178899,5.505848,0.03277290476190477,0.13481568452380951,-0.10204277976190475,0.7381006795500235,0,18.79,0,NORMAL,PASS,Abnormal early drift,train
RF_MMIC_0115,LOT_F06,RF MMIC,Supply Current (mA),mA,35.0,65.0,healthy,45.779059,46.567423,49.559725,52.218028,75.9371085,77.7877175,85.35840449999999,94.17892950000001,28.73251700000001,28.703573,29.62176850000001,28.870124499999996,-0.7079548830193939,-0.7336299264341749,-0.8151396674447108,-0.980329694146543,0.7883640000000014,1.7221061708586047,0.03284850000000006,51.297607000000006,52.218028,6.438969,0.03832719642857143,0.13481568452380951,-0.09648848809523808,0.7336299264341749,0,20.0,0,NORMAL,PASS,Abnormal early drift,train
RF_MMIC_0119,LOT_F06,RF MMIC,Supply Current (mA),mA,35.0,65.0,healthy,48.10453,49.310487,52.767073,56.440198,75.9371085,77.7877175,85.35840449999999,94.17892950000001,28.73251700000001,28.703573,29.62176850000001,28.870124499999996,-0.6533648622101902,-0.6691720514284079,-0.7421080188304242,-0.8816874229661987,1.205957000000005,2.506951008564069,0.050248208333333544,56.54622900000003,56.440198,8.335668000000005,0.04961707142857146,0.13481568452380951,-0.08519861309523805,0.6691720514284079,0,24.8,0,NORMAL,PASS,Abnormal early drift,train
RF_MMIC_0122,LOT_G07,RF MMIC,Supply Current (mA),mA,35.0,65.0,lot_outlier,48.718531,49.564345,52.20872,54.664775,74.8501905,76.66852750000001,81.991973,87.308147,28.290399999999998,29.294553,32.358587,35.252264,-0.6230227519773063,-0.6240586992202013,-0.6208098312714825,-0.6245741485470842,0.8458140000000043,1.736123775981678,0.035242250000000176,54.63922900000003,54.664775,5.946244,0.03539430952380952,0.13481568452380951,-0.09942137499999999,0.6240586992202013,0,18.91,0,NORMAL,PASS,Abnormal early drift,train
RF_MMIC_0126,LOT_G07,RF MMIC,Supply Current (mA),mA,35.0,65.0,latent_defect,46.770179,48.390134,55.27817,62.550597,74.8501905,76.66852750000001,81.991973,87.308147,28.290399999999998,29.294553,32.358587,35.252264,-0.6694747434729282,-0.651094253207858,-0.55682942132109,-0.47369265991766607,1.6199550000000045,3.463649348017258,0.06749812500000019,58.10986400000003,62.550597,15.780418000000004,0.09393105952380955,0.13481568452380951,-0.040884624999999966,0.6694747434729282,1,31.5,0,NORMAL,PASS,Abnormal early drift,train
RF_MMIC_0130,LOT_G07,RF MMIC,Supply Current (mA),mA,35.0,65.0,healthy,46.349402,47.59692,51.384929,55.118357,74.8501905,76.66852750000001,81.991973,87.308147,28.290399999999998,29.294553,32.358587,35.252264,-0.6795067754802623,-0.6693575635675509,-0.6379811440126718,-0.6158956458652447,1.2475179999999995,2.6915514465537216,0.051979916666666647,55.082027999999994,55.118357,8.768955000000005,0.05219616071428575,0.13481568452380951,-0.08261952380952377,0.6795067754802623,0,26.2,0,NORMAL,PASS,Abnormal early drift,train
RF_MMIC_0134,LOT_G07,RF MMIC,Supply Current (mA),mA,35.0,65.0,healthy,47.343451,47.689661,47.881843,48.477418,74.8501905,76.66852750000001,81.991973,87.308147,28.290399999999998,29.294553,32.358587,35.252264,-0.6558069739586524,-0.6672222537191767,-0.7110003749405187,-0.7429584634405284,0.34620999999999924,0.7312732652294384,0.014425416666666635,49.766920999999996,48.477418,1.1339669999999984,0.006749803571428562,0.13481568452380951,-0.12806588095238094,0.6672222537191767,0,12.35,0,NORMAL,PASS,Within learned lot behavior,train
RF_MMIC_0138,LOT_G07,RF MMIC,Supply Current (mA),mA,35.0,65.0,sudden_jump,45.391059,46.436367,55.946276,61.048319,74.8501905,76.66852750000001,81.991973,87.308147,28.290399999999998,29.294553,32.358587,35.252264,-0.7023552858551272,-0.6960786497156427,-0.5429032469998545,-0.5024361366250055,1.0453079999999986,2.302894056734827,0.04355449999999994,52.70821499999999,61.048319,15.65726,0.09319797619047619,0.13481568452380951,-0.04161770833333332,0.7023552858551272,0,23.73,0,NORMAL,PASS,Abnormal early drift,train
RF_MMIC_0141,LOT_H08,RF MMIC,Supply Current (mA),mA,35.0,65.0,healthy,47.285313,47.981157,50.848427,53.634902,75.8337185,77.4476835,82.541493,88.2837965,28.8837595,29.064231499999998,31.074785000000002,34.1056155,-0.6666596052892909,-0.6838267799415999,-0.6879107983042154,-0.6852349334182056,0.695844000000001,1.4715859023709983,0.028993500000000044,52.15622100000001,53.634902,6.349588999999995,0.037795172619047586,0.13481568452380951,-0.09702051190476194,0.6838267799415999,0,17.71,0,NORMAL,PASS,Abnormal early drift,train
RF_MMIC_0145,LOT_H08,RF MMIC,Supply Current (mA),mA,35.0,65.0,healthy,48.64497,49.142222,52.084989,54.72146,75.8337185,77.4476835,82.541493,88.2837965,28.8837595,29.064231499999998,31.074785000000002,34.1056155,-0.6349090264715416,-0.6568820587762841,-0.6610707206489751,-0.6637465855349847,0.49725199999999603,1.022206406952242,0.02071883333333317,52.12573399999997,54.72146,6.07649,0.03616958333333333,0.13481568452380951,-0.09864610119047618,0.6568820587762841,0,14.27,0,NORMAL,PASS,Within learned lot behavior,train
RF_MMIC_0149,LOT_H08,RF MMIC,Supply Current (mA),mA,35.0,65.0,latent_defect,46.959909,48.717617,56.094388,64.105292,75.8337185,77.4476835,82.541493,88.2837965,28.8837595,29.064231499999998,31.074785000000002,34.1056155,-0.6742584080385218,-0.6667358252151993,-0.5740450959646948,-0.47816694184021596,1.7577079999999938,3.74299703178725,0.07323783333333307,59.26386499999996,64.105292,17.145383000000002,0.10205585119047621,0.13481568452380951,-0.03275983333333331,0.6742584080385218,1,33.51,0,NORMAL,PASS,Abnormal early drift; Predicted value near limit,train
RF_MMIC_0153,LOT_H08,RF MMIC,Supply Current (mA),mA,35.0,65.0,sudden_jump,48.479483,48.930546,55.976465,58.524987,75.8337185,77.4476835,82.541493,88.2837965,28.8837595,29.064231499999998,31.074785000000002,34.1056155,-0.6387734628969142,-0.6617944028719113,-0.5766046623085894,-0.5885260162149636,0.45106299999999777,0.9304204007291037,0.018794291666666574,51.636923999999986,58.524987,10.045504000000001,0.059794666666666677,0.13481568452380951,-0.07502101785714284,0.6617944028719113,0,13.68,0,NORMAL,PASS,Within learned lot behavior,train
RF_MMIC_0157,LOT_H08,RF MMIC,Supply Current (mA),mA,35.0,65.0,healthy,46.830314,48.049287,50.384316,53.105279,75.8337185,77.4476835,82.541493,88.2837965,28.8837595,29.064231499999998,31.074785000000002,34.1056155,-0.6772846979497907,-0.6822456937379913,-0.6979845150128409,-0.6957090390535744,1.2189729999999983,2.6029571358415367,0.0507905416666666,55.36312499999999,53.105279,6.274965000000002,0.037350982142857155,0.13481568452380951,-0.09746470238095237,0.6822456937379913,0,25.61,0,NORMAL,PASS,Abnormal early drift,train
RF_MMIC_0164,LOT_I09,RF MMIC,Supply Current (mA),mA,35.0,65.0,healthy,45.234586,45.97525,48.476317,50.934095,73.9866755,75.878016,80.15915700000001,83.28946400000001,27.651630499999996,28.282459000000003,29.705351,30.84101249999999,-0.7013336404663025,-0.7131324525137969,-0.7193916952530018,-0.7076096288977379,0.7406640000000024,1.6373842793653566,0.0308610000000001,50.41923400000002,50.934095,5.699508999999999,0.033925648809523805,0.13481568452380951,-0.1008900357142857,0.7131324525137969,0,19.19,0,NORMAL,PASS,Abnormal early drift,validation
RF_MMIC_0168,LOT_I09,RF MMIC,Supply Current (mA),mA,35.0,65.0,healthy,46.615166,47.519172,50.980824,54.303454,73.9866755,75.878016,80.15915700000001,83.28946400000001,27.651630499999996,28.282459000000003,29.705351,30.84101249999999,-0.6676579245725074,-0.6763124177935974,-0.6625242699684312,-0.6339219861571079,0.9040059999999954,1.9392958935295765,0.037666916666666474,52.94320799999997,54.303454,7.688288,0.045763619047619046,0.13481568452380951,-0.08905206547619046,0.6763124177935974,0,20.9,0,NORMAL,PASS,Abnormal early drift,validation
RF_MMIC_0172,LOT_I09,RF MMIC,Supply Current (mA),mA,35.0,65.0,lot_outlier,50.085366,50.662655,52.005794,53.424042,73.9866755,75.878016,80.15915700000001,83.28946400000001,27.651630499999996,28.282459000000003,29.705351,30.84101249999999,-0.5830112765733712,-0.6013454484762629,-0.6392512645849658,-0.6531546643246238,0.5772890000000004,1.1526101256802246,0.02405370833333335,54.126389,53.424042,3.3386759999999995,0.019873071428571427,0.13481568452380951,-0.1149426130952381,0.6013454484762629,0,14.58,0,NORMAL,PASS,Within learned lot behavior,validation
RF_MMIC_0176,LOT_I09,RF MMIC,Supply Current (mA),mA,35.0,65.0,healthy,46.850676,47.750342,50.83525,54.025618,73.9866755,75.878016,80.15915700000001,83.28946400000001,27.651630499999996,28.282459000000003,29.705351,30.84101249999999,-0.6619132608441124,-0.6707993883618847,-0.6658296784054513,-0.6399982398031236,0.8996660000000034,1.9202839250387838,0.037486083333333475,53.148338000000024,54.025618,7.1749420000000015,0.042707988095238104,0.13481568452380951,-0.09210769642857142,0.6707993883618847,0,20.71,0,NORMAL,PASS,Abnormal early drift,validation
RF_MMIC_0180,LOT_I09,RF MMIC,Supply Current (mA),mA,35.0,65.0,healthy,46.746786,47.507338,49.04644,50.82592,73.9866755,75.878016,80.15915700000001,83.28946400000001,27.651630499999996,28.282459000000003,29.705351,30.84101249999999,-0.6644473915168777,-0.6765946394931902,-0.7064464620771652,-0.7099754084877037,0.760551999999997,1.6269610492580109,0.03168966666666654,52.07064999999998,50.82592,4.079134000000003,0.024280559523809545,0.13481568452380951,-0.11053512499999997,0.6765946394931902,0,18.72,0,NORMAL,PASS,Abnormal early drift,validation
RF_MMIC_0183,LOT_J10,RF MMIC,Supply Current (mA),mA,35.0,65.0,latent_defect,46.858589,48.513001,55.192782,62.287279,77.772313,79.484622,82.7617995,86.8653165,27.557035499999998,27.853060499999998,28.019669999999994,26.263994000000004,-0.7566496468391837,-0.7500099377054549,-0.6636426321794134,-0.6311933813196591,1.6544120000000007,3.5306483513620113,0.06893383333333336,58.43947300000001,62.287279,15.428689999999996,0.09183744047619045,0.13481568452380951,-0.04297824404761906,0.7566496468391837,1,32.91,0,NORMAL,PASS,Abnormal early drift,validation
RF_MMIC_0187,LOT_J10,RF MMIC,Supply Current (mA),mA,35.0,65.0,healthy,47.44284,49.151317,54.291477,59.541015,77.772313,79.484622,82.7617995,86.8653165,27.557035499999998,27.853060499999998,28.019669999999994,26.263994000000004,-0.7423494184740913,-0.7345524534686307,-0.6853388867737771,-0.7017207234704085,1.708477000000002,3.6011271669234013,0.07118654166666676,59.40217900000001,59.541015,12.098175000000005,0.07201294642857145,0.13481568452380951,-0.06280273809523806,0.7423494184740913,0,33.25,0,NORMAL,PASS,Abnormal early drift; Predicted value near limit,validation
RF_MMIC_0191,LOT_J10,RF MMIC,Supply Current (mA),mA,35.0,65.0,lot_outlier,52.173726,53.546588,57.87638,61.66163,77.772313,79.484622,82.7617995,86.8653165,27.557035499999998,27.853060499999998,28.019669999999994,26.263994000000004,-0.6265554358035971,-0.6281164058071734,-0.5990429401362927,-0.6472607954827818,1.3728619999999978,2.631328266645165,0.057202583333333244,61.78375999999999,61.66163,9.487904,0.05647561904761905,0.13481568452380951,-0.07834006547619046,0.6281164058071734,0,25.22,0,NORMAL,PASS,Abnormal early drift; Predicted value near limit,validation
RF_MMIC_0195,LOT_J10,RF MMIC,Supply Current (mA),mA,35.0,65.0,latent_defect,47.664981,49.501546,57.736871,66.065367,77.772313,79.484622,82.7617995,86.8653165,27.557035499999998,27.853060499999998,28.019669999999994,26.263994000000004,-0.7369122569985439,-0.7260712948469156,-0.6024012070739053,-0.5341675655016458,1.8365650000000002,3.853069824993742,0.07652354166666668,60.520936,66.065367,18.400385999999997,0.10952610714285713,0.13481568452380951,-0.02528957738095239,0.7369122569985439,1,34.95,1,CRITICAL,HOLD / REJECT,Abnormal early drift; Predicted value near limit,validation
RF_MMIC_0199,LOT_J10,RF MMIC,Supply Current (mA),mA,35.0,65.0,lot_outlier,52.274952,53.927267,59.194901,64.740881,77.772313,79.484622,82.7617995,86.8653165,27.557035499999998,27.853060499999998,28.019669999999994,26.263994000000004,-0.6240778107477823,-0.6188978688414855,-0.5673034431801957,-0.5681819491500776,1.6523150000000015,3.1608159104574622,0.0688464583333334,63.84115700000001,64.740881,12.465929000000003,0.07420195833333335,0.13481568452380951,-0.06061372619047617,0.6240778107477823,0,28.89,0,NORMAL,PASS,Abnormal early drift; Predicted value near limit,validation
RF_MMIC_0202,LOT_K11,RF MMIC,Supply Current (mA),mA,35.0,65.0,sudden_jump,47.077451,47.419791,54.696749,56.833811,75.383627,76.4921145,82.0986445,87.8515675,27.9853855,28.7926415,29.293296,32.4378495,-0.6822223030702284,-0.6810425350263285,-0.6309404481794504,-0.6449623036491707,0.342339999999993,0.7271846557707488,0.014264166666666375,49.473830999999954,56.833811,9.756359999999994,0.05807357142857139,0.13481568452380951,-0.07674211309523812,0.6822223030702284,0,12.48,0,NORMAL,PASS,Within learned lot behavior,test
RF_MMIC_0206,LOT_K11,RF MMIC,Supply Current (mA),mA,35.0,65.0,healthy,45.569677,45.949332,47.288474,48.489988,75.383627,76.4921145,82.0986445,87.8515675,27.9853855,28.7926415,29.293296,32.4378495,-0.7185619715153555,-0.7154892184849891,-0.8015191714191114,-0.8184581302516181,0.37965499999999963,0.8331307680763234,0.015818958333333317,48.227261999999996,48.489988,2.920310999999998,0.01738280357142856,0.13481568452380951,-0.11743288095238096,0.7185619715153555,0,13.62,0,NORMAL,PASS,Within learned lot behavior,test
RF_MMIC_0210,LOT_K11,RF MMIC,Supply Current (mA),mA,35.0,65.0,gradual_drift,46.949249,49.864206,58.83688,67.423767,75.383627,76.4921145,82.0986445,87.8515675,27.9853855,28.7926415,29.293296,32.4378495,-0.6853121681123383,-0.6237801497802237,-0.5356121484031945,-0.424761902717422,2.914957000000001,6.208740420959664,0.12145654166666671,67.353948,67.423767,20.474517999999996,0.12187213095238093,0.13481568452380951,-0.012943553571428582,0.6853121681123383,1,42.42,1,CRITICAL,HOLD / REJECT,Abnormal early drift; Predicted value near limit,test
RF_MMIC_0214,LOT_K11,RF MMIC,Supply Current (mA),mA,35.0,65.0,lot_outlier,49.268899,50.563405,54.624129,58.295054,75.383627,76.4921145,82.0986445,87.8515675,27.9853855,28.7926415,29.293296,32.4378495,-0.6294050415079939,-0.6074008514607112,-0.6326125549629679,-0.6145782024821109,1.2945060000000055,2.6274303389649636,0.05393775000000023,58.330441000000036,58.295054,9.026155000000003,0.05372711309523811,0.13481568452380951,-0.0810885714285714,0.6294050415079939,0,25.21,0,NORMAL,PASS,Abnormal early drift,test
RF_MMIC_0218,LOT_K11,RF MMIC,Supply Current (mA),mA,35.0,65.0,healthy,47.365477,48.361077,51.224522,53.993625,75.383627,76.4921145,82.0986445,87.8515675,27.9853855,28.7926415,29.293296,32.4378495,-0.6752804342334027,-0.6589921542363378,-0.7108899706335006,-0.7040192153040198,0.9956000000000031,2.1019528632636875,0.04148333333333346,54.33467700000002,53.993625,6.628148000000003,0.03945326190476192,0.13481568452380951,-0.0953624226190476,0.6752804342334027,0,22.03,0,NORMAL,PASS,Abnormal early drift,test
RF_MMIC_0221,LOT_L12,RF MMIC,Supply Current (mA),mA,35.0,65.0,latent_defect,48.502538,49.992606,56.96075,64.66658,76.024201,77.4027985,85.1287215,94.5769145,28.510897499999995,29.090079000000003,28.675514999999997,28.967647999999997,-0.6510881454689006,-0.6355404382616037,-0.6625525815299251,-0.6964405336982834,1.4900680000000008,3.072144389639983,0.0620861666666667,58.93301400000001,64.66658,16.164041999999995,0.09621453571428569,0.13481568452380951,-0.038601148809523825,0.6510881454689006,1,28.56,0,NORMAL,PASS,Abnormal early drift; Predicted value near limit,test
RF_MMIC_0225,LOT_L12,RF MMIC,Supply Current (mA),mA,35.0,65.0,healthy,47.791811,47.900328,49.122705,50.370661,76.024201,77.4027985,85.1287215,94.5769145,28.510897499999995,29.090079000000003,28.675514999999997,28.967647999999997,-0.6679020249341304,-0.6840525848685679,-0.8469150567936379,-1.0293106812410142,0.10851699999999909,0.22706191234309805,0.004521541666666629,48.551429999999996,50.370661,2.5788499999999956,0.015350297619047593,0.13481568452380951,-0.11946538690476192,0.6840525848685679,0,9.0,0,NORMAL,PASS,Within learned lot behavior,test
RF_MMIC_0229,LOT_L12,RF MMIC,Supply Current (mA),mA,35.0,65.0,healthy,47.472669,48.909553,53.648183,58.43319,76.024201,77.4027985,85.1287215,94.5769145,28.510897499999995,29.090079000000003,28.675514999999997,28.967647999999997,-0.6754520618966946,-0.6606524099590131,-0.7404690838716304,-0.8415805172832058,1.4368839999999992,3.0267605135072544,0.059870166666666634,57.530857,58.43319,10.960521,0.06524119642857143,0.13481568452380951,-0.06957448809523809,0.6754520618966946,0,28.5,0,NORMAL,PASS,Abnormal early drift,test
RF_MMIC_0233,LOT_L12,RF MMIC,Supply Current (mA),mA,35.0,65.0,sudden_jump,46.26964,47.249789,55.945663,59.808379,76.024201,77.4027985,85.1287215,94.5769145,28.510897499999995,29.090079000000003,28.675514999999997,28.967647999999997,-0.7039124758097386,-0.6991361652252643,-0.6864289374232653,-0.8095602347585819,0.9801489999999973,2.1183415302128936,0.040839541666666555,53.13068299999998,59.808379,13.538739,0.08058773214285714,0.13481568452380951,-0.05422795238095238,0.7039124758097386,0,22.45,0,NORMAL,PASS,Abnormal early drift,test
RF_MMIC_0237,LOT_L12,RF MMIC,Supply Current (mA),mA,35.0,65.0,accelerating_drift,46.913509,49.47649,61.398255,76.137082,76.024201,77.4027985,85.1287215,94.5769145,28.510897499999995,29.090079000000003,28.675514999999997,28.967647999999997,-0.6886802758829059,-0.6475072491051914,-0.5581758644027457,-0.4293581801168739,2.5629810000000006,5.4632046389878886,0.10679087500000002,64.854376,76.137082,29.22357300000001,0.17394983928571434,0.13481568452380951,0.03913415476190482,0.6886802758829059,1,42.46,1,CRITICAL,HOLD / REJECT,Abnormal early drift; Predicted value near limit; Drift above learned safety slope,test
